fw_ID,model,S_post,L_post,persistence,biomass_shannon,gini_fluxes_formula,skewness_IS,resilience,reactivity
adbm_1,ADBM,9.0,16.0,0.6,1.8884122256036404,0.7237463112136342,4.192243447179749,-0.01739269530338574,0.19447024873844013
adbm_10,ADBM,7.0,5.0,0.4666666666666667,1.0861403370772327,0.6825731678088993,1.0453401121287034,-0.0007308783646303114,0.0938912968347125
adbm_100,ADBM,6.0,10.0,0.4,1.1315722739539553,0.38647441771858215,1.9147689026111334,-0.0005613546311032049,-0.0005613538814887312
adbm_11,ADBM,2.0,1.0,0.13333333333333333,0.6657027806950705,0.0,NaN,-0.2594021574744979,0.00010899771545167287
adbm_12,ADBM,10.0,17.0,0.6666666666666666,1.4519203002367298,0.9104225577192513,5.0662696411951185,1.1967378977330075e-5,0.12497369549803503
adbm_13,ADBM,11.0,21.0,0.7333333333333333,1.7392732341147874,0.883735244256109,3.9049185083335787,-0.0006771049023749252,0.1871038714295402
adbm_14,ADBM,7.0,15.0,0.4666666666666667,0.7410961974171186,0.7432507317039645,3.8018638173061263,-0.0007529291311331281,-0.0007529214780982384
adbm_15,ADBM,2.0,1.0,0.13333333333333333,0.6885084387701896,0.0,NaN,-0.31841610624465116,0.005271308376950782
adbm_16,ADBM,9.0,12.0,0.6,1.7751680762203568,0.8103370849052225,3.358191401977762,-0.00041647755263659225,0.007691480881847279
adbm_17,ADBM,7.0,6.0,0.4666666666666667,1.4921479678527283,0.7265566118389544,2.570232727561365,-0.0015255938124041446,0.08073806233715025
adbm_18,ADBM,10.0,14.0,0.6666666666666666,1.6021703918077503,0.9048128521310062,4.549083793224023,-0.0008727204550621012,0.047588421260641216
adbm_19,ADBM,7.0,10.0,0.4666666666666667,1.49942228777164,0.8415052451762044,4.13006085514143,-0.003069140815640517,0.10121063192387832
adbm_2,ADBM,4.0,6.0,0.26666666666666666,1.27797717753189,0.5219150273815791,1.8459516251230943,-0.0347951971060478,0.06528552231690046
adbm_20,ADBM,11.0,25.0,0.7333333333333333,1.5341719787525079,0.9409941595377929,5.78196947314541,-0.00044592737587663596,0.2749932058080568
adbm_21,ADBM,5.0,8.0,0.3333333333333333,1.1879803975837466,0.750369052969655,2.0366243145974727,0.0006341152835244385,0.05779965317031889
adbm_22,ADBM,6.0,5.0,0.4,1.71501526732461,0.5331090952093034,0.962475072521128,-0.008023445972776343,0.0021158245364421326
adbm_23,ADBM,9.0,9.0,0.6,1.770677624156606,0.7621341118251608,2.281948374036997,-0.0009295673453195892,0.005921549706903808
adbm_24,ADBM,4.0,2.0,0.26666666666666666,0.6565098685038147,0.5,0.0707682055701824,-0.0017423196159910635,0.004246141210261348
adbm_25,ADBM,9.0,13.0,0.6,1.75489160447664,0.8480599819480765,4.162315391833033,-0.0009229425867439729,0.4210641392887057
adbm_26,ADBM,11.0,32.0,0.7333333333333333,1.3889183756930956,0.9628871465860129,5.819686508724304,-0.0003535641071915733,0.004215756751096609
adbm_27,ADBM,11.0,22.0,0.7333333333333333,2.0235612055792753,0.8936326693343672,5.994823529383587,-0.0004865493440240716,0.1586635999421913
adbm_28,ADBM,7.0,18.0,0.4666666666666667,0.21553399865280537,0.8428077330618811,3.891471649045111,-0.0006550116979600684,-0.0006550111527363725
adbm_29,ADBM,7.0,8.0,0.4666666666666667,1.3459083089854496,0.8749996399950197,2.7766054409854464,-0.0008358610670397848,0.005120952588158262
adbm_3,ADBM,7.0,9.0,0.4666666666666667,1.395356153875166,0.836580862638469,2.9967962279078546,-0.000935088564764966,0.07470442687789346
adbm_30,ADBM,14.0,51.0,0.9333333333333333,2.121182148593694,0.9498631551409029,8.304653354619374,-0.00033679130417121206,0.07885703078193154
adbm_31,ADBM,4.0,5.0,0.26666666666666666,0.9828649808731851,0.6351660756411401,1.0116443785188936,-0.0006021477231755483,0.12480584601927935
adbm_32,ADBM,0.0,0.0,0.0,NaN,NaN,NaN,NaN,NaN
adbm_33,ADBM,6.0,12.0,0.4,1.4412626584031876,0.7409708039259515,3.6111680662193484,-0.003058684562610033,0.059026910007023224
adbm_34,ADBM,7.0,5.0,0.4666666666666667,1.1521949588264087,0.7219583156983294,1.7758193423426387,-0.002316416674122895,0.08727103341192101
adbm_35,ADBM,8.0,19.0,0.5333333333333333,1.727148997755543,0.7006471214792647,4.542829027114526,-0.002199976529998388,0.15557029413609758
adbm_36,ADBM,6.0,5.0,0.4,1.1334910944745558,0.719600059318978,0.6889794534374879,0.0007791418315228255,0.017738210888393374
adbm_37,ADBM,8.0,12.0,0.5333333333333333,1.3248891357401915,0.9072797764759066,4.894184655987939,-0.0006736472562134676,0.01614878637552629
adbm_38,ADBM,5.0,3.0,0.3333333333333333,0.9974526853978694,0.6666666314894976,0.9473652234272851,-0.0004286566518456484,0.0001718044713328568
adbm_39,ADBM,9.0,8.0,0.6,1.6635577945732904,0.6641488675046028,2.2880345855765296,-0.0011298193672988806,0.3211932293495013
adbm_4,ADBM,14.0,35.0,0.9333333333333333,1.8682939111398058,0.927190993907234,3.5235827881082877,-0.0009779807912633411,0.036991746321908714
adbm_40,ADBM,4.0,2.0,0.26666666666666666,1.2841515866574262,0.09038555083384425,0.3306347321194163,-0.03215956770724218,0.07661621682284094
adbm_41,ADBM,7.0,12.0,0.4666666666666667,1.4684570585728403,0.8497027257921272,2.5966112599755515,-0.0015459918122506073,0.03334884623655902
adbm_42,ADBM,4.0,4.0,0.26666666666666666,1.011696669134629,0.4897263056123111,-0.7696978199245272,-0.001111934501755758,0.02705379767824597
adbm_43,ADBM,11.0,22.0,0.7333333333333333,1.9171978750661272,0.924393224376499,8.426776265533146,-0.0012381999271483285,0.02295704857154933
adbm_44,ADBM,4.0,4.0,0.26666666666666666,1.2784738763356696,0.4163400629278211,0.6681683212725105,-0.01186758624522367,0.07484841979921723
adbm_45,ADBM,0.0,0.0,0.0,NaN,NaN,NaN,NaN,NaN
adbm_46,ADBM,4.0,6.0,0.26666666666666666,1.1690269930201798,0.6035542586908147,1.8764698028682012,-0.02037426952118656,0.08360988316755615
adbm_47,ADBM,5.0,5.0,0.3333333333333333,1.0738260460894706,0.7439061189368235,2.533414055177014,-0.002048764060065262,0.007588358357943401
adbm_48,ADBM,4.0,3.0,0.26666666666666666,1.0982099303170378,0.46128349646378064,0.9963669928745945,-0.01572017134305781,0.0442038415876686
adbm_49,ADBM,14.0,43.0,0.9333333333333333,2.068770428058209,0.9408098621822598,5.888566670942727,-2.358324673631177e-5,0.0022043664006582606
adbm_5,ADBM,14.0,44.0,0.9333333333333333,1.8713379114056514,0.9373613891580657,8.619914404080038,-0.0006057647785278062,0.03190824595244708
adbm_50,ADBM,12.0,28.0,0.8,1.9325093304797212,0.9099730561966808,6.214623839799891,-0.0008300626770669348,0.25994724944045655
adbm_51,ADBM,7.0,7.0,0.4666666666666667,1.7884120217000106,0.7163787407228288,1.210651787443806,-0.00036097865503363375,0.008794519648354772
adbm_52,ADBM,7.0,7.0,0.4666666666666667,1.1977032951353364,0.7977200971105209,2.6181091140422477,-0.0009939250329576528,0.170228938629921
adbm_53,ADBM,9.0,18.0,0.6,1.590407105252683,0.9311504669195765,4.206254444197241,-0.0007032591573419581,0.004782694464848894
adbm_54,ADBM,5.0,4.0,0.3333333333333333,1.3132644746447246,0.5629317528700553,1.122032485594298,-0.0013791308356372648,0.2925980015935393
adbm_55,ADBM,9.0,19.0,0.6,1.106215641133454,0.9434915976412286,6.031782345711384,-0.00046310792378162426,0.02141397835196309
adbm_56,ADBM,10.0,16.0,0.6666666666666666,1.8728199358220998,0.8727972793153969,5.065708995012155,-0.0007558441598585372,0.5418601778803913
adbm_57,ADBM,5.0,8.0,0.3333333333333333,1.3364250611481068,0.680648970427312,1.911460693729361,-0.000991746095422026,0.10058488531902543
adbm_58,ADBM,11.0,12.0,0.7333333333333333,2.083834491952192,0.6641806660314147,1.511779348328132,-0.0007847488426973958,0.0834630588560587
adbm_59,ADBM,5.0,9.0,0.3333333333333333,1.4539089901225584,0.6719621539456144,2.7808571264503334,-0.011941024848969658,0.08722327958563468
adbm_6,ADBM,7.0,11.0,0.4666666666666667,1.3977261384703015,0.8730606054069057,4.178231524560324,-0.0017268528433370472,0.09379791294987914
adbm_60,ADBM,5.0,5.0,0.3333333333333333,1.4117984950712632,0.7415241958290315,1.2651821059898658,-0.0003400533188646554,0.00750461333778285
adbm_61,ADBM,7.0,7.0,0.4666666666666667,1.3552602732868235,0.8248809977760005,2.950844419892755,-0.002557056821684295,0.021186401872358672
adbm_62,ADBM,4.0,6.0,0.26666666666666666,1.3448695525492447,0.5520907960219801,1.9408762174025187,-0.03358691628036813,0.014237567560411068
adbm_63,ADBM,8.0,8.0,0.5333333333333333,1.4126164443294527,0.8197772094293743,3.3838892971795373,-0.0007173829709766851,0.2474565339766546
adbm_64,ADBM,12.0,30.0,0.8,1.7360574570319052,0.9427742292487022,7.119017925596256,-0.0007358025799441369,0.2738271137505955
adbm_65,ADBM,3.0,2.0,0.2,1.0083897720003927,0.03694661591295656,0.10848441648735983,-0.16331708382371998,0.0029429199502346176
adbm_66,ADBM,10.0,22.0,0.6666666666666666,1.9729916646895118,0.8328077470966622,7.72452081561527,-0.001233211355398533,0.09510578853274045
adbm_67,ADBM,10.0,21.0,0.6666666666666666,1.7263554783618722,0.9183069574081733,5.926455402377574,-0.0015955361944245613,0.18034588212625788
adbm_68,ADBM,4.0,4.0,0.26666666666666666,1.2783481981686964,0.3361732363968357,2.2288698967196026,-0.03791152144616234,0.049370930946103044
adbm_69,ADBM,15.0,42.0,1.0,1.968316474676663,0.945539281973574,4.963802097209728,-0.0005424178920486329,0.006867493357368777
adbm_7,ADBM,10.0,15.0,0.6666666666666666,2.030487727648112,0.8406434686634883,3.957243843001877,0.04343573560892519,0.6087476999515882
adbm_70,ADBM,6.0,9.0,0.4,1.4289781821062089,0.6723076493102529,2.700060443339386,-0.005191650636425318,0.011430919837748122
adbm_71,ADBM,6.0,9.0,0.4,1.2501324271085288,0.8721287665611588,2.424947436735994,-0.002099608710474647,0.003843678484085514
adbm_72,ADBM,9.0,17.0,0.6,1.421154359654932,0.8967086107597824,5.119096631330396,-0.0015441314104780804,0.2078150116070061
adbm_73,ADBM,0.0,0.0,0.0,NaN,NaN,NaN,NaN,NaN
adbm_74,ADBM,4.0,3.0,0.26666666666666666,0.935445860992283,0.5112958701516324,1.1689260198926765,-0.016853529902702256,0.20694508285628074
adbm_75,ADBM,9.0,22.0,0.6,1.393143182231528,0.9442158916562511,6.207647393335235,-0.000689727188052666,0.0006882744226648773
adbm_76,ADBM,9.0,10.0,0.6,1.7698353340966626,0.7742154789817464,2.5201552468500052,-0.0009935069864315468,0.2726521410014761
adbm_77,ADBM,2.0,1.0,0.13333333333333333,0.6834428640190453,0.0,NaN,-0.07655810336733741,2.376743936737235e-5
adbm_78,ADBM,6.0,5.0,0.4,0.8603449749381189,0.7271662613161043,1.820932886783505,-0.0007395387995520675,0.06388452276971807
adbm_79,ADBM,9.0,9.0,0.6,1.8032435876399227,0.7055431133702117,2.20533211021716,-0.0011103365689820286,0.3162079121341651
adbm_8,ADBM,10.0,18.0,0.6666666666666666,1.9373315043403219,0.8025379376177835,4.240145218711481,-0.0033326347780545254,0.05907002275150595
adbm_80,ADBM,2.0,1.0,0.13333333333333333,0.6646205123613133,0.0,NaN,-0.19850915853767045,0.004384626376032491
adbm_81,ADBM,8.0,5.0,0.5333333333333333,1.5157907686555288,0.5426360813266056,0.9992059251513495,-0.0014623958038372782,0.22315294291828036
adbm_82,ADBM,5.0,5.0,0.3333333333333333,1.2189196884572286,0.48506194884129705,1.308095139925349,-0.0034957710166359894,0.13669904216132722
adbm_83,ADBM,8.0,5.0,0.5333333333333333,1.624140259955923,0.5657770459657532,1.6199419522393401,-0.0008381868569825495,0.2533304870657293
adbm_84,ADBM,10.0,28.0,0.6666666666666666,1.6408653326055425,0.9229803575720412,6.148733066524046,-0.0007935048692585799,0.008477116351585325
adbm_85,ADBM,5.0,9.0,0.3333333333333333,1.575492295906237,0.4044746457069608,1.1634167010738534,-0.025639067856776714,0.02340948306001668
adbm_86,ADBM,7.0,8.0,0.4666666666666667,1.5655820747556684,0.7828908207133012,3.8370994539707057,-0.0011760133440489168,0.4015702309571403
adbm_87,ADBM,8.0,26.0,0.5333333333333333,1.8890722052529811,0.6629505402406797,1.964895859009065,-0.0013983610757838866,0.05991806332284851
adbm_88,ADBM,5.0,3.0,0.3333333333333333,1.2075010831037662,0.41873883282004676,1.063488675703298,-0.005236954624826331,0.17504947277752503
adbm_89,ADBM,5.0,4.0,0.3333333333333333,0.9976190351112202,0.7499997538812349,0.9475952270614183,-0.0006578571116866751,0.0002484113606686256
adbm_9,ADBM,9.0,19.0,0.6,1.5700337189464453,0.9383724672179248,6.420422340154478,-0.0015475913607558385,0.007048857823523553
adbm_90,ADBM,14.0,27.0,0.9333333333333333,2.2815725970942737,0.8765052916108089,4.167278336993218,0.3296743412810367,0.949931169390053
adbm_91,ADBM,10.0,20.0,0.6666666666666666,1.7637674002836419,0.917215425774293,7.114504351068888,-0.0009515341261273467,0.04456181891121092
adbm_92,ADBM,8.0,8.0,0.5333333333333333,1.6782383304629587,0.746157281840431,2.4024590251765545,-0.002274388468286601,0.025713126505025025
adbm_93,ADBM,6.0,5.0,0.4,1.2953641634417765,0.71223516104,1.8017725388906647,-0.0007946455883081556,0.3865692238839856
adbm_94,ADBM,7.0,9.0,0.4666666666666667,1.2656230640094055,0.888888458178801,2.479667302736095,-0.0012777591770278998,0.0008355718414768345
adbm_95,ADBM,8.0,17.0,0.5333333333333333,1.704709467233487,0.732490557040351,4.222617640557472,-0.0026990933438245895,0.08065123220530722
adbm_96,ADBM,8.0,15.0,0.5333333333333333,1.6499593802561545,0.8363300581450905,4.218680653307042,-0.0011807112611796722,0.16192585028530093
adbm_97,ADBM,11.0,35.0,0.7333333333333333,2.0237425978372516,0.9379840292906056,7.2511253241855655,-0.0018323106147102748,0.4182090960411644
adbm_98,ADBM,11.0,21.0,0.7333333333333333,1.4587805096900963,0.9246541105976771,3.4018076421839143,-0.0009025106942192433,0.09883301190124856
adbm_99,ADBM,9.0,23.0,0.6,1.6822122357196425,0.8864175845165654,4.981669349922073,-0.00025446921052435685,0.022392338151833197
atn_1,ATN,9.0,12.0,0.6,2.007761766380603,0.5628044509600942,3.542528320403508,-0.005815635633847262,0.06172509014801481
atn_10,ATN,10.0,14.0,0.6666666666666666,1.847299561742822,0.8217870392695392,2.965112747699741,-0.000730877264025936,0.17160875256538807
atn_100,ATN,12.0,21.0,0.8,1.8690720851715759,0.8413764434996849,5.170724734073948,-0.0005665002932606487,0.005132536620971373
atn_11,ATN,6.0,5.0,0.4,1.7258775014201462,0.7159400784655527,1.7850317226885295,-0.003354254564792218,0.0017533087797299747
atn_12,ATN,7.0,6.0,0.4666666666666667,1.1185289218606564,0.7633932236719259,1.635620422281769,-0.001004342372625604,0.02635678145562582
atn_13,ATN,11.0,16.0,0.7333333333333333,1.7403495521267172,0.72867628074647,3.0135654772421856,0.0001886093714715156,0.09697416532756348
atn_14,ATN,11.0,22.0,0.7333333333333333,1.604610213953108,0.954542397482564,5.06235443511465,-0.0007529321377437926,2.075677210149162e-6
atn_15,ATN,4.0,3.0,0.26666666666666666,1.289391164475867,0.5895619631063391,0.943565270171137,-0.024283758285427823,0.02718319782910262
atn_16,ATN,15.0,26.0,1.0,2.3045736724617796,0.5755394091346175,5.665746268278455,-0.0003963186625100768,0.025813069572181272
atn_17,ATN,14.0,26.0,0.9333333333333333,1.6652647187296141,0.7205316584010042,1.4042159417560953,-0.001190590127524113,0.03151269428260831
atn_18,ATN,9.0,13.0,0.6,1.4341855399594752,0.8639424222684948,3.6186838174922724,-0.0008708578407682823,0.050294344639255265
atn_19,ATN,10.0,15.0,0.6666666666666666,1.9521907027460923,0.8608203112893957,2.857284892132594,-0.00020354064216457905,0.02492407675030256
atn_2,ATN,7.0,10.0,0.4666666666666667,1.5969400618164047,0.7775420221722349,3.420317681494903,-0.003459150646871645,0.06527950250067127
atn_20,ATN,15.0,28.0,1.0,1.8997746270094458,0.9031977109747495,3.265692782412113,-0.00044842492577969314,0.07982044411616768
atn_21,ATN,8.0,9.0,0.5333333333333333,1.3415417134737002,0.8320324066131368,2.1563003279443413,-0.0011031979480057058,0.04255222693903992
atn_22,ATN,9.0,13.0,0.6,1.7963017763921814,0.7434500018055867,2.1005612896290744,-0.0027556378045683273,0.012654161843841329
atn_23,ATN,12.0,17.0,0.8,1.9998366659695868,0.8001980779221787,2.3151772712630647,-0.0008211217385932004,0.10326324591862042
atn_24,ATN,8.0,16.0,0.5333333333333333,1.2413301260879286,0.7281778263466319,1.4800190945079483,-0.0014984784928408082,0.09565526307274905
atn_25,ATN,15.0,29.0,1.0,2.3395323371160184,0.7821495655020458,2.419654094894066,-0.0009174457455328557,0.005205026652443031
atn_26,ATN,13.0,25.0,0.8666666666666667,1.9594678794847238,0.8410105588868324,4.475674039339856,-0.0007547305887409512,0.003873755823146689
atn_27,ATN,15.0,24.0,1.0,2.2975415317293106,0.8263291097305774,5.197400805462688,-0.0004913727394799855,0.010234563071397937
atn_28,ATN,14.0,37.0,0.9333333333333333,1.6714688547078822,0.9113681596265057,3.467618935109158,-0.0001665120506813505,0.0021070980865289845
atn_29,ATN,13.0,20.0,0.8666666666666667,2.003568963276509,0.8963810604895797,4.336117002360406,-0.0008258626459515067,0.044994417031054675
atn_3,ATN,13.0,19.0,0.8666666666666667,1.9814614643856765,0.8380894244896844,4.4063535097681115,-0.0006977954701122352,0.012638343057331724
atn_30,ATN,12.0,20.0,0.8,2.1341142722475612,0.8535892380440027,5.380702534762047,-0.0004453591952368526,0.010333618595372226
atn_31,ATN,2.0,1.0,0.13333333333333333,0.670266607327128,0.0,NaN,-0.2682433099399192,0.00018490056463606465
atn_32,ATN,4.0,3.0,0.26666666666666666,1.0868943815586996,0.6451528021879782,1.0701321568098965,-0.0028870738271493247,0.007745022198918259
atn_33,ATN,8.0,20.0,0.5333333333333333,1.683741289650067,0.6113101337015496,1.6796395224830247,-0.03292617000949692,0.07408252624001997
atn_34,ATN,11.0,14.0,0.7333333333333333,1.5548285249317446,0.7745595713132052,1.3990707433737735,-0.002165342780473651,0.07129771451950162
atn_35,ATN,10.0,21.0,0.6666666666666666,1.9946250161636703,0.7142506600681737,4.746795707288884,-0.0026997112983581082,0.16097589171454194
atn_36,ATN,14.0,34.0,0.9333333333333333,2.30058988839488,0.6943615822987292,1.8276159638970275,-0.0006497748176116269,0.0073521701850440425
atn_37,ATN,8.0,6.0,0.5333333333333333,1.3343768047625453,0.8145586313314093,3.2552099444977585,-0.0006711165312564366,0.016148785832660655
atn_38,ATN,13.0,20.0,0.8666666666666667,2.169380688335532,0.8368495240501181,4.06214945748821,-8.633415500947045e-5,0.1295088011828999
atn_39,ATN,6.0,6.0,0.4,1.2182725171164728,0.720623909562357,1.4205325831923952,-0.0011189022114488443,0.09003126410834494
atn_4,ATN,15.0,28.0,1.0,2.0062915388368685,0.8315205402627497,3.876728256380151,-0.000958804553643046,0.10510621077650181
atn_40,ATN,13.0,27.0,0.8666666666666667,2.3012496084013274,0.7618615140171012,4.638452871664089,-0.002039797305560773,0.015438463417652868
atn_41,ATN,8.0,7.0,0.5333333333333333,1.9903750138252545,0.17969983195235528,1.5944347908056502,-0.015366827364821726,0.03167967629705898
atn_42,ATN,3.0,2.0,0.2,0.8951118823579469,0.02244595848151798,-0.33981487075869565,-0.22264199540974478,0.01576204879846551
atn_43,ATN,7.0,12.0,0.4666666666666667,1.498947854285536,0.7994466075859836,3.120475852832831,-0.001185120148438229,0.00334959349854648
atn_44,ATN,5.0,4.0,0.3333333333333333,1.5195736730858664,0.6116586783722715,1.4747554610288804,-0.023521023153075245,0.013611147468035233
atn_45,ATN,9.0,19.0,0.6,1.6928476273675466,0.7363678434640202,2.712275779365264,-0.005829015381784371,0.2677798759014617
atn_46,ATN,3.0,3.0,0.2,0.8859470338921869,0.6405807753243633,0.515010515626158,-0.0042111375172696535,0.03190757461449198
atn_47,ATN,4.0,5.0,0.26666666666666666,1.0082670884542813,0.7185589261300558,1.7974324910783768,-0.007728254505715512,0.012320383505758684
atn_48,ATN,14.0,35.0,0.9333333333333333,2.232709154467171,0.6251723126980369,3.5388745739673455,-0.000601598120204759,0.014936176680175748
atn_49,ATN,14.0,18.0,0.9333333333333333,1.9323020896275973,0.7663081826809619,2.410700106071685,9.068959097648347e-5,0.001585880384360057
atn_5,ATN,8.0,6.0,0.5333333333333333,0.8432997949954707,0.7978187729157491,2.154418303563897,-0.0006173234793379148,0.031900531014236864
atn_50,ATN,15.0,31.0,1.0,2.1951149996217394,0.6529216956872976,3.2037099152447137,-0.0008542689835747655,0.039980731417422505
atn_51,ATN,15.0,31.0,1.0,2.0281923674183946,0.7520787700711595,2.1009633656946436,-0.002943435945005408,0.07063815407570279
atn_52,ATN,13.0,23.0,0.8666666666666667,1.8976121135524848,0.8658087177502489,5.5464672065460805,-0.0010019889674523622,0.13292201617525765
atn_53,ATN,14.0,24.0,0.9333333333333333,2.0007207597598113,0.9130446528833263,3.492541237786297,0.002317768371490063,0.05670651710068108
atn_54,ATN,5.0,9.0,0.3333333333333333,1.3608581620967033,0.6979598104221005,2.6989586941339234,-0.001339902049207083,0.0910054470913524
atn_55,ATN,8.0,6.0,0.5333333333333333,1.4333850039755445,0.667838128582253,1.313357838562245,-0.00046464940405924676,0.0019967605718230683
atn_56,ATN,15.0,28.0,1.0,2.5098234780879323,0.8088569679964814,2.7222207307629933,-0.0005338286181767036,0.019165264013713417
atn_57,ATN,10.0,25.0,0.6666666666666666,1.946541099298435,0.6959961474751644,3.145454142021851,-0.00048171252594761394,0.061235053151140195
atn_58,ATN,15.0,42.0,1.0,2.278460310503337,0.6065990722563306,3.058708779806936,-0.006614877499595902,0.08380015865224275
atn_59,ATN,7.0,10.0,0.4666666666666667,1.684239846102603,0.5764306932506191,2.879829851565152,-0.008375858223664795,0.10302889104088135
atn_6,ATN,13.0,18.0,0.8666666666666667,1.7689422263065842,0.8467030420319868,1.9451123964812977,-0.0017067473803339525,0.07677652557608686
atn_60,ATN,13.0,14.0,0.8666666666666667,2.3153368664944245,0.6191103068461317,1.2656981266347018,-0.0003818790730608527,0.048210083686019124
atn_61,ATN,6.0,4.0,0.4,1.3386505334359686,0.4298404696422493,0.8426391755968027,-0.0025431280034546866,0.0031614266205122693
atn_62,ATN,7.0,6.0,0.4666666666666667,1.5154015510167316,0.6602736401957467,1.4260120448106894,-0.002085430397946482,0.03266029127351788
atn_63,ATN,7.0,7.0,0.4666666666666667,1.223903847966521,0.8571405782278947,2.661348713807207,-0.0007067130970623205,0.0006426724176971762
atn_64,ATN,9.0,9.0,0.6,1.2922841303606447,0.8414687590153447,3.2232522145453437,-0.0007395483040393442,0.016141952147960194
atn_65,ATN,3.0,2.0,0.2,0.9424427848976856,0.04837133795407178,0.3468960703383706,-0.2637788486082895,0.014538445314539603
atn_66,ATN,10.0,11.0,0.6666666666666666,2.036094801475609,0.732553041383528,3.776152683116701,-0.0024980046643986484,0.04678363970170231
atn_67,ATN,10.0,12.0,0.6666666666666666,1.6557299221424002,0.7089869211219695,1.4364208428712075,-0.0016390951837507682,0.10602326283745558
atn_68,ATN,3.0,2.0,0.2,0.8530542197113037,0.1384582511198691,0.4475241522256061,-0.1782477509960837,0.015119691784256173
atn_69,ATN,15.0,22.0,1.0,1.9401719032451177,0.8671697446628699,2.75833154602666,-0.0005508620801467281,0.041993495704928566
atn_7,ATN,15.0,31.0,1.0,2.4965117606163276,0.8075641710785797,6.854152374033981,0.0037333507976651673,0.5137185318481897
atn_70,ATN,8.0,9.0,0.5333333333333333,1.7323686178217879,0.728898654333795,3.1724089785226317,-0.0017411620800686057,0.008235910843755401
atn_71,ATN,14.0,29.0,0.9333333333333333,1.8682184154881165,0.8912724835621879,2.7601264495793245,-0.001172484771565373,0.12150578228421886
atn_72,ATN,15.0,33.0,1.0,2.280509964049192,0.6238118200744502,2.9071677783210963,-0.00011281020721654339,0.0632973773729103
atn_73,ATN,0.0,0.0,0.0,NaN,NaN,NaN,NaN,NaN
atn_74,ATN,14.0,32.0,0.9333333333333333,2.318691256722569,0.708853037084411,5.937448849391088,-0.0002729393109095511,0.2835243850267838
atn_75,ATN,10.0,11.0,0.6666666666666666,1.378065945635524,0.8884383100242399,3.92946426133427,-0.0006962799305020809,0.0006882792514423583
atn_76,ATN,15.0,24.0,1.0,1.6067983773150332,0.597392210001654,1.9277520752256017,-0.0010548373204880626,0.02653397303159883
atn_77,ATN,8.0,9.0,0.5333333333333333,1.93493452949073,0.6035795202778063,3.496894045273518,-0.007159219034248941,0.015786581262598413
atn_78,ATN,15.0,32.0,1.0,2.1208483236247466,0.8585575128055221,6.498406928263608,-0.0007395409375272463,0.07402778519015835
atn_79,ATN,14.0,29.0,0.9333333333333333,2.4287100797504553,0.5195233565768711,1.1027409988059103,-0.008798863062383578,0.02309531496622125
atn_8,ATN,15.0,41.0,1.0,2.5522417000201787,0.7547870600533992,5.660657201372568,-0.0007846302732815707,0.1235813420442962
atn_80,ATN,15.0,29.0,1.0,2.462514920901182,0.7804899584994154,3.7152897629731068,-0.0021788548547883283,0.20740419287502837
atn_81,ATN,15.0,36.0,1.0,2.244854528223326,0.5603786490672693,5.550011638751787,-2.9809387447214945e-5,0.11455439588544206
atn_82,ATN,6.0,12.0,0.4,1.6317440858891952,0.6910323082805678,2.770976977449005,-0.007644201262179891,0.15530707537720542
atn_83,ATN,12.0,27.0,0.8,1.8940792712757073,0.7885217992855464,5.575781550077538,-0.0010278535445705072,0.091761142366993
atn_84,ATN,13.0,16.0,0.8666666666666667,1.8428442019513624,0.8452576278239641,1.9537328479732483,-0.0007999520209375185,0.013076925800933658
atn_85,ATN,5.0,7.0,0.3333333333333333,1.3639376239973786,0.5575688759039388,1.0674370400399233,-0.03726057594929436,0.04552848661425723
atn_86,ATN,12.0,19.0,0.8,2.115211088927468,0.7247503426245732,2.7977734871963893,-0.001975650387161425,0.12970710274011693
atn_87,ATN,8.0,16.0,0.5333333333333333,1.8781798062198045,0.6211098112349094,1.4272959920816282,-0.014417751840071618,0.053376221868677826
atn_88,ATN,11.0,23.0,0.7333333333333333,1.819531423911278,0.8595968062966057,5.456063409702279,-0.0005999569888221079,0.07584015334235646
atn_89,ATN,9.0,16.0,0.6,1.6967993232314806,0.815575472338292,3.3953239381275586,-0.0006607615613568092,0.13836691646117855
atn_9,ATN,9.0,13.0,0.6,1.825290512035443,0.7552699437923927,2.516395926572509,-0.00020003205436430895,0.01277578502376846
atn_90,ATN,15.0,21.0,1.0,2.5979797005617127,0.5798180492835567,3.6649885248553264,0.00029176701464853636,0.045556280621920714
atn_91,ATN,7.0,5.0,0.4666666666666667,1.4852102130613147,0.5119191126364546,1.25203964419908,-0.000940766423762479,0.016445799865579792
atn_92,ATN,15.0,28.0,1.0,2.183360408893665,0.5407898666010416,2.9693832599809276,-0.002283634655108055,0.22604833561923798
atn_93,ATN,11.0,17.0,0.7333333333333333,1.8167952299637207,0.8742154339456913,3.9859995310400165,-0.0007554171897905592,0.02587022399477587
atn_94,ATN,8.0,9.0,0.5333333333333333,1.277897987311405,0.8349791799659811,1.8074666091570861,-0.0012493372785557324,0.058326289739220015
atn_95,ATN,8.0,13.0,0.5333333333333333,1.4616453249458277,0.704637704020056,3.3227933302283454,-0.0027686281655467247,0.15653426947748286
atn_96,ATN,0.0,0.0,0.0,NaN,NaN,NaN,NaN,NaN
atn_97,ATN,9.0,10.0,0.6,1.9219187451790638,0.8010198009634646,2.7063675648292156,-0.0016073301950383233,0.07799694688018942
atn_98,ATN,15.0,25.0,1.0,1.4453890822900102,0.6149911367480645,4.860513736894554,-0.0003896445942504202,0.08394821412184554
atn_99,ATN,10.0,17.0,0.6666666666666666,1.706013289556238,0.820088193344344,4.2160250881250345,-0.0004680535343934909,0.007646959768150503
cascade_1,Cascade,9.0,13.0,0.6,1.9541808543684756,0.6917479962098445,3.3585952751339527,-0.0012985837089664778,0.01009987386940816
cascade_10,Cascade,11.0,17.0,0.7333333333333333,2.164355006765812,0.7554907954050589,2.351695299421008,-0.00026980572075173425,0.007895069388032461
cascade_100,Cascade,7.0,9.0,0.4666666666666667,1.772842688475041,0.5425554076042924,2.6366688478246743,-0.005823772138225438,0.02154559213181554
cascade_11,Cascade,8.0,14.0,0.5333333333333333,1.6836367613772698,0.797679653201598,2.8545923921271403,-0.0003876478520954044,0.08724858427754992
cascade_12,Cascade,6.0,10.0,0.4,1.2619846034645439,0.8383270371676554,3.569828178129997,8.805615229536761e-8,0.010015437015383457
cascade_13,Cascade,9.0,8.0,0.6,2.0325135210429544,0.5743785573784919,1.5948350551602164,-0.012174857631896442,0.017448314821898542
cascade_14,Cascade,6.0,8.0,0.4,1.5695910918030935,0.6040566784340728,1.7956655495983789,-5.6238197902962765e-9,0.03869405722065813
cascade_15,Cascade,11.0,23.0,0.7333333333333333,2.1814547168950726,0.7111084302255655,3.423758775606596,-0.0012102161305253163,0.04380237314746138
cascade_16,Cascade,5.0,4.0,0.3333333333333333,1.3954691992041377,0.3675872236879003,-0.06788435483029144,9.356209473843083e-9,0.11252759245408042
cascade_17,Cascade,3.0,2.0,0.2,0.8392479927109437,0.41397790897851183,0.7129943116644822,-0.012385811081808725,0.0018782146561854176
cascade_18,Cascade,3.0,2.0,0.2,0.8392480225571399,0.41397789499442283,0.7129942995922127,-0.012385814199377135,0.0018782151047479537
cascade_19,Cascade,4.0,3.0,0.26666666666666666,0.8392627615327601,0.6093186034217646,1.274162189515842,-0.0050017034304681495,0.0018783209323776301
cascade_2,Cascade,7.0,12.0,0.4666666666666667,1.6019420747247866,0.7954058741101784,2.893393837423744,-0.0004124157260879854,0.04214899115147198
cascade_20,Cascade,11.0,10.0,0.7333333333333333,2.0166139980417777,0.5887154019480432,1.1406513967928844,-0.0003790092388538815,0.032229730925001476
cascade_21,Cascade,12.0,21.0,0.8,2.300427671078416,0.5642029006028086,4.2144603781319985,-0.0040576127475648325,0.020512368370317918
cascade_22,Cascade,6.0,7.0,0.4,1.6086547340910526,0.7143281539389488,1.7433193800634295,-0.0022609423212375116,0.04482064434784771
cascade_23,Cascade,6.0,9.0,0.4,1.6104287566707312,0.6769620212527019,2.2999674922406093,-0.00604946567801939,0.03571765008389176
cascade_24,Cascade,9.0,9.0,0.6,2.073549453030125,0.34637868369665115,1.2566443102635014,-0.0110213781143199,0.010098899112047316
cascade_25,Cascade,7.0,11.0,0.4666666666666667,1.4605592599293937,0.8381608455019625,2.757903168897808,-1.3329440271980535e-5,0.05202810652505909
cascade_26,Cascade,8.0,7.0,0.5333333333333333,1.0273247142860262,0.4249646570385892,-0.8032770097955985,-0.00018857075056208922,0.06450183040510406
cascade_27,Cascade,6.0,4.0,0.4,1.5256162299926639,0.5348440990557921,0.2831774350704392,8.0025230050231875e-19,0.05182533839840652
cascade_28,Cascade,4.0,4.0,0.26666666666666666,1.142155167590428,0.5903386527384289,1.6741430236359156,-0.003706496129570921,0.009017723338171102
cascade_29,Cascade,9.0,14.0,0.6,1.8894795399597317,0.7053708031955552,4.674296802586534,1.277134426178891e-5,0.0109922755200054
cascade_3,Cascade,4.0,3.0,0.26666666666666666,1.2575379537215012,0.3086530102504672,-0.09800787673270689,-3.663500058870284e-12,0.08303867132673834
cascade_30,Cascade,9.0,22.0,0.6,1.8561298251299458,0.8129917650141814,3.796374724274355,-0.0006560427318534052,0.01562555494546324
cascade_31,Cascade,5.0,4.0,0.3333333333333333,1.4311072938071876,0.5704397856248498,0.9107786201037701,-0.005392181825132058,0.05241019777927083
cascade_32,Cascade,6.0,9.0,0.4,1.4381444133311017,0.7779116532580217,2.667889707048729,-0.0004925432631698656,0.043413445334597144
cascade_33,Cascade,12.0,35.0,0.8,2.2381377025333955,0.7512175346848418,2.937185891480108,-0.00038346684287093717,0.011264663505201548
cascade_34,Cascade,13.0,10.0,0.8666666666666667,2.1513555526837758,0.2955698397278965,0.7490774928102413,-0.00034954994579357914,0.032284988462153164
cascade_35,Cascade,7.0,6.0,0.4666666666666667,1.4448230349871263,0.5728318840532811,0.9498483124566346,-0.0006312351012584717,0.03341103778658446
cascade_36,Cascade,12.0,11.0,0.8,1.9535121751985125,0.6914362275086312,1.9024785340209893,6.79318398387389e-8,0.0218307277811726
cascade_37,Cascade,13.0,13.0,0.8666666666666667,2.194822562954365,0.7438333835084079,1.9619545083814596,-0.0003566249507945181,0.053380383060454756
cascade_38,Cascade,4.0,3.0,0.26666666666666666,0.9040227521743307,0.5981781899975569,1.3037055282400942,5.281962322173621e-10,0.013747939098355685
cascade_39,Cascade,9.0,14.0,0.6,1.931755015303626,0.7052549764286844,2.8994297529801596,-0.0011118914194931972,0.01621615322879271
cascade_4,Cascade,11.0,24.0,0.7333333333333333,2.1490468389744155,0.8600996992459087,4.50755469895212,-0.0019959897631567146,0.04141714612401648
cascade_40,Cascade,13.0,23.0,0.8666666666666667,2.341838772459495,0.6325316214390284,2.521396572728705,-0.0017480810722383256,0.03160036410515172
cascade_41,Cascade,7.0,7.0,0.4666666666666667,1.6757319462380178,0.64217419379202,2.169001507069529,-0.0017586889049992587,0.014117188772775053
cascade_42,Cascade,6.0,7.0,0.4,1.4396132362149816,0.577775083609996,2.0547615900359744,-0.0027081943514755927,0.020072916177367513
cascade_43,Cascade,5.0,4.0,0.3333333333333333,1.4668717603749553,0.4906699426886445,0.9246496133580199,-0.010161675474795793,0.03524580000950108
cascade_44,Cascade,12.0,16.0,0.8,2.258449137370438,0.7397899969725588,3.2928779006505478,-0.0013416267483952124,0.015625084717041132
cascade_45,Cascade,14.0,18.0,0.9333333333333333,2.4405552510532442,0.6080516321872709,1.7752005933949202,-0.005075601782903885,0.034606304003050294
cascade_46,Cascade,7.0,8.0,0.4666666666666667,1.8567595768804268,0.37050459049385087,2.1817108118240163,-0.01434287764685311,0.016548782629259372
cascade_47,Cascade,11.0,20.0,0.7333333333333333,2.224358135028102,0.721823095227824,3.668386845632253,-0.0018942953840109826,0.009593812798115864
cascade_48,Cascade,6.0,7.0,0.4,1.5193356273407699,0.5629898140960261,2.1309558937937867,-2.7961189007087673e-9,0.01144811006490692
cascade_49,Cascade,3.0,2.0,0.2,0.8392479957937639,0.4139779066576539,0.7129943115346453,-0.012385812851786077,0.0018782146054949099
cascade_5,Cascade,3.0,2.0,0.2,0.839248029005239,0.4139778917670145,0.712994297248268,-0.012385815214484223,0.0018782151787692966
cascade_50,Cascade,8.0,6.0,0.5333333333333333,1.6941313530019941,0.3531848019411903,0.6423256323079806,2.9946306240313796e-8,0.11142707818893538
cascade_51,Cascade,6.0,8.0,0.4,1.6872185763312026,0.5319765524396625,1.548625999239386,-0.0062056949435811476,0.078108400694201
cascade_52,Cascade,9.0,12.0,0.6,1.9372843613866775,0.7819714129241819,2.3932673014639203,-0.0005670405868548859,0.04429938534471095
cascade_53,Cascade,10.0,11.0,0.6666666666666666,2.0127446907896833,0.6001641098343344,1.8003926217417712,-0.001035936422597335,0.0840540714134935
cascade_54,Cascade,3.0,2.0,0.2,0.8392479943740607,0.4139779076268284,0.7129943118507522,-0.012385812284804785,0.0018782146121099235
cascade_55,Cascade,6.0,9.0,0.4,1.3953061198526677,0.7279937749203149,3.2533953925980588,0.0004672814571814704,0.0161677457334819
cascade_56,Cascade,8.0,12.0,0.5333333333333333,1.6516457125386943,0.7482158177705687,2.4932202342792684,-0.0009903255699269546,0.06945891273152657
cascade_57,Cascade,11.0,17.0,0.7333333333333333,2.13011221720306,0.5580856356626365,1.6973093692212495,-0.0017478167232390007,0.004958540409199474
cascade_58,Cascade,13.0,13.0,0.8666666666666667,2.398735006542804,0.4649376832564811,3.3754147916634967,-0.012395332326017364,0.015394785447178061
cascade_59,Cascade,14.0,21.0,0.9333333333333333,2.3433846156242537,0.691727106851727,3.715666404301533,-0.00045570578134420964,0.01751025352657516
cascade_6,Cascade,4.0,3.0,0.26666666666666666,1.3016392404436148,0.2523300665019912,-0.06556837243304708,2.9103974785726905e-9,0.08247711866879817
cascade_60,Cascade,8.0,8.0,0.5333333333333333,1.8137881135739544,0.6122101302777923,2.050886114878401,-0.0034757260335091977,0.015475378836639369
cascade_61,Cascade,6.0,5.0,0.4,1.5641162493098455,0.3079361411216217,0.31213603110887056,7.394584185249708e-8,0.11176789055261235
cascade_62,Cascade,12.0,10.0,0.8,2.3118897735629242,0.5775089467300087,1.50978025228917,-0.012111557360867095,0.012812934232792643
cascade_63,Cascade,9.0,8.0,0.6,1.8196781381392695,0.6025730632648385,1.488020014930661,-0.009736514394121633,0.0019235966195229118
cascade_64,Cascade,7.0,12.0,0.4666666666666667,1.8027149301288206,0.697001157069852,3.031323596547697,-0.007831926434859155,0.009858586163885664
cascade_65,Cascade,10.0,10.0,0.6666666666666666,2.06348183658326,0.5209902072974717,2.5128476515213864,-0.00201112211891335,0.016340213934599526
cascade_66,Cascade,13.0,25.0,0.8666666666666667,2.3251892952558335,0.6466808941432642,2.062820278306982,-0.0012242255867857196,0.017267904633123613
cascade_67,Cascade,7.0,6.0,0.4666666666666667,1.8011406998557236,0.39930992904436224,0.816549408508928,1.0366296374225969e-8,0.08396704531286393
cascade_68,Cascade,9.0,23.0,0.6,1.9663950446770713,0.7779841935283272,3.6447401240114328,-0.0010379090322369916,0.0275121818380009
cascade_69,Cascade,10.0,13.0,0.6666666666666666,2.0119502373127904,0.7110971775530306,3.4950466563225584,-0.0043008591896330425,0.008612649808258656
cascade_7,Cascade,6.0,8.0,0.4,1.574859493920766,0.6168452092171026,2.582845196390105,-0.006301950107267637,0.040054176129650516
cascade_70,Cascade,8.0,7.0,0.5333333333333333,1.8237900228116912,0.5096268671185924,0.45916731478841466,-1.8792019329527673e-10,0.11382023630031331
cascade_71,Cascade,9.0,12.0,0.6,1.8125518205074334,0.5426118015400874,0.9301796465890291,-0.0012645378433136104,0.017850899966328913
cascade_72,Cascade,11.0,10.0,0.7333333333333333,2.0947788576799256,0.5696248432265552,1.3431025722548027,1.0117397508972982e-6,0.08595784034389482
cascade_73,Cascade,13.0,14.0,0.8666666666666667,2.267081687134986,0.5486143649924722,1.2679481614956183,-2.7899652972418107e-9,0.051649720458034065
cascade_74,Cascade,9.0,6.0,0.6,1.7525841533911224,0.3322673981147162,0.4852781544183798,-0.0001910492662018488,0.05846220267899019
cascade_75,Cascade,7.0,9.0,0.4666666666666667,1.7361810473380739,0.611609698212765,2.0593954126739926,-0.001906151917696182,0.035745468300245
cascade_76,Cascade,4.0,4.0,0.26666666666666666,1.2962536457046343,0.2679256819344138,0.7306861325151267,-0.01444922605040057,0.007613328587473958
cascade_77,Cascade,5.0,4.0,0.3333333333333333,0.9837522906019118,0.6647727803827583,1.785267840730695,3.0451635135392936e-9,0.019105381972344068
cascade_78,Cascade,5.0,4.0,0.3333333333333333,1.1680752272739494,0.43402991885184394,0.9760254834823485,-0.005769946384472129,0.0006746105239488512
cascade_79,Cascade,6.0,10.0,0.4,1.6789004223939519,0.4807583312977184,1.8640925706065747,-0.009613660854485812,0.001810432596649257
cascade_8,Cascade,6.0,6.0,0.4,1.5845696440904187,0.5723862585017794,1.899529658492415,-0.01245542005480577,0.016455708109559975
cascade_80,Cascade,7.0,17.0,0.4666666666666667,1.707148366359012,0.7552587787899954,3.410037666189168,-0.0022395170484128552,0.012585488719427045
cascade_81,Cascade,6.0,6.0,0.4,1.6353590860720928,0.40039254697009397,2.583024506666301,-0.012383568055098746,0.016272525978132817
cascade_82,Cascade,4.0,3.0,0.26666666666666666,0.9229866301067979,0.590205262054333,1.3164641675068187,1.1488086646386124e-13,0.011640712022491447
cascade_83,Cascade,4.0,4.0,0.26666666666666666,1.2352056505925608,0.41946416866650704,1.2353789352543267,-0.013410133965992978,0.03316221615597564
cascade_84,Cascade,4.0,5.0,0.26666666666666666,1.315326001339327,0.22257453565003082,0.5946356521656746,-0.014676785581641236,0.012980579818268796
cascade_85,Cascade,5.0,4.0,0.3333333333333333,1.2217424185781665,0.4136890275463385,1.0743726989821354,-1.2837375337141199e-9,0.006104895848913418
cascade_86,Cascade,12.0,20.0,0.8,2.2721100641455743,0.733425858928135,2.588140316610987,-0.0021475205661520835,0.016946631531274597
cascade_87,Cascade,7.0,5.0,0.4666666666666667,1.6628884985477679,0.5106854702882218,0.6761607669503729,1.7764064362687762e-8,0.048211263053386806
cascade_88,Cascade,6.0,7.0,0.4,1.637637989709869,0.43222781453936365,1.8636408103882964,-0.0127422103145234,0.030619531689927395
cascade_89,Cascade,6.0,5.0,0.4,1.6203538630083112,0.4700315841123144,1.4317216959010668,-0.012375612569698064,0.010332617494497815
cascade_9,Cascade,6.0,5.0,0.4,1.6914483417315531,0.5688014806960968,1.5588989323827762,-0.013921842783984515,0.011621945232222295
cascade_90,Cascade,9.0,6.0,0.6,1.7951158448275708,0.431282041785219,0.5863326280955393,-0.00039527011810449523,0.03219923189178808
cascade_91,Cascade,3.0,2.0,0.2,0.8392479962056145,0.41397790660694644,0.7129943111858039,-0.012385812659177181,0.0018782146274738314
cascade_92,Cascade,10.0,9.0,0.6666666666666666,2.0795218352152323,0.5764359340979461,1.81266680432573,-0.016109445438667783,0.009604486598290931
cascade_93,Cascade,11.0,10.0,0.7333333333333333,2.2496075224158045,0.5691126244229332,1.771759473422563,-0.011701891287837222,0.011568738860530711
cascade_94,Cascade,7.0,6.0,0.4666666666666667,1.55331572686154,0.3961687724498557,-0.005883246335306228,5.9133633384510445e-15,0.08092153984333317
cascade_95,Cascade,10.0,12.0,0.6666666666666666,1.5415654775683612,0.6799391429339898,0.6690433291092966,-0.0005887051324740208,0.05364685035249633
cascade_96,Cascade,6.0,10.0,0.4,1.6323871175355302,0.6757084178682722,2.3319449160933394,-0.007104850035856166,0.08349244820183122
cascade_97,Cascade,9.0,13.0,0.6,2.019852809231198,0.6274515311802513,2.901878139921121,-0.003944063239529946,0.00879601445883846
cascade_98,Cascade,11.0,9.0,0.7333333333333333,2.1771915582311805,0.6625598321159016,1.7011793534066453,-0.0006631620252139408,0.013226986015035939
cascade_99,Cascade,6.0,6.0,0.4,1.097242808655401,0.5757817972146133,0.8629904571807,1.2108087187049707e-6,0.06909950775022067
ltm_1,LTM,7.0,8.0,0.4666666666666667,1.4237760867042453,0.6237249489522494,4.031198167510915,-0.011774718891938027,0.7055003550979769
ltm_10,LTM,4.0,4.0,0.26666666666666666,0.057697124368236256,0.544903729580076,1.308687280362357,-0.0006947243699923028,-0.0006928129968293207
ltm_100,LTM,8.0,8.0,0.5333333333333333,1.5106438275992997,0.778899568216953,3.3719523430591027,-0.0011066611699697103,0.07405156484020177
ltm_11,LTM,4.0,3.0,0.26666666666666666,1.1408125204753996,0.3302161193170605,0.8558503257558079,-0.32494017073556747,1.1710736362512109
ltm_12,LTM,10.0,15.0,0.6666666666666666,1.7567607838448227,0.9308527173337533,4.792203594540585,-0.003146893735897109,0.061112217368835806
ltm_13,LTM,5.0,4.0,0.3333333333333333,0.7115292694578239,0.7499999999600155,0.5438266725378114,-0.0006820860510827421,0.0005310279794401696
ltm_14,LTM,9.0,12.0,0.6,1.0519508388365144,0.9166665548473865,3.2107570181597205,-0.0007608497383013256,0.006367153393374209
ltm_15,LTM,5.0,4.0,0.3333333333333333,1.3308594063850179,0.5159702723693957,0.6187699469925816,-0.06922721772685518,0.3637929730243198
ltm_16,LTM,5.0,3.0,0.3333333333333333,0.9163295366430615,0.6666408705080946,1.1593817411141423,-0.000749700805835922,0.04808244821754231
ltm_17,LTM,5.0,4.0,0.3333333333333333,1.2742740940457895,0.7340433860177404,1.460956309806064,-0.005538270972312323,0.09708317380616922
ltm_18,LTM,8.0,6.0,0.5333333333333333,1.4521908407977686,0.6140431521531959,1.1694226752140424,-0.0008894734364798902,0.020324524958203617
ltm_19,LTM,6.0,5.0,0.4,1.4398703499917487,0.7174777470990119,1.6948506505577492,-0.014660381929405029,0.1912281759217788
ltm_2,LTM,5.0,3.0,0.3333333333333333,1.2146434086455942,0.4796435275510691,1.55310784097865,-0.0910599288711052,1.1813160306347643
ltm_20,LTM,5.0,7.0,0.3333333333333333,0.7536913531482463,0.6544916300211545,1.7526868393102153,-0.0004444499561366416,-0.000444440895771946
ltm_21,LTM,3.0,2.0,0.2,0.9312853199613252,0.0043232743775807325,0.47374273238451065,-0.01564877604229937,0.05352099754870117
ltm_22,LTM,8.0,7.0,0.5333333333333333,1.134400169767381,0.7603389397153653,2.623246225881294,-0.0036928254129151078,0.24992072313514485
ltm_23,LTM,9.0,7.0,0.6,1.529284051893307,0.7013063494110665,2.071307201688555,-0.001902840322303987,0.170891882893079
ltm_24,LTM,7.0,9.0,0.4666666666666667,1.4481912652251614,0.8575423693977735,2.430548504845851,-0.0018393961541484844,0.056924860594077496
ltm_25,LTM,4.0,2.0,0.26666666666666666,0.6823674707356527,0.49999885436154634,0.6824720487863768,-0.0011888068506298026,0.15101323264684222
ltm_26,LTM,4.0,2.0,0.26666666666666666,0.9562129091755732,0.49999990749294176,0.5717368101921461,-0.0020147227705150706,0.01392645226908857
ltm_27,LTM,5.0,3.0,0.3333333333333333,1.2152236239967116,0.6361753633739176,0.9889116203417314,-0.0010636848448637751,0.015261116654800864
ltm_28,LTM,5.0,9.0,0.3333333333333333,0.6943831690459585,0.7158330333376959,1.679320069143575,-0.0011780831259373726,-0.001177142399847528
ltm_29,LTM,4.0,3.0,0.26666666666666666,0.8761546504467688,0.6527581850996391,1.442435229191935,-0.0017870343937126784,0.003334580529849963
ltm_3,LTM,2.0,1.0,0.13333333333333333,0.43745086999912386,0.0,NaN,-0.06853291388225952,0.17301737435554887
ltm_30,LTM,3.0,3.0,0.2,0.3223290082415467,0.6652588550575103,0.6431687673960731,-0.0007737874886395576,0.017308466332040612
ltm_31,LTM,7.0,8.0,0.4666666666666667,1.156745479591244,0.4342135842151118,2.6105359785799656,-0.44995627592505305,10.314518886501725
ltm_32,LTM,4.0,4.0,0.26666666666666666,1.1515052859662278,0.5055726930884348,1.1260874097983464,-0.1208368916393513,0.7128391860083867
ltm_33,LTM,7.0,7.0,0.4666666666666667,1.7418152596779426,0.534005452292343,1.3489577983211316,-0.15741805028584752,0.5418981399541876
ltm_34,LTM,5.0,3.0,0.3333333333333333,0.9568648933351288,0.5012104218456723,0.5786936109435391,-0.0023437043927484044,0.010082711688602329
ltm_35,LTM,6.0,7.0,0.4,1.4210616988350708,0.738981787026451,1.8573888377734598,-0.0012543592980044677,0.14544228441696588
ltm_36,LTM,7.0,9.0,0.4666666666666667,1.0803528101467674,0.8597868564487434,2.48058312491412,-0.0010464482313917653,0.036362144669941865
ltm_37,LTM,6.0,9.0,0.4,0.7100318730443461,0.7928168101854427,3.344296593373748,-0.000663420909600122,-0.0006634078629734325
ltm_38,LTM,3.0,2.0,0.2,0.6935232558603222,0.0002731975102823192,0.5379154302323658,-0.0013672927925833696,-0.0012777140130645823
ltm_39,LTM,3.0,2.0,0.2,0.8385914642420732,0.491884918827979,0.832075582241013,-0.03635939764065213,0.01334461532094401
ltm_4,LTM,6.0,4.0,0.4,1.1575529261809294,0.7499995199646925,1.697249428574305,-0.001362568876947877,0.0352694593924079
ltm_40,LTM,6.0,4.0,0.4,1.6399772867449345,0.5017228755523806,0.6631830795287118,-0.018580944998614273,0.06271286673999038
ltm_41,LTM,7.0,6.0,0.4666666666666667,1.232303941332313,0.6864256874847412,2.417565566361798,-0.0020883992134088578,0.48253089408218525
ltm_42,LTM,5.0,5.0,0.3333333333333333,0.7313723830583878,0.5449327138468207,0.8974904897712325,-0.3639403951072953,1.9991868676647486
ltm_43,LTM,7.0,6.0,0.4666666666666667,1.2563407929850243,0.7297706757921048,3.5487798357941185,-0.0020488178072459967,0.2376834023510506
ltm_44,LTM,5.0,3.0,0.3333333333333333,1.3330223659824125,0.4412580641299544,1.334691851132211,-0.027375111057854444,0.7284427074090405
ltm_45,LTM,4.0,4.0,0.26666666666666666,0.45090858153482943,0.4376079106899007,0.45927532827749606,-0.48944315638686786,0.667771092430033
ltm_46,LTM,6.0,11.0,0.4,1.0360502872013178,0.8307905940974234,3.0918310826601094,-0.008101262828113283,0.5654462923250081
ltm_47,LTM,4.0,2.0,0.26666666666666666,0.6496298106913684,0.39190510737321693,0.44982570233235664,-0.023799371191729285,0.2704130651850253
ltm_48,LTM,4.0,2.0,0.26666666666666666,0.7606736924743318,0.49999988448402255,0.5195080494966231,-0.0025081730105322377,0.09925635328371717
ltm_49,LTM,9.0,7.0,0.6,1.3000450293570154,0.7795354416286855,1.2415797714165204,-0.0008944598560570734,0.1271408839244764
ltm_5,LTM,7.0,7.0,0.4666666666666667,1.257616316791255,0.7605308221453271,1.8766876830997479,-0.0006174548341483093,0.017871187718159782
ltm_50,LTM,5.0,4.0,0.3333333333333333,1.1326565390696217,0.5051760134851715,1.1285059541708071,-0.03376940670096867,0.041485628065707304
ltm_51,LTM,5.0,5.0,0.3333333333333333,1.412058316165408,0.5513875923474609,1.5554515262374617,-0.020238814524217233,-0.009720725555906801
ltm_52,LTM,11.0,15.0,0.7333333333333333,1.5383917527739157,0.8533907430880201,2.876035658108583,-0.0010020165247851519,0.11713717945758621
ltm_53,LTM,11.0,15.0,0.7333333333333333,1.74468484302614,0.904784695401532,4.663706623356309,-0.0010408701278293716,0.051722242991153466
ltm_54,LTM,2.0,1.0,0.13333333333333333,0.2959448606947961,0.0,NaN,-0.010078066340536219,0.021840869272572484
ltm_55,LTM,7.0,6.0,0.4666666666666667,1.2631747777539042,0.7345657651303301,2.3477449192450885,-0.0005516832556288973,0.009874412725320978
ltm_56,LTM,3.0,2.0,0.2,0.5672554563171864,0.4989983272087495,1.2641000675972782,-0.00365879379760869,0.15251718743463005
ltm_57,LTM,8.0,7.0,0.5333333333333333,1.7825756257257392,0.4966597519062472,4.155407680238963,-0.05161145970423191,1.1851911081788595
ltm_58,LTM,5.0,3.0,0.3333333333333333,1.1447346608608155,0.47682376590456266,0.7052949806308447,-0.005871137624629669,0.15389753138163895
ltm_59,LTM,10.0,15.0,0.6666666666666666,1.7098009868209902,0.7429989183467016,4.931330782972573,-0.01410735729133445,1.3217916931644393
ltm_6,LTM,6.0,4.0,0.4,1.2431415664224543,0.7422357274007307,1.5798207691704969,-0.002074911400437262,0.017884602057108113
ltm_60,LTM,3.0,2.0,0.2,1.0530349204870062,0.13383056331789467,-0.18964074573992792,-0.3414305247270962,0.02021328250912239
ltm_61,LTM,5.0,3.0,0.3333333333333333,1.0093637411700924,0.6666642409327335,1.8234132533461809,-0.0020320494860383044,0.21012455861974152
ltm_62,LTM,5.0,4.0,0.3333333333333333,1.4670592644081737,0.3892093796345759,1.049453351338957,-0.10481802434927892,0.5993280981332209
ltm_63,LTM,9.0,10.0,0.6,1.7813203471776107,0.8978633135045992,3.4312478861052336,-0.0010626308592913986,0.03362379440227265
ltm_64,LTM,7.0,9.0,0.4666666666666667,1.0329254387043816,0.888888849634442,2.35263729712538,-0.0007363590602722207,0.00434705015542661
ltm_65,LTM,4.0,2.0,0.26666666666666666,1.1275673294333883,0.222119828565992,0.7299103345980248,-0.40443690630189344,2.383826189251168
ltm_66,LTM,10.0,12.0,0.6666666666666666,1.7933205243920574,0.7329595364633696,3.2008607853428455,-0.0043661329954841665,0.7176483216086613
ltm_67,LTM,10.0,13.0,0.6666666666666666,1.4438749719168469,0.8092681555303349,2.8791407187663607,-0.0016629332788373392,0.12311720752449354
ltm_68,LTM,6.0,5.0,0.4,1.450669831434225,0.4411108254823175,2.3629038040670527,-0.19540983004617737,4.099536548865648
ltm_69,LTM,6.0,7.0,0.4,0.5559159818385625,0.8116238465759362,1.8790691025155226,-0.0005515640773750558,0.021397963064578952
ltm_7,LTM,4.0,5.0,0.26666666666666666,1.3040954791151131,0.4402459643620418,1.2391264200099783,-0.12358405962554121,0.1585038696403859
ltm_70,LTM,6.0,6.0,0.4,1.339071418439559,0.7639876429641248,1.4148852612609824,-0.003734579982998457,1.1694354633087356
ltm_71,LTM,2.0,1.0,0.13333333333333333,1.4913380556712368e-5,0.0,NaN,-0.0024862876174488544,-0.0018518017211082904
ltm_72,LTM,4.0,2.0,0.26666666666666666,1.1319253993295364,0.49023167243958987,0.10279123808028812,-0.005342493126471993,0.01354384634761075
ltm_73,LTM,6.0,5.0,0.4,1.3357850143720322,0.41502545903259924,1.702912905855657,-0.035253382121384784,1.2207479984907794
ltm_74,LTM,5.0,8.0,0.3333333333333333,1.2446748167394917,0.7702115922361823,2.0949877882896666,-0.006158871595463583,0.121477452152712
ltm_75,LTM,7.0,4.0,0.4666666666666667,1.1549826705461628,0.6619932030201472,1.034572216875483,-0.0012412551526324723,0.03978404597918429
ltm_76,LTM,7.0,5.0,0.4666666666666667,1.1304818205400213,0.7704406199947695,1.9585018763180084,-0.001892082467449817,0.023673995177358492
ltm_77,LTM,10.0,15.0,0.6666666666666666,1.58246249874486,0.7179379138978506,4.236614692006241,-0.0013430009277440671,0.7008421141650625
ltm_78,LTM,5.0,5.0,0.3333333333333333,0.9651246857119267,0.799999700400361,1.3446837039136799,-0.0011181152409929617,0.013157516912151475
ltm_79,LTM,5.0,4.0,0.3333333333333333,1.3971646255290422,0.32955518164390485,1.1465471179803313,-0.12963032602328642,0.08158358593918213
ltm_8,LTM,5.0,6.0,0.3333333333333333,1.1939161634608229,0.6719227646831887,1.4845644000357197,-0.009155665766795914,0.03454936810707327
ltm_80,LTM,8.0,11.0,0.5333333333333333,1.5346114981742978,0.7344012684990329,3.0551280616874807,-0.0017910386333383373,0.2455281545440149
ltm_81,LTM,9.0,14.0,0.6,1.4564936255171694,0.9014154259959639,3.250706396611963,-0.001381887714689606,0.05764365687520138
ltm_82,LTM,4.0,2.0,0.26666666666666666,0.9107654221862433,0.41752971640776093,0.46733508507235993,-0.015973953594527204,0.26753404399031594
ltm_83,LTM,10.0,15.0,0.6666666666666666,1.6679265262913274,0.779104490580582,2.3870187449077114,-0.0008341216911246667,0.07096689735509747
ltm_84,LTM,4.0,3.0,0.26666666666666666,0.04575046076361393,0.35352002675605165,0.6081324132077276,-0.0007748704919915973,-0.0007732877061671951
ltm_85,LTM,3.0,2.0,0.2,1.005470264501847,0.031001186511333545,0.36803892727742954,-0.4685863317052391,0.9555915979073735
ltm_86,LTM,6.0,4.0,0.4,1.3851125430195823,0.46721773230622965,1.0687541832825003,-0.008441035176753419,0.053373810800201225
ltm_87,LTM,9.0,10.0,0.6,1.3704639534840979,0.46506207921015164,3.2647608867181357,-0.09998023121326197,2.6310990719637166
ltm_88,LTM,4.0,2.0,0.26666666666666666,1.1508692936625313,0.3756138078817708,0.2290448295502649,-0.12774894886567661,0.4302513169986698
ltm_89,LTM,4.0,2.0,0.26666666666666666,0.8342335508276074,0.4041685730060489,0.15626139338084175,-0.0018310234647374807,0.04581264775688666
ltm_9,LTM,8.0,9.0,0.5333333333333333,1.6064013437300861,0.6120140224407766,2.227737768455524,-0.0004646766108268268,0.037006420421820965
ltm_90,LTM,11.0,13.0,0.7333333333333333,1.958596295227226,0.6469881739009946,1.95825421069648,-0.011008221160488848,0.21362632092944892
ltm_91,LTM,7.0,7.0,0.4666666666666667,1.4424389553790722,0.8513680638997065,2.8961410976424404,-0.0015294594474245676,0.02803058614781336
ltm_92,LTM,8.0,8.0,0.5333333333333333,1.4892348013379346,0.6955433401690561,2.5338176581379264,-0.002484019196704661,0.43522475139593586
ltm_93,LTM,7.0,7.0,0.4666666666666667,1.119547890325841,0.7430196186340807,2.5720055538885718,-0.0007995300876936407,0.09491944690366555
ltm_94,LTM,7.0,7.0,0.4666666666666667,0.8123503684999986,0.7206370813848004,1.7984141681357226,-0.0011847069152520068,0.16325905659419465
ltm_95,LTM,5.0,6.0,0.3333333333333333,0.9847046804792146,0.566302915902172,2.901736429169328,-0.3123257762225855,2.7775719152945397
ltm_96,LTM,6.0,6.0,0.4,1.3729271988217302,0.5472363714642481,1.3313221420503247,-0.033965225523857064,0.1961791672869371
ltm_97,LTM,5.0,3.0,0.3333333333333333,0.7961104584316905,0.6081289954260771,0.8973297905394558,-0.0017910771083548167,0.03389395533199894
ltm_98,LTM,8.0,8.0,0.5333333333333333,1.4310852677752335,0.6548383298110216,1.3253944472055614,-0.0016378348820718317,0.1115892064513122
ltm_99,LTM,10.0,12.0,0.6666666666666666,1.7915373385569069,0.8860939610548051,3.058014232372658,-0.00013848759883602245,0.10502699202434108
maxent_1,MaxEnt,14.0,36.0,0.9333333333333333,2.503290161767529,0.9722222222222219,7.309662612642114,1.1569910914307435e-15,0.008581987689257383
maxent_10,MaxEnt,7.0,5.0,0.4666666666666667,1.7160209432143005,0.43099303094911634,1.0083450041613686,-0.013628968803278354,0.008102357974032111
maxent_100,MaxEnt,8.0,6.0,0.5333333333333333,1.9390483746508256,0.42260497459276647,2.0485733224784584,-0.012385812851376816,0.012669099767183695
maxent_11,MaxEnt,0.0,0.0,0.0,NaN,NaN,NaN,NaN,NaN
maxent_12,MaxEnt,14.0,40.0,0.9333333333333333,2.16370982696746,0.8023170415154401,3.984334215213518,-1.100356036965278e-5,-1.1003042017217376e-5
maxent_13,MaxEnt,4.0,2.0,0.26666666666666666,1.1045962042522073,0.10120789878217606,0.26196064284493065,-0.10090741500284431,0.04380520402566726
maxent_14,MaxEnt,9.0,10.0,0.6,2.060902393052809,0.4884774942512775,2.277436124079244,-0.012249176909832609,0.04297884567585406
maxent_15,MaxEnt,11.0,12.0,0.7333333333333333,1.372881954513126,0.8332866977929267,3.0358947655816233,-0.0004325335415073084,0.009420333700076994
maxent_16,MaxEnt,6.0,5.0,0.4,1.4412106971201253,0.5311822212844128,1.5051974125982095,-0.004587931997527029,0.01596333006642326
maxent_17,MaxEnt,15.0,49.0,1.0,2.29840084952508,0.8147227071437593,5.296080737931131,-2.9423803253326798e-5,-2.9307258058016727e-5
maxent_18,MaxEnt,3.0,2.0,0.2,0.9488192148796719,0.30711988410643154,-0.23532640574650485,-8.736483758653435e-12,0.04984907073703946
maxent_19,MaxEnt,8.0,13.0,0.5333333333333333,0.8462727428538271,0.8373757464738691,2.536076927431022,-0.0002877359226976825,-0.0002876586030422694
maxent_2,MaxEnt,0.0,0.0,0.0,NaN,NaN,NaN,NaN,NaN
maxent_20,MaxEnt,6.0,6.0,0.4,1.4321801729389734,0.5688614657614226,1.314920379532256,-0.01107820091244779,0.002862962083324039
maxent_21,MaxEnt,2.0,1.0,0.13333333333333333,0.5226589144089654,0.0,NaN,-0.46424451409137546,0.8686522588968174
maxent_22,MaxEnt,6.0,6.0,0.4,1.5129941881486997,0.8123381504518876,3.1563454073325263,-0.0005910222391937653,0.017059186137134964
maxent_23,MaxEnt,NaN,NaN,NaN,NaN,NaN,NaN,NaN,NaN
maxent_24,MaxEnt,8.0,8.0,0.5333333333333333,1.9270914807391757,0.7066308114427036,2.53365435031912,-0.0068134804890435255,0.008236164818745962
maxent_25,MaxEnt,15.0,41.0,1.0,2.4310591028999173,0.8837346852898056,6.362260098518923,-3.0722581952065662e-6,-3.0721672312923164e-6
maxent_26,MaxEnt,7.0,6.0,0.4666666666666667,1.7827454645338163,0.4366007491245594,1.7925358095617825,-0.012111534112251052,0.008105444211347894
maxent_27,MaxEnt,10.0,21.0,0.6666666666666666,2.08700169858268,0.9521834999350263,5.014540143781885,-2.4917953088934853e-8,2.0861926945587357e-5
maxent_28,MaxEnt,0.0,0.0,0.0,NaN,NaN,NaN,NaN,NaN
maxent_29,MaxEnt,3.0,3.0,0.2,0.9991372423993057,0.4541334541907456,1.2244016677760061,-0.01645877908777041,0.013237642809225344
maxent_3,MaxEnt,14.0,41.0,0.9333333333333333,1.3782093148680625,0.9756095434727261,7.068021759139094,-0.00025468267768702574,0.008583910416585731
maxent_30,MaxEnt,8.0,9.0,0.5333333333333333,1.677112488995393,0.7736634994774869,1.7301493786316366,-0.0009678926530542326,0.015003361439913819
maxent_31,MaxEnt,11.0,29.0,0.7333333333333333,1.2675994555678136,0.7434685320264363,6.8475297177300805,-6.087407127582304e-5,-6.087317529782052e-5
maxent_32,MaxEnt,15.0,34.0,1.0,2.248453850001112,0.7926599160415091,6.23663784490421,-3.5910855304182264e-6,-3.587993259118442e-6
maxent_33,MaxEnt,6.0,6.0,0.4,1.7599369720463856,0.7141899353931178,4.463120030955438,-0.017403070964298654,0.010376617002482018
maxent_34,MaxEnt,12.0,13.0,0.8,2.2271015136581394,0.4529106376197036,0.2687046645629785,-0.0029315927322478234,0.01921779550456698
maxent_35,MaxEnt,9.0,9.0,0.6,1.9480912816216953,0.6275036089002706,2.035172607923918,-0.002613979741143001,0.013708468951339745
maxent_36,MaxEnt,3.0,2.0,0.2,0.7973866613974493,0.0,0.5227535699338919,-0.10090741502509348,0.0015788915371424891
maxent_37,MaxEnt,7.0,8.0,0.4666666666666667,1.674308261426979,0.7590056227491713,2.2771795057548365,-0.0005972341121318396,0.011269715968568104
maxent_38,MaxEnt,7.0,11.0,0.4666666666666667,1.7386974271942237,0.49061090574961885,1.2551935367533196,-0.1709464385903139,-0.04244395099442407
maxent_39,MaxEnt,NaN,NaN,NaN,NaN,NaN,NaN,NaN,NaN
maxent_4,MaxEnt,6.0,7.0,0.4,1.5665750959972082,0.6806639402338621,1.9022886092955738,-0.002595945648254753,0.04668868618972775
maxent_40,MaxEnt,3.0,2.0,0.2,0.839247995793676,0.41397790665768675,0.712994311534692,-0.012385812851790995,0.001878214605492654
maxent_41,MaxEnt,8.0,11.0,0.5333333333333333,1.8533353438800004,0.8148054358968191,3.0160621090227946,-0.0021138965414116643,0.016425096442072344
maxent_42,MaxEnt,13.0,33.0,0.8666666666666667,2.300837420174422,0.944004682330462,5.222250866714946,-1.4442910908657946e-23,7.882761881335031e-17
maxent_43,MaxEnt,12.0,30.0,0.8,0.9436444131238062,0.8748125619343141,4.215283956443919,-0.00039272337447049713,-0.00039272334180563446
maxent_44,MaxEnt,6.0,7.0,0.4,1.6648848864485766,0.4324429296824719,1.7851993022914467,-0.012096820267991828,0.01945874118813548
maxent_45,MaxEnt,11.0,14.0,0.7333333333333333,2.163592716978103,0.517229081331122,1.4223398539560872,-0.011055653138093549,0.013160980890142658
maxent_46,MaxEnt,14.0,43.0,0.9333333333333333,2.3762309642551767,0.9696776793347657,9.994609505672894,-8.81316562005051e-11,-8.813112209301046e-11
maxent_47,MaxEnt,0.0,0.0,0.0,NaN,NaN,NaN,NaN,NaN
maxent_48,MaxEnt,13.0,21.0,0.8666666666666667,2.399087445328916,0.6784647529642014,2.4893919152687665,-0.0004335703849339435,0.012407895724729359
maxent_49,MaxEnt,14.0,22.0,0.9333333333333333,2.3630603817239257,0.9545403156868841,5.290374986583402,-2.073798915088645e-8,0.008581987689257237
maxent_5,MaxEnt,9.0,9.0,0.6,1.9218218016504063,0.6397824382173967,1.795207627320587,-0.0014560351680063168,0.021832930188510312
maxent_50,MaxEnt,10.0,7.0,0.6666666666666666,1.9792471092134352,0.5708413432597861,0.5576945030037613,-2.261642055657919e-8,0.03153501014214979
maxent_51,MaxEnt,2.0,1.0,0.13333333333333333,0.6617504905080661,0.0,NaN,-0.048759539049823775,0.008810653865751437
maxent_52,MaxEnt,12.0,24.0,0.8,2.3277335599077387,0.6555852018602804,3.146845517525288,-0.005020186891313226,0.02730592761790797
maxent_53,MaxEnt,2.0,1.0,0.13333333333333333,0.5988811518733891,0.0,NaN,-0.1009074150028444,0.00858198768925724
maxent_54,MaxEnt,12.0,34.0,0.8,1.613320619590104,0.8147328802531395,3.8425272019788776,-0.00010396640002943253,-0.00010286848595096323
maxent_55,MaxEnt,6.0,4.0,0.4,1.6134559485030608,0.5562040230453558,0.5586221567541984,-0.01220164805747017,0.008581987689257421
maxent_56,MaxEnt,12.0,27.0,0.8,0.8479969630808737,0.8692618899491449,4.24938528323016,-0.0002229349591747542,-0.00022293206317561062
maxent_57,MaxEnt,3.0,2.0,0.2,0.8690748244363098,0.37404437017262326,-0.31869295687147875,-1.2376211167008938e-13,0.0512341907005625
maxent_58,MaxEnt,11.0,11.0,0.7333333333333333,2.16063323327778,0.5390027914744762,2.505699424370485,-0.009252786246387477,0.017858080256030008
maxent_59,MaxEnt,6.0,4.0,0.4,1.532395176366577,0.41397790666118905,0.8984755213115369,-0.012385812851850699,0.0018782146059460865
maxent_6,MaxEnt,14.0,28.0,0.9333333333333333,2.2166097568323915,0.9642857142857142,6.005888998841014,1.7393554810247224e-33,0.00858198768925725
maxent_60,MaxEnt,14.0,31.0,0.9333333333333333,1.7449989500602872,0.9677410411715248,7.38858897061011,-9.358195186886633e-5,0.008582904156860274
maxent_61,MaxEnt,11.0,11.0,0.7333333333333333,2.169011456154006,0.6305948850816001,1.869240142442093,-0.0004237421273323744,0.021808583138181615
maxent_62,MaxEnt,6.0,4.0,0.4,1.748455127110229,0.46548141315553115,0.9670804897821146,-0.019798255792564397,0.009839752206506507
maxent_63,MaxEnt,9.0,9.0,0.6,1.827941015666406,0.7634451484133471,2.0840165759207663,-3.3200492153215784e-7,0.00858198768925719
maxent_64,MaxEnt,2.0,1.0,0.13333333333333333,0.6734268826124977,0.0,NaN,-0.4070258027980035,0.10024703413278299
maxent_65,MaxEnt,10.0,8.0,0.6666666666666666,1.7682186276106129,0.495835744648238,0.7315037838971526,-0.00018777029367931925,0.06527673439025257
maxent_66,MaxEnt,6.0,4.0,0.4,1.6995940904964808,0.4999244511408978,0.9137855367389573,-0.013628985193807187,0.008581987689242117
maxent_67,MaxEnt,9.0,8.0,0.6,1.8593888989528944,0.6272968952187603,2.1835543221012435,-0.006359977706140166,0.0018782156567917316
maxent_68,MaxEnt,10.0,9.0,0.6666666666666666,2.105188619838651,0.6919824018735836,1.7729606157893067,-0.002073452095076615,0.008581987701129206
maxent_69,MaxEnt,4.0,3.0,0.26666666666666666,1.2314463989351705,0.344884122603204,-0.11274724768344464,4.235208211741575e-17,0.08326340553928982
maxent_7,MaxEnt,0.0,0.0,0.0,NaN,NaN,NaN,NaN,NaN
maxent_70,MaxEnt,9.0,9.0,0.6,2.0189709209829623,0.6760752863642763,1.7638612547321706,-0.007366775168175164,0.010312927749811771
maxent_71,MaxEnt,12.0,15.0,0.8,2.214027615577439,0.7758525914561922,2.303979088484552,-0.000940669152335461,0.02082950892125915
maxent_72,MaxEnt,10.0,13.0,0.6666666666666666,1.8613910821450166,0.8110140160869039,2.7217517619476257,-0.00043237973883881987,0.013189607310541345
maxent_73,MaxEnt,5.0,6.0,0.3333333333333333,1.1194751038668629,0.8024728391028502,1.8383112358119238,-0.02199824408660944,0.027207888693920816
maxent_74,MaxEnt,11.0,9.0,0.7333333333333333,2.157141083637338,0.5598864084116488,1.7474571805720778,-0.012385811820460975,0.008270101672568175
maxent_75,MaxEnt,10.0,10.0,0.6666666666666666,2.0922800546775964,0.6146821302204231,1.6305292490272096,-0.0007292686203833535,0.020123956555706632
maxent_76,MaxEnt,14.0,41.0,0.9333333333333333,2.2883000910534603,0.7489836361148596,6.115708778713045,-1.3673946158223422e-5,2.2192587387093413e-5
maxent_77,MaxEnt,13.0,26.0,0.8666666666666667,1.4644815166794165,0.9615347142018411,6.5550230519665185,-0.00012584999888882816,0.009243810976555038
maxent_78,MaxEnt,9.0,17.0,0.6,0.9270753216518536,0.8956322729554453,2.723317862363102,-0.00026146362982845596,-0.0002612473449963141
maxent_79,MaxEnt,4.0,3.0,0.26666666666666666,0.2742811701850609,0.6463011394873874,1.8561546740609525,-0.00042244803211507993,-0.00042244803175311556
maxent_8,MaxEnt,6.0,8.0,0.4,1.3553696634344967,0.7462730472764043,2.695219049278911,-0.08574146624832192,0.11636446430239848
maxent_80,MaxEnt,15.0,52.0,1.0,2.471255549037814,0.9807296742526816,9.5756719528555,-4.870039907055378e-5,0.008582823075624664
maxent_81,MaxEnt,10.0,12.0,0.6666666666666666,2.165023499515473,0.6856831470387057,2.279288021291232,-0.009704462088822786,0.008581987689257104
maxent_82,MaxEnt,13.0,20.0,0.8666666666666667,2.241904497774728,0.9300487389282941,3.410059237727663,-9.932589658336893e-9,-9.93258696597808e-9
maxent_83,MaxEnt,12.0,29.0,0.8,2.083209063299557,0.7940087498974862,7.702335759114444,-4.693521419975848e-6,-4.6931669989380375e-6
maxent_84,MaxEnt,5.0,5.0,0.3333333333333333,1.5318789134273543,0.15699976723703846,0.8339251984717814,-0.01392344446084674,0.0065305557577353636
maxent_85,MaxEnt,13.0,20.0,0.8666666666666667,2.370677552178916,0.6625487008850481,3.488878722647662,-0.0031232844344076752,0.016358502979309564
maxent_86,MaxEnt,9.0,8.0,0.6,1.9008085164847877,0.514573984150263,1.2288654745929621,-0.0004107176154808075,0.026343709676673623
maxent_87,MaxEnt,14.0,28.0,0.9333333333333333,2.457533093961304,0.9285714228764959,4.853551412492539,-8.818269089814903e-9,0.008581987689532285
maxent_88,MaxEnt,7.0,7.0,0.4666666666666667,1.8505232175311361,0.4415951676492842,2.173216499464872,-0.0138501956062488,0.01837306823098423
maxent_89,MaxEnt,7.0,10.0,0.4666666666666667,1.6376878911866135,0.8618963085882188,4.820618345783531,-0.0017073554593899929,0.013201134019780028
maxent_9,MaxEnt,13.0,12.0,0.8666666666666667,2.1765233931482575,0.6098041340662788,1.3785448272820928,-1.4980959109448987e-5,0.03873793836493785
maxent_90,MaxEnt,7.0,5.0,0.4666666666666667,1.89152664911953,0.4811625953443259,1.4441945772114222,-0.01220506394000664,0.011588844714915208
maxent_91,MaxEnt,11.0,24.0,0.7333333333333333,1.1587339695004824,0.9583332991547939,6.645886081479856,-0.00020868132575661336,0.008581990478100876
maxent_92,MaxEnt,12.0,12.0,0.8,2.318909910925272,0.48969116586241146,1.2962571002241838,-0.015199155924442861,0.019357339191781238
maxent_93,MaxEnt,6.0,4.0,0.4,1.6196063498279873,0.36968351167870894,-0.3146803537682376,-9.714451465470117e-17,0.08296239468349888
maxent_94,MaxEnt,6.0,5.0,0.4,1.5294585429147718,0.4133749476429813,1.4721803049961473,-0.011611727276117534,0.0066560690620837025
maxent_95,MaxEnt,6.0,6.0,0.4,1.5277989983048181,0.5118845027321883,0.9964753549322249,-0.0020660604417561696,0.010417661332614422
maxent_96,MaxEnt,14.0,42.0,0.9333333333333333,2.489693238304946,0.9174002913824109,4.53928366622696,1.951502356362527e-40,1.9203217997508244e-18
maxent_97,MaxEnt,9.0,9.0,0.6,2.036166973940296,0.514589202893337,1.4509122125932674,-4.969130587987186e-9,0.04700267973170852
maxent_98,MaxEnt,0.0,0.0,0.0,NaN,NaN,NaN,NaN,NaN
maxent_99,MaxEnt,11.0,16.0,0.7333333333333333,2.2223712887600384,0.681454340158965,3.191337875541992,-0.007747949583802287,0.011018372017637914
niche_1,Niche,5.0,6.0,0.3333333333333333,1.3708658916190568,0.58647062973133,1.8069510744029864,3.3279144083119146e-15,0.027673982791424103
niche_10,Niche,11.0,20.0,0.7333333333333333,2.14590774911476,0.7267488461943656,4.553416364280896,-0.005048882080811171,0.006957201030590789
niche_100,Niche,8.0,7.0,0.5333333333333333,1.980600030389907,0.5593315414004838,1.6548364985391186,-0.014169671964550653,0.013718569893739964
niche_11,Niche,3.0,3.0,0.2,0.9991372400880569,0.4541334518253495,1.2244016641345827,-0.016458779030994578,0.01323764277718569
niche_12,Niche,7.0,11.0,0.4666666666666667,1.6346546460871723,0.7416146929042187,3.1125381185286054,-0.0018272432354259256,0.03956463156637074
niche_13,Niche,6.0,5.0,0.4,1.735384826172784,0.2654573598377714,3.4723226813744295,-0.014061287311059396,0.016190736603806485
niche_14,Niche,11.0,22.0,0.7333333333333333,2.1966577051458813,0.7697769065663944,5.594916416096732,-0.0021858720097078445,0.011586871199583123
niche_15,Niche,6.0,7.0,0.4,1.1763429166012416,0.4732922366764012,0.29497643947789043,6.035120978857301e-7,0.038272523492034076
niche_16,Niche,4.0,5.0,0.26666666666666666,1.1484728111318063,0.5975353672943908,1.9175798436029106,6.227223934068933e-14,0.006285151520216214
niche_17,Niche,4.0,5.0,0.26666666666666666,1.148768101886119,0.6992651645491841,2.0352181838159913,-0.004746171592950647,0.003419415133906287
niche_18,Niche,7.0,13.0,0.4666666666666667,1.6721874152638125,0.6961379035280126,2.9254021084459083,4.439075108129557e-5,0.016878948460991135
niche_19,Niche,4.0,3.0,0.26666666666666666,0.9236201523134949,0.5897976121921029,1.3169173444186841,1.1912048578031705e-9,0.011559623768436597
niche_2,Niche,10.0,25.0,0.6666666666666666,2.1184549339112,0.7047114653286057,2.564430611333899,7.269975848501451e-10,0.015318356276677953
niche_20,Niche,14.0,20.0,0.9333333333333333,2.4373481653314037,0.7640932770264475,3.929094593727843,-0.0005021349476956671,0.03765906331759922
niche_21,Niche,11.0,16.0,0.7333333333333333,1.8566719019804723,0.6933492109875743,2.418062359958861,1.3116508769215813e-6,0.06646301309617791
niche_22,Niche,7.0,12.0,0.4666666666666667,1.6974482193224576,0.798930783783204,4.6777968625974085,-0.0003456717108011109,0.009503722825873615
niche_23,Niche,3.0,2.0,0.2,0.8392479937842565,0.4139779074042238,0.7129943126151125,-0.012385812976353744,0.0018782145528674786
niche_24,Niche,9.0,10.0,0.6,1.961241960141584,0.8097587813907579,4.472441312519413,-0.001549589772758284,0.055348243282875194
niche_25,Niche,5.0,6.0,0.3333333333333333,1.1421694405445784,0.7268923612424312,2.318298715486298,-0.003435874445647877,0.011256785923692104
niche_26,Niche,14.0,29.0,0.9333333333333333,2.455717298059184,0.7913316741476268,5.852505257143762,-0.0005464186999591102,0.012676174531845922
niche_27,Niche,12.0,19.0,0.8,2.2964723684629247,0.7347371167968888,5.283693040223837,-0.00034091792167336994,0.045432268477525135
niche_28,Niche,4.0,3.0,0.26666666666666666,0.9517624607148123,0.5327295158856042,-0.2619350304450577,4.867330150037937e-11,0.08671023944081639
niche_29,Niche,11.0,17.0,0.7333333333333333,1.516150492736519,0.6020799569588573,0.32080251038687935,-0.0027147099881655447,0.05558991241651374
niche_3,Niche,5.0,6.0,0.3333333333333333,1.3720039428068405,0.5848549257925049,1.04037485430929,-0.004105099934681878,0.002877132965987301
niche_30,Niche,10.0,8.0,0.6666666666666666,2.0563946606971424,0.5398818127284748,0.7089006033105634,6.4159252306730144e-12,0.04841645804504296
niche_31,Niche,7.0,7.0,0.4666666666666667,1.7852244744820849,0.3660164186456816,2.572250517327591,-0.012107462528697134,0.01934924421008168
niche_32,Niche,6.0,6.0,0.4,1.4943234065466058,0.503832138155311,1.8764733697256275,-0.0004445565612027649,0.018179866376567398
niche_33,Niche,12.0,20.0,0.8,2.2608667890575456,0.7094960053047401,2.586079795621812,-0.0002567692771104773,0.034443809091421654
niche_34,Niche,10.0,9.0,0.6666666666666666,2.0631272798485982,0.6698696910979818,1.2583321900162097,-0.002161287117052721,0.008581987689257397
niche_35,Niche,8.0,10.0,0.5333333333333333,1.7218677858189482,0.6915043655391471,2.16141757244219,-0.0003037760012521326,0.01963719564390639
niche_36,Niche,5.0,3.0,0.3333333333333333,1.3638414493560853,0.31635431825130444,-0.6796454215061546,2.816574751207669e-11,0.05309051120071135
niche_37,Niche,10.0,8.0,0.6666666666666666,2.2039628498370463,0.4314846860290762,2.089541252563344,-0.011107975305061982,0.02068070492913709
niche_38,Niche,8.0,12.0,0.5333333333333333,1.8955655024806013,0.6801777949501508,2.482756291878048,-0.00947502532481817,0.051850445723293954
niche_39,Niche,8.0,8.0,0.5333333333333333,1.4811311988588152,0.6284206414878539,2.2044423229611136,-0.00032875635305897293,0.030036849370288197
niche_4,Niche,3.0,3.0,0.2,0.9991372427960762,0.4541334536795725,1.2244016677794123,-0.016458779180944155,0.013237642809706924
niche_40,Niche,14.0,18.0,0.9333333333333333,2.4292860007192103,0.7380888762836997,4.05043844697291,-0.000411210535085119,0.08907817560127039
niche_41,Niche,8.0,13.0,0.5333333333333333,1.7661716229874187,0.6229068740061394,3.001693421722093,3.5320424374817184e-9,0.051340894465647935
niche_42,Niche,11.0,22.0,0.7333333333333333,1.993804856207999,0.6563247949058197,3.8063762000285113,1.38271770688953e-8,0.017184940236520483
niche_43,Niche,7.0,14.0,0.4666666666666667,1.6792816426802981,0.7542726763178376,3.4822142471091757,-0.0014551356270678492,0.03984610391647967
niche_44,Niche,12.0,26.0,0.8,2.2114776577809137,0.6966504984131978,3.189968483144287,-0.001093372784226444,0.0250071041870184
niche_45,Niche,8.0,9.0,0.5333333333333333,1.807320781105083,0.5586032078470684,2.138927088114193,-0.000673530513910445,0.027295715713243438
niche_46,Niche,5.0,7.0,0.3333333333333333,1.4107246104196607,0.582515492807212,2.867854864072301,1.3605097631191497e-8,0.012217734492324593
niche_47,Niche,10.0,9.0,0.6666666666666666,2.0016955484304795,0.5591121278223776,1.4371189211383115,-0.0025016577437617666,0.016616281992911694
niche_48,Niche,6.0,13.0,0.4,1.5413838517507883,0.8048836332163516,3.0237151131580786,-0.0024434176827002776,0.040219487426989026
niche_49,Niche,9.0,7.0,0.6,1.410637054422558,0.4275417921220883,-0.38881469156165144,-0.00019606258264391637,0.07354252480481896
niche_5,Niche,10.0,12.0,0.6666666666666666,1.884714213680851,0.456278145284831,0.9688415460427984,7.1992174584790714e-9,0.017904698112434846
niche_50,Niche,13.0,16.0,0.8666666666666667,2.3273514113144085,0.7022069374702822,2.1690335199653994,-0.0003893141454506974,0.05476541864138197
niche_51,Niche,9.0,19.0,0.6,1.8599799165056647,0.7825404973376193,3.7237511682359608,-0.0002828256530313832,0.021180793527053564
niche_52,Niche,8.0,11.0,0.5333333333333333,1.8702848613511676,0.6310440595255027,2.057053248337374,-0.00034569730410246625,0.021714734062854797
niche_53,Niche,11.0,15.0,0.7333333333333333,2.261778579894782,0.6749022210897864,2.071094409847993,-7.115192844937205e-17,0.04707893097581842
niche_54,Niche,5.0,3.0,0.3333333333333333,0.8393054431617166,0.6093186044401453,1.27402740982218,-0.0023724684807001606,0.0018782146054538518
niche_55,Niche,3.0,2.0,0.2,0.8392479961675664,0.4139779065352247,0.7129943113158251,-0.012385812803464201,0.0018782146169672364
niche_56,Niche,11.0,21.0,0.7333333333333333,1.8824004102734584,0.7149531959189033,2.24648430949116,-6.110186728284569e-7,0.013222323915288076
niche_57,Niche,7.0,5.0,0.4666666666666667,1.4406082008825907,0.5087306650452927,0.6058010773752641,-0.0003789861479878896,0.03222977395361994
niche_58,Niche,5.0,3.0,0.3333333333333333,1.4003991752293898,0.4958455198354037,0.3041619203824631,-0.012385812847497308,0.008581987689256948
niche_59,Niche,8.0,5.0,0.5333333333333333,1.7512746972740436,0.1985632382075473,0.6364039987977814,1.6472934127875757e-14,0.05410853343025822
niche_6,Niche,9.0,11.0,0.6,1.7723097990198275,0.7753220430152132,1.7400660178838312,-1.2996873159618254e-9,0.020660059804551885
niche_60,Niche,14.0,46.0,0.9333333333333333,2.326365199055927,0.882931678488591,5.970469271400665,-0.0006417147577526129,0.05038625502748921
niche_61,Niche,7.0,4.0,0.4666666666666667,1.7673916443859539,0.3939380940750603,0.05319197692960517,-0.012385850310076694,0.008581987689257225
niche_62,Niche,11.0,19.0,0.7333333333333333,1.9553558400773015,0.5519220011144188,0.6808258799039252,-0.007798219304010719,0.013949261329940106
niche_63,Niche,8.0,5.0,0.5333333333333333,1.9387003198416948,0.3848457820844895,0.1810999111301807,0.0,0.047041879380925945
niche_64,Niche,4.0,4.0,0.26666666666666666,1.1421680460502766,0.5903385737400362,1.6741456836049007,-0.0037072393294969998,0.009016399901598277
niche_65,Niche,12.0,15.0,0.8,1.922003470830305,0.45537737617468244,0.18182335451455217,1.3853412091404046e-6,0.05008503477655125
niche_66,Niche,7.0,6.0,0.4666666666666667,1.7726655841952916,0.4387211337640531,1.6166069643330452,-0.012201657885215685,0.013237642808393528
niche_67,Niche,6.0,5.0,0.4,1.6273812016974047,0.35005762550632946,1.419218931030416,-0.011535529137324207,0.008938988757185436
niche_68,Niche,5.0,6.0,0.3333333333333333,1.392375925028391,0.45677424027690505,0.9705091951204435,3.571488939928027e-11,0.003695817729422075
niche_69,Niche,6.0,5.0,0.4,1.4896602626690698,0.6136003619256825,1.2450208771998819,-0.0004621010754427008,0.040395892937981966
niche_7,Niche,6.0,8.0,0.4,1.5535204316021605,0.6894437597454943,1.3561131856313247,-0.00040265088451351343,0.04713748414467738
niche_70,Niche,8.0,11.0,0.5333333333333333,1.7943537724776033,0.7063305261338397,2.7458099138114114,1.638431080684001e-9,0.018788753920773338
niche_71,Niche,14.0,17.0,0.9333333333333333,2.3177781898501526,0.6307260592233039,1.6018128145762682,-2.802607266216354e-10,0.04947537111383236
niche_72,Niche,12.0,12.0,0.8,2.3334632969349767,0.5173487051469063,1.9818097511553372,1.4812575667605528e-8,0.04365257408568381
niche_73,Niche,10.0,10.0,0.6666666666666666,2.0415952391426373,0.5277034595907864,1.4423889137429868,-0.0003650703121113267,0.067943827519695
niche_74,Niche,9.0,7.0,0.6,1.8825912770198034,0.5168716499341586,0.9383270716095133,-0.0123858658431046,0.013237642793119245
niche_75,Niche,7.0,12.0,0.4666666666666667,1.3569634816271203,0.6059292341370286,0.9513856749515145,7.735811010386506e-14,0.044666144321975375
niche_76,Niche,6.0,11.0,0.4,1.551458496113331,0.7100898521698678,2.691754243620357,1.8412140238460406e-10,0.03218892826608708
niche_77,Niche,5.0,5.0,0.3333333333333333,1.4475132469135659,0.48844860459273165,1.1920879566096514,-0.009782442773807777,0.03535521037755804
niche_78,Niche,5.0,7.0,0.3333333333333333,1.2389093300744092,0.776482117847253,2.646775392184151,2.078258801346854e-9,0.010832157466517663
niche_79,Niche,11.0,40.0,0.7333333333333333,2.234397004753872,0.7362323881059094,2.5031261227234114,-0.0033984847514332557,0.01603727855561102
niche_8,Niche,11.0,36.0,0.7333333333333333,2.1659215403427208,0.7869619209638747,3.615623876124722,1.6230965818796787e-5,0.024375210615845685
niche_80,Niche,3.0,3.0,0.2,0.9991371367357667,0.45413373310634575,1.2244017636622107,-0.016458741427148836,0.01323764350271235
niche_81,Niche,14.0,31.0,0.9333333333333333,2.3201617864484825,0.7652959784677047,3.767692415327643,-0.0021046100099192666,0.02155441196037553
niche_82,Niche,6.0,5.0,0.4,1.3711081730561734,0.5355713472087071,1.2092983417175873,-0.002035118455472643,0.027672004233624346
niche_83,Niche,12.0,13.0,0.8,2.2018132331778886,0.6222864815933689,2.5840433364355415,1.053415088579876e-9,0.04098883991366063
niche_84,Niche,6.0,8.0,0.4,1.6370908668316546,0.37588040534928235,1.6441414164546977,-0.012872546370496004,0.03276636909255916
niche_85,Niche,8.0,12.0,0.5333333333333333,1.8077187852224887,0.7305669085873963,4.86044462754272,3.031048930126263e-5,0.014647869563268318
niche_86,Niche,5.0,5.0,0.3333333333333333,0.9629868323694037,0.5536695938549985,0.8575448373282707,1.0309865362397078e-6,0.048943205284558686
niche_87,Niche,3.0,2.0,0.2,0.8392479958103818,0.413977906649023,0.7129943115290125,-0.012385812854925245,0.0018782146056506145
niche_88,Niche,9.0,9.0,0.6,2.0343152982518746,0.5140530268191859,2.148538668015775,-1.9399075262004252e-8,0.011645842398192852
niche_89,Niche,3.0,2.0,0.2,0.8392480216783609,0.41397789714911615,0.7129942977060578,-0.012385811215115347,0.0018782152853742936
niche_9,Niche,9.0,7.0,0.6,2.09477107275789,0.18230648063623933,1.1853182438844483,-3.5824121447092067e-13,0.04728469999727556
niche_90,Niche,10.0,10.0,0.6666666666666666,1.9793267351935726,0.5841278263679175,1.4117838828869251,-2.163459639783687e-10,0.08281691061052196
niche_91,Niche,7.0,8.0,0.4666666666666667,1.63271414384095,0.7349301686274348,1.8821021398128006,-0.0011245554159311861,0.04883151513404033
niche_92,Niche,13.0,9.0,0.8666666666666667,2.3721966855143743,0.5882766460433537,1.3746176510236046,8.266634057749895e-9,0.008581987689257388
niche_93,Niche,9.0,6.0,0.6,1.753584657221811,0.33196214725683304,0.48511155538883205,-0.00019793145235018253,0.058437693698207026
niche_94,Niche,13.0,13.0,0.8666666666666667,2.486988223046888,0.6987571606293865,4.89504960654581,-0.01562968285220683,0.011092483370213685
niche_95,Niche,8.0,13.0,0.5333333333333333,1.84136544710409,0.6115579189688107,4.597240293629618,-0.00024408976434305598,0.017902357404445533
niche_96,Niche,8.0,19.0,0.5333333333333333,1.9087996161649106,0.6459616454506938,2.1235201766269696,-1.9202269662728348e-10,0.013232519393834137
niche_97,Niche,8.0,11.0,0.5333333333333333,1.7990250105192833,0.6647648772858603,2.3939402032438393,-0.002125329549326282,0.039876914882193956
niche_98,Niche,4.0,5.0,0.26666666666666666,1.141237061874224,0.6085510816587703,1.9136367618463985,-5.314904186682106e-11,0.006757115209025266
niche_99,Niche,8.0,11.0,0.5333333333333333,1.8689724906401426,0.5070468962272054,4.656913890688815,-0.003130154088371857,0.015687237245229108
random_1,Random,NaN,NaN,NaN,NaN,NaN,NaN,NaN,NaN
random_10,Random,15.0,34.0,1.0,2.5906932202937707,0.9475176360687669,5.285855119033084,-2.444154578468728e-10,-2.4437778087689336e-10
random_100,Random,10.0,10.0,0.6666666666666666,1.392915703439482,0.891313439735762,2.169395432879814,-1.7148245492417214e-7,0.05329404953909633
random_11,Random,NaN,NaN,NaN,NaN,NaN,NaN,NaN,NaN
random_12,Random,NaN,NaN,NaN,NaN,NaN,NaN,NaN,NaN
random_13,Random,14.0,19.0,0.9333333333333333,1.9355122333919739,0.8690783024627717,4.297100539169749,-4.660512039383826e-6,-4.1180454237815526e-6
random_14,Random,NaN,NaN,NaN,NaN,NaN,NaN,NaN,NaN
random_15,Random,NaN,NaN,NaN,NaN,NaN,NaN,NaN,NaN
random_16,Random,15.0,42.0,1.0,2.577543258092841,0.9720032221883361,9.073570702843664,-2.4497243668044107e-39,4.310830734291421e-17
random_17,Random,NaN,NaN,NaN,NaN,NaN,NaN,NaN,NaN
random_18,Random,15.0,49.0,1.0,2.3969856652186676,0.9795759397265218,9.575513855603562,-8.640494735001607e-6,0.00858200443700792
random_19,Random,15.0,56.0,1.0,2.5345778338971723,0.9782027179025643,8.877714726702317,-6.279224704614039e-17,-5.980467503629999e-17
random_2,Random,NaN,NaN,NaN,NaN,NaN,NaN,NaN,NaN
random_20,Random,8.0,7.0,0.5333333333333333,1.306141552572757,0.8325645213249522,3.0910955511373297,-8.044338691709014e-5,0.0018782307431915487
random_21,Random,15.0,27.0,1.0,2.638231844864593,0.9268039424590966,3.8163635611991364,-4.284336632342286e-9,-4.284268191443806e-9
random_22,Random,NaN,NaN,NaN,NaN,NaN,NaN,NaN,NaN
random_23,Random,NaN,NaN,NaN,NaN,NaN,NaN,NaN,NaN
random_24,Random,11.0,14.0,0.7333333333333333,0.9394933835815644,0.9162825434770991,4.854309424898105,-0.0005583826322141815,0.0018782876448998121
random_25,Random,NaN,NaN,NaN,NaN,NaN,NaN,NaN,NaN
random_26,Random,8.0,10.0,0.5333333333333333,1.9129226289759669,0.5336858176619106,2.152382684968896,-0.004596053057721708,0.012698239342525728
random_27,Random,11.0,14.0,0.7333333333333333,1.394661341109736,0.888731598946505,3.4125002580934787,-0.00011903591876780294,-0.00010670821476140099
random_28,Random,NaN,NaN,NaN,NaN,NaN,NaN,NaN,NaN
random_29,Random,15.0,34.0,1.0,2.515366865481356,0.9705882352908428,10.031363497306234,-2.5720594482853122e-21,5.965619896770661e-13
random_3,Random,NaN,NaN,NaN,NaN,NaN,NaN,NaN,NaN
random_30,Random,15.0,58.0,1.0,2.5118359076892385,0.9362294368546475,10.639957294821322,-7.620292950705338e-8,-7.619857020894582e-8
random_31,Random,NaN,NaN,NaN,NaN,NaN,NaN,NaN,NaN
random_32,Random,15.0,40.0,1.0,2.548828657797089,0.9732902339911895,9.51828431415994,8.630146118215326e-43,1.3524362243615598e-20
random_33,Random,NaN,NaN,NaN,NaN,NaN,NaN,NaN,NaN
random_34,Random,10.0,12.0,0.6666666666666666,1.8680355937409092,0.9166494569171788,3.7706830431828826,-5.461895303349676e-5,0.008584236091810181
random_35,Random,2.0,1.0,0.13333333333333333,0.5988811518733888,0.0,NaN,-0.10090741500284472,0.008581987689257092
random_36,Random,7.0,6.0,0.4666666666666667,1.4327679838102727,0.5916094468381814,1.3034270105824912,-2.5585859919517188e-11,0.013615449327459853
random_37,Random,10.0,12.0,0.6666666666666666,1.9023578816507232,0.6762304847560665,2.948461175017402,9.645848164224313e-5,0.03794559849680605
random_38,Random,15.0,42.0,1.0,2.4238358301393834,0.9761730725953788,8.13531071727646,-1.2732342664285948e-7,0.008584247511433744
random_39,Random,NaN,NaN,NaN,NaN,NaN,NaN,NaN,NaN
random_4,Random,NaN,NaN,NaN,NaN,NaN,NaN,NaN,NaN
random_40,Random,2.0,1.0,0.13333333333333333,0.5988811518733888,0.0,NaN,-0.10090741500284449,0.00858198768925716
random_41,Random,NaN,NaN,NaN,NaN,NaN,NaN,NaN,NaN
random_42,Random,NaN,NaN,NaN,NaN,NaN,NaN,NaN,NaN
random_43,Random,NaN,NaN,NaN,NaN,NaN,NaN,NaN,NaN
random_44,Random,NaN,NaN,NaN,NaN,NaN,NaN,NaN,NaN
random_45,Random,10.0,12.0,0.6666666666666666,1.135851983531118,0.9023278603225733,4.854345650757549,-0.00010849818173905698,0.0018781207128203516
random_46,Random,15.0,51.0,1.0,2.5858632478702157,0.9566812571819576,5.156455999122292,-1.0434896438699947e-7,2.2954948281120675e-5
random_47,Random,15.0,37.0,1.0,2.4925998916343066,0.9665147669007497,7.3313497085336925,-9.135775894325186e-55,1.3725365872759297e-16
random_48,Random,15.0,44.0,1.0,2.429579414439618,0.9650500181549673,7.5921004102988325,-1.1312515029557873e-9,-1.131249680614248e-9
random_49,Random,14.0,29.0,0.9333333333333333,2.3031982940772675,0.9025906017831355,3.8042906919076853,-1.6423072470090718e-6,-1.6171771496143212e-6
random_5,Random,NaN,NaN,NaN,NaN,NaN,NaN,NaN,NaN
random_50,Random,12.0,10.0,0.8,2.2429271273678695,0.6521270513869946,1.4642721159620689,-0.0004893890590695524,0.014009321960511448
random_51,Random,NaN,NaN,NaN,NaN,NaN,NaN,NaN,NaN
random_52,Random,NaN,NaN,NaN,NaN,NaN,NaN,NaN,NaN
random_53,Random,13.0,22.0,0.8666666666666667,1.4414328671155208,0.926514915416671,4.281286171376876,-0.00039801979801895577,0.010710184671293563
random_54,Random,NaN,NaN,NaN,NaN,NaN,NaN,NaN,NaN
random_55,Random,NaN,NaN,NaN,NaN,NaN,NaN,NaN,NaN
random_56,Random,NaN,NaN,NaN,NaN,NaN,NaN,NaN,NaN
random_57,Random,9.0,10.0,0.6,1.1592318547520368,0.8999999600468782,3.45653749401775,-0.00019285666180399015,0.008581989480743103
random_58,Random,15.0,26.0,1.0,2.5724068377056972,0.9615384508836669,6.558228564464969,6.968138575975273e-8,0.008581987689257258
random_59,Random,5.0,3.0,0.3333333333333333,0.9011832100156084,0.5663656869217313,0.2349156804664195,6.938893903907226e-17,0.0506971306158088
random_6,Random,NaN,NaN,NaN,NaN,NaN,NaN,NaN,NaN
random_60,Random,NaN,NaN,NaN,NaN,NaN,NaN,NaN,NaN
random_61,Random,15.0,19.0,1.0,2.225625340174149,0.8940847208655995,3.2489241206663064,-6.221846661090525e-6,0.03220891753100342
random_62,Random,10.0,13.0,0.6666666666666666,1.4902862189848352,0.7882487809653735,2.24140040278891,-0.0003962993428656923,0.017547760937268272
random_63,Random,8.0,5.0,0.5333333333333333,1.787281716912339,0.5142230643332404,0.3667508949818165,1.2428556511572282e-8,0.013616752894828903
random_64,Random,13.0,39.0,0.8666666666666667,1.2085827638880016,0.8411412218409504,5.194841744341994,-0.00011582781567592401,-0.00011582772523263306
random_65,Random,10.0,12.0,0.6666666666666666,1.2971450617857951,0.8314263242782189,2.7034593073932545,0.00022647525398785157,0.0027462634296634455
random_66,Random,8.0,8.0,0.5333333333333333,0.6340019608332876,0.8170719886129778,4.70864575367341,-0.000306515415656664,-0.0003065153985755353
random_67,Random,6.0,4.0,0.4,1.386367436638608,0.2480581239094739,0.5502117577885228,-0.0003909397126321899,0.032207353886813124
random_68,Random,NaN,NaN,NaN,NaN,NaN,NaN,NaN,NaN
random_69,Random,2.0,1.0,0.13333333333333333,0.6931119267434044,0.0,NaN,-0.357699656630893,0.01572560680040641
random_7,Random,NaN,NaN,NaN,NaN,NaN,NaN,NaN,NaN
random_70,Random,10.0,18.0,0.6666666666666666,1.084291859077834,0.8607394679206386,3.691811992507716,-0.00016677423845738338,-0.0001653760419179737
random_71,Random,10.0,13.0,0.6666666666666666,1.8078816295953541,0.7959644466547817,2.8256305076497537,-0.00023959692508456696,0.010322572524590623
random_72,Random,14.0,19.0,0.9333333333333333,2.1796658502423334,0.9203917954335268,4.078500682855678,-3.1616972051005494e-11,0.008582129773509336
random_73,Random,5.0,3.0,0.3333333333333333,0.6373135856002946,0.6666653098048334,0.7204886255335304,-0.0005952609941241524,0.009189668185448618
random_74,Random,12.0,11.0,0.8,2.112853823803192,0.7243961033927104,1.064687889171976,9.236866581160168e-14,0.05318448167540489
random_75,Random,12.0,25.0,0.8,1.478637138883793,0.9531152850687294,7.342152319643508,-0.0002553983634391614,0.0018774704129709012
random_76,Random,NaN,NaN,NaN,NaN,NaN,NaN,NaN,NaN
random_77,Random,NaN,NaN,NaN,NaN,NaN,NaN,NaN,NaN
random_78,Random,NaN,NaN,NaN,NaN,NaN,NaN,NaN,NaN
random_79,Random,NaN,NaN,NaN,NaN,NaN,NaN,NaN,NaN
random_8,Random,15.0,46.0,1.0,2.5975692465561284,0.9544415102707173,6.180702472714264,1.1550914035012813e-17,3.6763235621837325e-23
random_80,Random,NaN,NaN,NaN,NaN,NaN,NaN,NaN,NaN
random_81,Random,15.0,26.0,1.0,2.588498074280276,0.9615384615346334,5.5183178054601045,-5.89118214950021e-22,2.557367918559566e-11
random_82,Random,NaN,NaN,NaN,NaN,NaN,NaN,NaN,NaN
random_83,Random,15.0,38.0,1.0,2.5097427346150325,0.9736842105262473,10.410111017836922,1.080047865030073e-24,5.232959573804538e-16
random_84,Random,NaN,NaN,NaN,NaN,NaN,NaN,NaN,NaN
random_85,Random,NaN,NaN,NaN,NaN,NaN,NaN,NaN,NaN
random_86,Random,15.0,33.0,1.0,2.504624972558365,0.96969686873286,7.067987136529191,-1.778285277552598e-8,0.008581987704719565
random_87,Random,4.0,2.0,0.26666666666666666,0.6031847568292402,0.4999999999992317,0.1885985245910875,-0.0012079153294431379,0.008581987689257206
random_88,Random,8.0,5.0,0.5333333333333333,1.6517677044886256,0.6449632152029736,0.765147594534895,-0.0003139986414571994,0.00858198768925719
random_89,Random,NaN,NaN,NaN,NaN,NaN,NaN,NaN,NaN
random_9,Random,10.0,7.0,0.6666666666666666,1.8412552381975764,0.5616754308716705,0.7190177658532563,-0.0003455194939146324,0.032292549022169215
random_90,Random,8.0,10.0,0.5333333333333333,1.8094042895884368,0.7712942716970848,2.1103092087220685,-0.00028431008068004865,0.05281005753158865
random_91,Random,NaN,NaN,NaN,NaN,NaN,NaN,NaN,NaN
random_92,Random,9.0,6.0,0.6,1.9657848810467742,0.5427682843312298,0.29407869490980243,-1.2320467336031769e-14,0.05295792427856376
random_93,Random,6.0,5.0,0.4,1.610785777790512,0.48320148523756856,1.4326059724594271,-0.010753648392253195,0.032527135948283575
random_94,Random,7.0,7.0,0.4666666666666667,1.3538149408480349,0.5619813190912948,0.21385016180118468,-0.0004895672308314156,0.030519847922378173
random_95,Random,15.0,37.0,1.0,2.541327287930981,0.9704011375315229,8.697109419652872,-1.2993116969293102e-16,-1.2993116969288832e-16
random_96,Random,NaN,NaN,NaN,NaN,NaN,NaN,NaN,NaN
random_97,Random,15.0,26.0,1.0,2.4723793115977677,0.9070440002512496,5.067991637752416,-2.812389799373253e-7,-2.64592633110957e-7
random_98,Random,5.0,4.0,0.3333333333333333,1.3708815706622057,0.4194641829870225,0.9067217411442611,-0.010468800320508273,0.027672003881731546
random_99,Random,NaN,NaN,NaN,NaN,NaN,NaN,NaN,NaN
