Model,fw_ID,run_ID,robustness
LTM,ltm_1_10,1,0.2
ATN,atn_1_10,1,0.26
ADBM,adbm_1_10,1,0.35
Niche,niche_1_10,1,0.5
Cascade,cascade_1_10,1,0.35000000000000003
Random,random_1_10,1,0.26666666666666666
MaxEnt,maxent_1_10,1,0.35000000000000003
LTM,ltm_2_10,2,0.25
ATN,atn_2_10,2,0.25
ADBM,adbm_2_10,2,0.5
Niche,niche_2_10,2,0.4
Cascade,cascade_2_10,2,0.5
Random,random_2_10,2,0.4166666666666667
MaxEnt,maxent_2_10,2,0.5
LTM,ltm_3_10,3,0.3
ATN,atn_3_10,3,0.35000000000000003
ADBM,adbm_3_10,3,0.35000000000000003
Niche,niche_3_10,3,0.5
Cascade,cascade_3_10,3,0.25
Random,random_3_10,3,0.18000000000000002
MaxEnt,maxent_3_10,3,0.3
LTM,ltm_4_10,4,0.2
ATN,atn_4_10,4,0.2
ADBM,adbm_4_10,4,0.325
Niche,niche_4_10,4,0.5
Cascade,cascade_4_10,4,0.3666666666666667
Random,random_4_10,4,0.45
MaxEnt,maxent_4_10,4,0.3
LTM,ltm_5_10,5,0.5
ATN,atn_5_10,5,0.25
ADBM,adbm_5_10,5,0.5
Niche,niche_5_10,5,0.5
Cascade,cascade_5_10,5,0.5
Random,random_5_10,5,0.3666666666666667
MaxEnt,maxent_5_10,5,0.4
LTM,ltm_6_10,6,0.4
ATN,atn_6_10,6,0.23750000000000002
ADBM,adbm_6_10,6,0.3
Niche,niche_6_10,6,0.4
Cascade,cascade_6_10,6,0.5
Random,random_6_10,6,0.16666666666666669
MaxEnt,maxent_6_10,6,0.325
LTM,ltm_7_10,7,0.5
ATN,atn_7_10,7,0.08333333333333334
ADBM,adbm_7_10,7,0.5
Niche,niche_7_10,7,0.5
Cascade,cascade_7_10,7,0.3
Random,random_7_10,7,0.2
MaxEnt,maxent_7_10,7,0.5
LTM,ltm_8_10,8,0.5
ATN,atn_8_10,8,0.45
ADBM,adbm_8_10,8,0.4
Niche,niche_8_10,8,0.5
Cascade,cascade_8_10,8,0.07142857142857144
Random,random_8_10,8,0.5
MaxEnt,maxent_8_10,8,0.5
LTM,ltm_9_10,9,0.5
ATN,atn_9_10,9,0.4
ADBM,adbm_9_10,9,0.16666666666666669
Niche,niche_9_10,9,0.35000000000000003
Cascade,cascade_9_10,9,0.4
Random,random_9_10,9,0.5
MaxEnt,maxent_9_10,9,0.5
LTM,ltm_10_10,10,0.425
ATN,atn_10_10,10,0.325
ADBM,adbm_10_10,10,0.23750000000000002
Niche,niche_10_10,10,0.22857142857142856
Cascade,cascade_10_10,10,0.5
Random,random_10_10,10,0.5
MaxEnt,maxent_10_10,10,0.5
LTM,ltm_11_10,11,0.45
ATN,atn_11_10,11,0.3
ADBM,adbm_11_10,11,0.3
Niche,niche_11_10,11,0.3666666666666667
Cascade,cascade_11_10,11,0.5
Random,random_11_10,11,0.25
MaxEnt,maxent_11_10,11,0.5
LTM,ltm_12_10,12,0.5
ATN,atn_12_10,12,0.3
ADBM,adbm_12_10,12,0.425
Niche,niche_12_10,12,0.34
Cascade,cascade_12_10,12,0.5
Random,random_12_10,12,0.4
MaxEnt,maxent_12_10,12,0.4
LTM,ltm_13_10,13,0.5
ATN,atn_13_10,13,0.4
ADBM,adbm_13_10,13,0.3
Niche,niche_13_10,13,0.5
Cascade,cascade_13_10,13,0.4
Random,random_13_10,13,0.275
MaxEnt,maxent_13_10,13,0.4
LTM,ltm_14_10,14,0.34
ATN,atn_14_10,14,0.3666666666666667
ADBM,adbm_14_10,14,0.23750000000000002
Niche,niche_14_10,14,0.5
Cascade,cascade_14_10,14,0.275
Random,random_14_10,14,0.35000000000000003
MaxEnt,maxent_14_10,14,0.5
LTM,ltm_15_10,15,0.45
ATN,atn_15_10,15,0.43333333333333335
ADBM,adbm_15_10,15,0.35
Niche,niche_15_10,15,0.32
Cascade,cascade_15_10,15,0.5
Random,random_15_10,15,0.2
MaxEnt,maxent_15_10,15,0.4
LTM,ltm_16_10,16,0.3
ATN,atn_16_10,16,0.4
ADBM,adbm_16_10,16,0.05555555555555556
Niche,niche_16_10,16,0.32857142857142857
Cascade,cascade_16_10,16,0.5
Random,random_16_10,16,0.3
MaxEnt,maxent_16_10,16,0.4
LTM,ltm_17_10,17,0.15000000000000002
ATN,atn_17_10,17,0.2
ADBM,adbm_17_10,17,0.16666666666666669
Niche,niche_17_10,17,0.5
Cascade,cascade_17_10,17,0.5
Random,random_17_10,17,0.3333333333333333
MaxEnt,maxent_17_10,17,0.5
LTM,ltm_18_10,18,0.4
ATN,atn_18_10,18,0.43333333333333335
ADBM,adbm_18_10,18,0.2
Niche,niche_18_10,18,0.35
Cascade,cascade_18_10,18,0.5
Random,random_18_10,18,0.4
MaxEnt,maxent_18_10,18,0.35000000000000003
LTM,ltm_19_10,19,0.3666666666666667
ATN,atn_19_10,19,0.25
ADBM,adbm_19_10,19,0.4
Niche,niche_19_10,19,0.2
Cascade,cascade_19_10,19,0.45
Random,random_19_10,19,0.3
MaxEnt,maxent_19_10,19,0.15
LTM,ltm_20_10,20,0.43333333333333335
ATN,atn_20_10,20,0.5
ADBM,adbm_20_10,20,0.18000000000000002
Niche,niche_20_10,20,0.24
Cascade,cascade_20_10,20,0.5
Random,random_20_10,20,0.32857142857142857
MaxEnt,maxent_20_10,20,0.4
LTM,ltm_21_10,21,0.5
ATN,atn_21_10,21,0.4
ADBM,adbm_21_10,21,0.05555555555555556
Niche,niche_21_10,21,0.35
Cascade,cascade_21_10,21,0.3
Random,random_21_10,21,0.5
MaxEnt,maxent_21_10,21,0.4
LTM,ltm_22_10,22,0.5
ATN,atn_22_10,22,0.5
ADBM,adbm_22_10,22,0.3
Niche,niche_22_10,22,0.22857142857142856
Cascade,cascade_22_10,22,0.4
Random,random_22_10,22,0.4
MaxEnt,maxent_22_10,22,0.35000000000000003
LTM,ltm_23_10,23,0.4
ATN,atn_23_10,23,0.3666666666666667
ADBM,adbm_23_10,23,0.07142857142857144
Niche,niche_23_10,23,0.16666666666666669
Cascade,cascade_23_10,23,0.3
Random,random_23_10,23,0.3
MaxEnt,maxent_23_10,23,0.3666666666666667
LTM,ltm_24_10,24,0.4
ATN,atn_24_10,24,0.26
ADBM,adbm_24_10,24,0.4
Niche,niche_24_10,24,0.34
Cascade,cascade_24_10,24,0.5
Random,random_24_10,24,0.25
MaxEnt,maxent_24_10,24,0.35000000000000003
LTM,ltm_25_10,25,0.5
ATN,atn_25_10,25,0.08333333333333334
ADBM,adbm_25_10,25,0.3333333333333333
Niche,niche_25_10,25,0.2
Cascade,cascade_25_10,25,0.5
Random,random_25_10,25,0.35000000000000003
MaxEnt,maxent_25_10,25,0.3
LTM,ltm_26_10,26,0.35000000000000003
ATN,atn_26_10,26,0.275
ADBM,adbm_26_10,26,0.12
Niche,niche_26_10,26,0.5
Cascade,cascade_26_10,26,0.4
Random,random_26_10,26,0.3
MaxEnt,maxent_26_10,26,0.5
LTM,ltm_27_10,27,0.5
ATN,atn_27_10,27,0.425
ADBM,adbm_27_10,27,0.23333333333333334
Niche,niche_27_10,27,0.3
Cascade,cascade_27_10,27,0.3666666666666667
Random,random_27_10,27,0.4
MaxEnt,maxent_27_10,27,0.4
LTM,ltm_28_10,28,0.4
ATN,atn_28_10,28,0.3666666666666667
ADBM,adbm_28_10,28,0.3
Niche,niche_28_10,28,0.14444444444444446
Cascade,cascade_28_10,28,0.5
Random,random_28_10,28,0.31666666666666665
MaxEnt,maxent_28_10,28,0.4
LTM,ltm_29_10,29,0.5
ATN,atn_29_10,29,0.3666666666666667
ADBM,adbm_29_10,29,0.4
Niche,niche_29_10,29,0.5
Cascade,cascade_29_10,29,0.3333333333333333
Random,random_29_10,29,0.5
MaxEnt,maxent_29_10,29,0.3
LTM,ltm_30_10,30,0.5
ATN,atn_30_10,30,0.4
ADBM,adbm_30_10,30,0.4
Niche,niche_30_10,30,0.3
Cascade,cascade_30_10,30,0.5
Random,random_30_10,30,0.35
MaxEnt,maxent_30_10,30,0.25
LTM,ltm_31_10,31,0.43333333333333335
ATN,atn_31_10,31,0.4
ADBM,adbm_31_10,31,0.34
Niche,niche_31_10,31,0.3
Cascade,cascade_31_10,31,0.05
Random,random_31_10,31,0.35000000000000003
MaxEnt,maxent_31_10,31,0.18000000000000002
LTM,ltm_32_10,32,0.5
ATN,atn_32_10,32,0.4
ADBM,adbm_32_10,32,0.3333333333333333
Niche,niche_32_10,32,0.45
Cascade,cascade_32_10,32,0.3666666666666667
Random,random_32_10,32,0.5
MaxEnt,maxent_32_10,32,0.3666666666666667
LTM,ltm_33_10,33,0.5
ATN,atn_33_10,33,0.3
ADBM,adbm_33_10,33,0.4
Niche,niche_33_10,33,0.4
Cascade,cascade_33_10,33,0.4
Random,random_33_10,33,0.24285714285714285
MaxEnt,maxent_33_10,33,0.4
LTM,ltm_34_10,34,0.35000000000000003
ATN,atn_34_10,34,0.23333333333333334
ADBM,adbm_34_10,34,0.05555555555555556
Niche,niche_34_10,34,0.25
Cascade,cascade_34_10,34,0.08333333333333334
Random,random_34_10,34,0.3
MaxEnt,maxent_34_10,34,0.15000000000000002
LTM,ltm_35_10,35,0.5
ATN,atn_35_10,35,0.14444444444444446
ADBM,adbm_35_10,35,0.05555555555555556
Niche,niche_35_10,35,0.425
Cascade,cascade_35_10,35,0.3
Random,random_35_10,35,0.3
MaxEnt,maxent_35_10,35,0.3
LTM,ltm_36_10,36,0.43333333333333335
ATN,atn_36_10,36,0.42000000000000004
ADBM,adbm_36_10,36,0.5
Niche,niche_36_10,36,0.15714285714285717
Cascade,cascade_36_10,36,0.5
Random,random_36_10,36,0.4166666666666667
MaxEnt,maxent_36_10,36,0.5
LTM,ltm_37_10,37,0.4
ATN,atn_37_10,37,0.18000000000000002
ADBM,adbm_37_10,37,0.3
Niche,niche_37_10,37,0.5
Cascade,cascade_37_10,37,0.5
Random,random_37_10,37,0.4
MaxEnt,maxent_37_10,37,0.2
LTM,ltm_38_10,38,0.4166666666666667
ATN,atn_38_10,38,0.275
ADBM,adbm_38_10,38,0.08333333333333334
Niche,niche_38_10,38,0.4
Cascade,cascade_38_10,38,0.5
Random,random_38_10,38,0.225
MaxEnt,maxent_38_10,38,0.4
LTM,ltm_39_10,39,0.45
ATN,atn_39_10,39,0.2
ADBM,adbm_39_10,39,0.5
Niche,niche_39_10,39,0.425
Cascade,cascade_39_10,39,0.4
Random,random_39_10,39,0.23750000000000002
MaxEnt,maxent_39_10,39,0.4
LTM,ltm_40_10,40,0.26666666666666666
ATN,atn_40_10,40,0.31666666666666665
ADBM,adbm_40_10,40,0.32
Niche,niche_40_10,40,0.5
Cascade,cascade_40_10,40,0.4
Random,random_40_10,40,0.4166666666666667
MaxEnt,maxent_40_10,40,0.5
LTM,ltm_41_10,41,0.4
ATN,atn_41_10,41,0.45
ADBM,adbm_41_10,41,0.45
Niche,niche_41_10,41,0.4
Cascade,cascade_41_10,41,0.5
Random,random_41_10,41,0.2
MaxEnt,maxent_41_10,41,0.1
LTM,ltm_42_10,42,0.4
ATN,atn_42_10,42,0.5
ADBM,adbm_42_10,42,0.5
Niche,niche_42_10,42,0.4
Cascade,cascade_42_10,42,0.4166666666666667
Random,random_42_10,42,0.3
MaxEnt,maxent_42_10,42,0.3
LTM,ltm_43_10,43,0.5
ATN,atn_43_10,43,0.1375
ADBM,adbm_43_10,43,0.1375
Niche,niche_43_10,43,0.5
Cascade,cascade_43_10,43,0.5
Random,random_43_10,43,0.275
MaxEnt,maxent_43_10,43,0.4
LTM,ltm_44_10,44,0.5
ATN,atn_44_10,44,0.43333333333333335
ADBM,adbm_44_10,44,0.275
Niche,niche_44_10,44,0.5
Cascade,cascade_44_10,44,0.4
Random,random_44_10,44,0.3
MaxEnt,maxent_44_10,44,0.5
LTM,ltm_45_10,45,0.18000000000000002
ATN,atn_45_10,45,0.5
ADBM,adbm_45_10,45,0.3
Niche,niche_45_10,45,0.07142857142857144
Cascade,cascade_45_10,45,0.5
Random,random_45_10,45,0.4
MaxEnt,maxent_45_10,45,0.23333333333333334
LTM,ltm_46_10,46,0.3
ATN,atn_46_10,46,0.5
ADBM,adbm_46_10,46,0.4
Niche,niche_46_10,46,0.4166666666666667
Cascade,cascade_46_10,46,0.5
Random,random_46_10,46,0.34
MaxEnt,maxent_46_10,46,0.4
LTM,ltm_47_10,47,0.4
ATN,atn_47_10,47,0.225
ADBM,adbm_47_10,47,0.2
Niche,niche_47_10,47,0.5
Cascade,cascade_47_10,47,0.5
Random,random_47_10,47,0.43333333333333335
MaxEnt,maxent_47_10,47,0.4
LTM,ltm_48_10,48,0.1
ATN,atn_48_10,48,0.3
ADBM,adbm_48_10,48,0.07142857142857144
Niche,niche_48_10,48,0.2
Cascade,cascade_48_10,48,0.3
Random,random_48_10,48,0.4
MaxEnt,maxent_48_10,48,0.45
LTM,ltm_49_10,49,0.3
ATN,atn_49_10,49,0.5
ADBM,adbm_49_10,49,0.43333333333333335
Niche,niche_49_10,49,0.4
Cascade,cascade_49_10,49,0.3
Random,random_49_10,49,0.275
MaxEnt,maxent_49_10,49,0.5
LTM,ltm_50_10,50,0.45
ATN,atn_50_10,50,0.3
ADBM,adbm_50_10,50,0.2
Niche,niche_50_10,50,0.3666666666666667
Cascade,cascade_50_10,50,0.4
Random,random_50_10,50,0.3
MaxEnt,maxent_50_10,50,0.5
LTM,ltm_51_10,51,0.45
ATN,atn_51_10,51,0.45
ADBM,adbm_51_10,51,0.4
Niche,niche_51_10,51,0.5
Cascade,cascade_51_10,51,0.3
Random,random_51_10,51,0.4
MaxEnt,maxent_51_10,51,0.25
LTM,ltm_52_10,52,0.4
ATN,atn_52_10,52,0.5
ADBM,adbm_52_10,52,0.5
Niche,niche_52_10,52,0.18000000000000002
Cascade,cascade_52_10,52,0.23750000000000002
Random,random_52_10,52,0.5
MaxEnt,maxent_52_10,52,0.4
LTM,ltm_53_10,53,0.5
ATN,atn_53_10,53,0.35000000000000003
ADBM,adbm_53_10,53,0.24285714285714285
Niche,niche_53_10,53,0.3
Cascade,cascade_53_10,53,0.25
Random,random_53_10,53,0.5
MaxEnt,maxent_53_10,53,0.2
LTM,ltm_54_10,54,0.5
ATN,atn_54_10,54,0.3
ADBM,adbm_54_10,54,0.17500000000000002
Niche,niche_54_10,54,0.45
Cascade,cascade_54_10,54,0.5
Random,random_54_10,54,0.3
MaxEnt,maxent_54_10,54,0.3
LTM,ltm_55_10,55,0.4
ATN,atn_55_10,55,0.16666666666666669
ADBM,adbm_55_10,55,0.5
Niche,niche_55_10,55,0.5
Cascade,cascade_55_10,55,0.4
Random,random_55_10,55,0.1
MaxEnt,maxent_55_10,55,0.4
LTM,ltm_56_10,56,0.32857142857142857
ATN,atn_56_10,56,0.4
ADBM,adbm_56_10,56,0.26
Niche,niche_56_10,56,0.4
Cascade,cascade_56_10,56,0.5
Random,random_56_10,56,0.5
MaxEnt,maxent_56_10,56,0.45
LTM,ltm_57_10,57,0.35
ATN,atn_57_10,57,0.16666666666666669
ADBM,adbm_57_10,57,0.35
Niche,niche_57_10,57,0.25
Cascade,cascade_57_10,57,0.4
Random,random_57_10,57,0.08333333333333334
MaxEnt,maxent_57_10,57,0.425
LTM,ltm_58_10,58,0.5
ATN,atn_58_10,58,0.5
ADBM,adbm_58_10,58,0.35
Niche,niche_58_10,58,0.3
Cascade,cascade_58_10,58,0.3666666666666667
Random,random_58_10,58,0.26666666666666666
MaxEnt,maxent_58_10,58,0.4
LTM,ltm_59_10,59,0.5
ATN,atn_59_10,59,0.5
ADBM,adbm_59_10,59,0.1
Niche,niche_59_10,59,0.5
Cascade,cascade_59_10,59,0.4
Random,random_59_10,59,0.3
MaxEnt,maxent_59_10,59,0.425
LTM,ltm_60_10,60,0.4
ATN,atn_60_10,60,0.4
ADBM,adbm_60_10,60,0.05555555555555556
Niche,niche_60_10,60,0.45
Cascade,cascade_60_10,60,0.05
Random,random_60_10,60,0.5
MaxEnt,maxent_60_10,60,0.4
LTM,ltm_61_10,61,0.5
ATN,atn_61_10,61,0.4
ADBM,adbm_61_10,61,0.4
Niche,niche_61_10,61,0.2
Cascade,cascade_61_10,61,0.26666666666666666
Random,random_61_10,61,0.5
MaxEnt,maxent_61_10,61,0.425
LTM,ltm_62_10,62,0.18000000000000002
ATN,atn_62_10,62,0.35
ADBM,adbm_62_10,62,0.4
Niche,niche_62_10,62,0.16666666666666669
Cascade,cascade_62_10,62,0.5
Random,random_62_10,62,0.5
MaxEnt,maxent_62_10,62,0.3
LTM,ltm_63_10,63,0.3666666666666667
ATN,atn_63_10,63,0.18000000000000002
ADBM,adbm_63_10,63,0.4166666666666667
Niche,niche_63_10,63,0.3
Cascade,cascade_63_10,63,0.4
Random,random_63_10,63,0.35000000000000003
MaxEnt,maxent_63_10,63,0.4
LTM,ltm_64_10,64,0.4
ATN,atn_64_10,64,0.5
ADBM,adbm_64_10,64,0.45
Niche,niche_64_10,64,0.4
Cascade,cascade_64_10,64,0.3333333333333333
Random,random_64_10,64,0.35000000000000003
MaxEnt,maxent_64_10,64,0.08333333333333334
LTM,ltm_65_10,65,0.5
ATN,atn_65_10,65,0.3
ADBM,adbm_65_10,65,0.1375
Niche,niche_65_10,65,0.5
Cascade,cascade_65_10,65,0.4166666666666667
Random,random_65_10,65,0.3
MaxEnt,maxent_65_10,65,0.5
LTM,ltm_66_10,66,0.5
ATN,atn_66_10,66,0.275
ADBM,adbm_66_10,66,0.3
Niche,niche_66_10,66,0.425
Cascade,cascade_66_10,66,0.5
Random,random_66_10,66,0.4166666666666667
MaxEnt,maxent_66_10,66,0.5
LTM,ltm_67_10,67,0.26
ATN,atn_67_10,67,0.5
ADBM,adbm_67_10,67,0.4
Niche,niche_67_10,67,0.5
Cascade,cascade_67_10,67,0.32
Random,random_67_10,67,0.3
MaxEnt,maxent_67_10,67,0.34
LTM,ltm_68_10,68,0.5
ATN,atn_68_10,68,0.3666666666666667
ADBM,adbm_68_10,68,0.15000000000000002
Niche,niche_68_10,68,0.5
Cascade,cascade_68_10,68,0.4
Random,random_68_10,68,0.4
MaxEnt,maxent_68_10,68,0.34
LTM,ltm_69_10,69,0.43333333333333335
ATN,atn_69_10,69,0.3333333333333333
ADBM,adbm_69_10,69,0.18000000000000002
Niche,niche_69_10,69,0.5
Cascade,cascade_69_10,69,0.26666666666666666
Random,random_69_10,69,0.26666666666666666
MaxEnt,maxent_69_10,69,0.5
LTM,ltm_70_10,70,0.5
ATN,atn_70_10,70,0.07142857142857144
ADBM,adbm_70_10,70,0.26
Niche,niche_70_10,70,0.4
Cascade,cascade_70_10,70,0.5
Random,random_70_10,70,0.4
MaxEnt,maxent_70_10,70,0.5
LTM,ltm_71_10,71,0.18000000000000002
ATN,atn_71_10,71,0.3
ADBM,adbm_71_10,71,0.25
Niche,niche_71_10,71,0.4
Cascade,cascade_71_10,71,0.5
Random,random_71_10,71,0.4
MaxEnt,maxent_71_10,71,0.16666666666666669
LTM,ltm_72_10,72,0.45
ATN,atn_72_10,72,0.26
ADBM,adbm_72_10,72,0.2
Niche,niche_72_10,72,0.5
Cascade,cascade_72_10,72,0.35000000000000003
Random,random_72_10,72,0.25
MaxEnt,maxent_72_10,72,0.3666666666666667
LTM,ltm_73_10,73,0.5
ATN,atn_73_10,73,0.4
ADBM,adbm_73_10,73,0.08333333333333334
Niche,niche_73_10,73,0.5
Cascade,cascade_73_10,73,0.4
Random,random_73_10,73,0.4
MaxEnt,maxent_73_10,73,0.4
LTM,ltm_74_10,74,0.3333333333333333
ATN,atn_74_10,74,0.35000000000000003
ADBM,adbm_74_10,74,0.5
Niche,niche_74_10,74,0.3
Cascade,cascade_74_10,74,0.5
Random,random_74_10,74,0.21666666666666667
MaxEnt,maxent_74_10,74,0.3
LTM,ltm_75_10,75,0.5
ATN,atn_75_10,75,0.08333333333333334
ADBM,adbm_75_10,75,0.5
Niche,niche_75_10,75,0.275
Cascade,cascade_75_10,75,0.45
Random,random_75_10,75,0.5
MaxEnt,maxent_75_10,75,0.4
LTM,ltm_76_10,76,0.5
ATN,atn_76_10,76,0.43333333333333335
ADBM,adbm_76_10,76,0.3
Niche,niche_76_10,76,0.15000000000000002
Cascade,cascade_76_10,76,0.25
Random,random_76_10,76,0.32857142857142857
MaxEnt,maxent_76_10,76,0.5
LTM,ltm_77_10,77,0.5
ATN,atn_77_10,77,0.4
ADBM,adbm_77_10,77,0.24
Niche,niche_77_10,77,0.4
Cascade,cascade_77_10,77,0.5
Random,random_77_10,77,0.4
MaxEnt,maxent_77_10,77,0.3
LTM,ltm_78_10,78,0.3
ATN,atn_78_10,78,0.24285714285714285
ADBM,adbm_78_10,78,0.24285714285714285
Niche,niche_78_10,78,0.5
Cascade,cascade_78_10,78,0.4
Random,random_78_10,78,0.4
MaxEnt,maxent_78_10,78,0.4
LTM,ltm_79_10,79,0.4
ATN,atn_79_10,79,0.5
ADBM,adbm_79_10,79,0.35000000000000003
Niche,niche_79_10,79,0.1
Cascade,cascade_79_10,79,0.5
Random,random_79_10,79,0.45
MaxEnt,maxent_79_10,79,0.4
LTM,ltm_80_10,80,0.4
ATN,atn_80_10,80,0.3
ADBM,adbm_80_10,80,0.5
Niche,niche_80_10,80,0.5
Cascade,cascade_80_10,80,0.3
Random,random_80_10,80,0.4
MaxEnt,maxent_80_10,80,0.45
LTM,ltm_81_10,81,0.5
ATN,atn_81_10,81,0.43333333333333335
ADBM,adbm_81_10,81,0.15000000000000002
Niche,niche_81_10,81,0.4
Cascade,cascade_81_10,81,0.45
Random,random_81_10,81,0.4
MaxEnt,maxent_81_10,81,0.3
LTM,ltm_82_10,82,0.275
ATN,atn_82_10,82,0.45
ADBM,adbm_82_10,82,0.1
Niche,niche_82_10,82,0.5
Cascade,cascade_82_10,82,0.5
Random,random_82_10,82,0.4
MaxEnt,maxent_82_10,82,0.3
LTM,ltm_83_10,83,0.5
ATN,atn_83_10,83,0.5
ADBM,adbm_83_10,83,0.25
Niche,niche_83_10,83,0.4166666666666667
Cascade,cascade_83_10,83,0.5
Random,random_83_10,83,0.3
MaxEnt,maxent_83_10,83,0.35000000000000003
LTM,ltm_84_10,84,0.45
ATN,atn_84_10,84,0.35000000000000003
ADBM,adbm_84_10,84,0.4
Niche,niche_84_10,84,0.42000000000000004
Cascade,cascade_84_10,84,0.05
Random,random_84_10,84,0.275
MaxEnt,maxent_84_10,84,0.5
LTM,ltm_85_10,85,0.3666666666666667
ATN,atn_85_10,85,0.45
ADBM,adbm_85_10,85,0.275
Niche,niche_85_10,85,0.5
Cascade,cascade_85_10,85,0.425
Random,random_85_10,85,0.34
MaxEnt,maxent_85_10,85,0.5
LTM,ltm_86_10,86,0.35000000000000003
ATN,atn_86_10,86,0.325
ADBM,adbm_86_10,86,0.08333333333333334
Niche,niche_86_10,86,0.5
Cascade,cascade_86_10,86,0.4
Random,random_86_10,86,0.3
MaxEnt,maxent_86_10,86,0.5
LTM,ltm_87_10,87,0.5
ATN,atn_87_10,87,0.5
ADBM,adbm_87_10,87,0.26666666666666666
Niche,niche_87_10,87,0.5
Cascade,cascade_87_10,87,0.45
Random,random_87_10,87,0.4166666666666667
MaxEnt,maxent_87_10,87,0.4
LTM,ltm_88_10,88,0.45
ATN,atn_88_10,88,0.45
ADBM,adbm_88_10,88,0.1
Niche,niche_88_10,88,0.25
Cascade,cascade_88_10,88,0.05
Random,random_88_10,88,0.2
MaxEnt,maxent_88_10,88,0.23333333333333334
LTM,ltm_89_10,89,0.5
ATN,atn_89_10,89,0.45
ADBM,adbm_89_10,89,0.32
Niche,niche_89_10,89,0.3
Cascade,cascade_89_10,89,0.4
Random,random_89_10,89,0.25
MaxEnt,maxent_89_10,89,0.34
LTM,ltm_90_10,90,0.3
ATN,atn_90_10,90,0.15714285714285717
ADBM,adbm_90_10,90,0.3333333333333333
Niche,niche_90_10,90,0.5
Cascade,cascade_90_10,90,0.5
Random,random_90_10,90,0.3666666666666667
MaxEnt,maxent_90_10,90,0.15000000000000002
LTM,ltm_91_10,91,0.07142857142857144
ATN,atn_91_10,91,0.25
ADBM,adbm_91_10,91,0.3
Niche,niche_91_10,91,0.5
Cascade,cascade_91_10,91,0.4
Random,random_91_10,91,0.3
MaxEnt,maxent_91_10,91,0.2
LTM,ltm_92_10,92,0.5
ATN,atn_92_10,92,0.5
ADBM,adbm_92_10,92,0.2
Niche,niche_92_10,92,0.4
Cascade,cascade_92_10,92,0.5
Random,random_92_10,92,0.1
MaxEnt,maxent_92_10,92,0.3
LTM,ltm_93_10,93,0.5
ATN,atn_93_10,93,0.35
ADBM,adbm_93_10,93,0.1
Niche,niche_93_10,93,0.5
Cascade,cascade_93_10,93,0.4
Random,random_93_10,93,0.5
MaxEnt,maxent_93_10,93,0.4
LTM,ltm_94_10,94,0.2
ATN,atn_94_10,94,0.23333333333333334
ADBM,adbm_94_10,94,0.26
Niche,niche_94_10,94,0.5
Cascade,cascade_94_10,94,0.4
Random,random_94_10,94,0.32857142857142857
MaxEnt,maxent_94_10,94,0.35000000000000003
LTM,ltm_95_10,95,0.4
ATN,atn_95_10,95,0.45
ADBM,adbm_95_10,95,0.425
Niche,niche_95_10,95,0.5
Cascade,cascade_95_10,95,0.4
Random,random_95_10,95,0.325
MaxEnt,maxent_95_10,95,0.5
LTM,ltm_96_10,96,0.4
ATN,atn_96_10,96,0.43333333333333335
ADBM,adbm_96_10,96,0.24
Niche,niche_96_10,96,0.5
Cascade,cascade_96_10,96,0.3
Random,random_96_10,96,0.35
MaxEnt,maxent_96_10,96,0.2
LTM,ltm_97_10,97,0.5
ATN,atn_97_10,97,0.4
ADBM,adbm_97_10,97,0.16666666666666669
Niche,niche_97_10,97,0.3
Cascade,cascade_97_10,97,0.5
Random,random_97_10,97,0.325
MaxEnt,maxent_97_10,97,0.5
LTM,ltm_98_10,98,0.225
ATN,atn_98_10,98,0.5
ADBM,adbm_98_10,98,0.3
Niche,niche_98_10,98,0.5
Cascade,cascade_98_10,98,0.3333333333333333
Random,random_98_10,98,0.5
MaxEnt,maxent_98_10,98,0.5
LTM,ltm_99_10,99,0.5
ATN,atn_99_10,99,0.5
ADBM,adbm_99_10,99,0.45
Niche,niche_99_10,99,0.31666666666666665
Cascade,cascade_99_10,99,0.5
Random,random_99_10,99,0.32857142857142857
MaxEnt,maxent_99_10,99,0.32857142857142857
LTM,ltm_100_10,100,0.3
ATN,atn_100_10,100,0.4
ADBM,adbm_100_10,100,0.275
Niche,niche_100_10,100,0.4
Cascade,cascade_100_10,100,0.45
Random,random_100_10,100,0.5
MaxEnt,maxent_100_10,100,0.26
LTM,ltm_1_20,1,0.5
ATN,atn_1_20,1,0.45
ADBM,adbm_1_20,1,0.35
Niche,niche_1_20,1,0.42500000000000004
Cascade,cascade_1_20,1,0.3666666666666667
Random,random_1_20,1,0.5
MaxEnt,maxent_1_20,1,0.4
LTM,ltm_2_20,2,0.35
ATN,atn_2_20,2,0.35
ADBM,adbm_2_20,2,0.31999999999999995
Niche,niche_2_20,2,0.3625
Cascade,cascade_2_20,2,0.325
Random,random_2_20,2,0.5
MaxEnt,maxent_2_20,2,0.45
LTM,ltm_3_20,3,0.5
ATN,atn_3_20,3,0.2833333333333333
ADBM,adbm_3_20,3,0.35
Niche,niche_3_20,3,0.12222222222222223
Cascade,cascade_3_20,3,0.5
Random,random_3_20,3,0.375
MaxEnt,maxent_3_20,3,0.45
LTM,ltm_4_20,4,0.5
ATN,atn_4_20,4,0.45
ADBM,adbm_4_20,4,0.4
Niche,niche_4_20,4,0.42500000000000004
Cascade,cascade_4_20,4,0.45
Random,random_4_20,4,0.32999999999999996
MaxEnt,maxent_4_20,4,0.35
LTM,ltm_5_20,5,0.45
ATN,atn_5_20,5,0.15
ADBM,adbm_5_20,5,0.15
Niche,niche_5_20,5,0.35
Cascade,cascade_5_20,5,0.5
Random,random_5_20,5,0.5
MaxEnt,maxent_5_20,5,0.47500000000000003
LTM,ltm_6_20,6,0.35
ATN,atn_6_20,6,0.5
ADBM,adbm_6_20,6,0.43333333333333335
Niche,niche_6_20,6,0.325
Cascade,cascade_6_20,6,0.38333333333333336
Random,random_6_20,6,0.35
MaxEnt,maxent_6_20,6,0.4
LTM,ltm_7_20,7,0.5
ATN,atn_7_20,7,0.5
ADBM,adbm_7_20,7,0.3625
Niche,niche_7_20,7,0.4090909090909091
Cascade,cascade_7_20,7,0.3
Random,random_7_20,7,0.375
MaxEnt,maxent_7_20,7,0.45
LTM,ltm_8_20,8,0.45
ATN,atn_8_20,8,0.45
ADBM,adbm_8_20,8,0.4
Niche,niche_8_20,8,0.46
Cascade,cascade_8_20,8,0.45
Random,random_8_20,8,0.5
MaxEnt,maxent_8_20,8,0.5
LTM,ltm_9_20,9,0.35
ATN,atn_9_20,9,0.45
ADBM,adbm_9_20,9,0.3
Niche,niche_9_20,9,0.2857142857142857
Cascade,cascade_9_20,9,0.47500000000000003
Random,random_9_20,9,0.35
MaxEnt,maxent_9_20,9,0.36666666666666664
LTM,ltm_10_20,10,0.5
ATN,atn_10_20,10,0.5
ADBM,adbm_10_20,10,0.3
Niche,niche_10_20,10,0.5
Cascade,cascade_10_20,10,0.45
Random,random_10_20,10,0.5
MaxEnt,maxent_10_20,10,0.45
LTM,ltm_11_20,11,0.45
ATN,atn_11_20,11,0.2708333333333333
ADBM,adbm_11_20,11,0.13636363636363635
Niche,niche_11_20,11,0.3142857142857143
Cascade,cascade_11_20,11,0.5
Random,random_11_20,11,0.3
MaxEnt,maxent_11_20,11,0.45
LTM,ltm_12_20,12,0.5
ATN,atn_12_20,12,0.4
ADBM,adbm_12_20,12,0.32857142857142857
Niche,niche_12_20,12,0.375
Cascade,cascade_12_20,12,0.315
Random,random_12_20,12,0.24
MaxEnt,maxent_12_20,12,0.35
LTM,ltm_13_20,13,0.4
ATN,atn_13_20,13,0.4
ADBM,adbm_13_20,13,0.37
Niche,niche_13_20,13,0.13636363636363635
Cascade,cascade_13_20,13,0.06875
Random,random_13_20,13,0.3333333333333333
MaxEnt,maxent_13_20,13,0.4
LTM,ltm_14_20,14,0.275
ATN,atn_14_20,14,0.5
ADBM,adbm_14_20,14,0.21666666666666667
Niche,niche_14_20,14,0.4
Cascade,cascade_14_20,14,0.4083333333333333
Random,random_14_20,14,0.5
MaxEnt,maxent_14_20,14,0.45
LTM,ltm_15_20,15,0.35
ATN,atn_15_20,15,0.5
ADBM,adbm_15_20,15,0.2727272727272727
Niche,niche_15_20,15,0.45
Cascade,cascade_15_20,15,0.5
Random,random_15_20,15,0.275
MaxEnt,maxent_15_20,15,0.35
LTM,ltm_16_20,16,0.5
ATN,atn_16_20,16,0.32499999999999996
ADBM,adbm_16_20,16,0.3
Niche,niche_16_20,16,0.45
Cascade,cascade_16_20,16,0.23333333333333334
Random,random_16_20,16,0.35
MaxEnt,maxent_16_20,16,0.375
LTM,ltm_17_20,17,0.4
ATN,atn_17_20,17,0.23750000000000002
ADBM,adbm_17_20,17,0.35
Niche,niche_17_20,17,0.4166666666666667
Cascade,cascade_17_20,17,0.5
Random,random_17_20,17,0.5
MaxEnt,maxent_17_20,17,0.45
LTM,ltm_18_20,18,0.35
ATN,atn_18_20,18,0.5
ADBM,adbm_18_20,18,0.45
Niche,niche_18_20,18,0.4
Cascade,cascade_18_20,18,0.12222222222222223
Random,random_18_20,18,0.5
MaxEnt,maxent_18_20,18,0.25
LTM,ltm_19_20,19,0.5
ATN,atn_19_20,19,0.45625
ADBM,adbm_19_20,19,0.1
Niche,niche_19_20,19,0.45
Cascade,cascade_19_20,19,0.275
Random,random_19_20,19,0.47500000000000003
MaxEnt,maxent_19_20,19,0.45
LTM,ltm_20_20,20,0.5
ATN,atn_20_20,20,0.3
ADBM,adbm_20_20,20,0.25
Niche,niche_20_20,20,0.26666666666666666
Cascade,cascade_20_20,20,0.5
Random,random_20_20,20,0.5
MaxEnt,maxent_20_20,20,0.42500000000000004
LTM,ltm_21_20,21,0.3875
ATN,atn_21_20,21,0.45
ADBM,adbm_21_20,21,0.45
Niche,niche_21_20,21,0.35833333333333334
Cascade,cascade_21_20,21,0.4
Random,random_21_20,21,0.43333333333333335
MaxEnt,maxent_21_20,21,0.3
LTM,ltm_22_20,22,0.45
ATN,atn_22_20,22,0.4166666666666667
ADBM,adbm_22_20,22,0.185
Niche,niche_22_20,22,0.35
Cascade,cascade_22_20,22,0.5
Random,random_22_20,22,0.45
MaxEnt,maxent_22_20,22,0.45
LTM,ltm_23_20,23,0.36666666666666664
ATN,atn_23_20,23,0.5
ADBM,adbm_23_20,23,0.38333333333333336
Niche,niche_23_20,23,0.4
Cascade,cascade_23_20,23,0.45
Random,random_23_20,23,0.4166666666666667
MaxEnt,maxent_23_20,23,0.4
LTM,ltm_24_20,24,0.5
ATN,atn_24_20,24,0.35
ADBM,adbm_24_20,24,0.45
Niche,niche_24_20,24,0.3
Cascade,cascade_24_20,24,0.38333333333333336
Random,random_24_20,24,0.35
MaxEnt,maxent_24_20,24,0.45
LTM,ltm_25_20,25,0.5
ATN,atn_25_20,25,0.35
ADBM,adbm_25_20,25,0.47500000000000003
Niche,niche_25_20,25,0.25
Cascade,cascade_25_20,25,0.325
Random,random_25_20,25,0.25
MaxEnt,maxent_25_20,25,0.47500000000000003
LTM,ltm_26_20,26,0.45
ATN,atn_26_20,26,0.45
ADBM,adbm_26_20,26,0.3
Niche,niche_26_20,26,0.4
Cascade,cascade_26_20,26,0.5
Random,random_26_20,26,0.4
MaxEnt,maxent_26_20,26,0.35
LTM,ltm_27_20,27,0.35
ATN,atn_27_20,27,0.35
ADBM,adbm_27_20,27,0.2
Niche,niche_27_20,27,0.35
Cascade,cascade_27_20,27,0.47500000000000003
Random,random_27_20,27,0.35
MaxEnt,maxent_27_20,27,0.4
LTM,ltm_28_20,28,0.45
ATN,atn_28_20,28,0.43333333333333335
ADBM,adbm_28_20,28,0.25555555555555554
Niche,niche_28_20,28,0.2708333333333333
Cascade,cascade_28_20,28,0.35
Random,random_28_20,28,0.45
MaxEnt,maxent_28_20,28,0.375
LTM,ltm_29_20,29,0.38333333333333336
ATN,atn_29_20,29,0.4
ADBM,adbm_29_20,29,0.3875
Niche,niche_29_20,29,0.4666666666666667
Cascade,cascade_29_20,29,0.12222222222222223
Random,random_29_20,29,0.42500000000000004
MaxEnt,maxent_29_20,29,0.42000000000000004
LTM,ltm_30_20,30,0.45
ATN,atn_30_20,30,0.275
ADBM,adbm_30_20,30,0.04166666666666667
Niche,niche_30_20,30,0.2642857142857143
Cascade,cascade_30_20,30,0.47500000000000003
Random,random_30_20,30,0.5
MaxEnt,maxent_30_20,30,0.31999999999999995
LTM,ltm_31_20,31,0.5
ATN,atn_31_20,31,0.5
ADBM,adbm_31_20,31,0.35
Niche,niche_31_20,31,0.45
Cascade,cascade_31_20,31,0.5
Random,random_31_20,31,0.42500000000000004
MaxEnt,maxent_31_20,31,0.4166666666666667
LTM,ltm_32_20,32,0.3
ATN,atn_32_20,32,0.5
ADBM,adbm_32_20,32,0.225
Niche,niche_32_20,32,0.4
Cascade,cascade_32_20,32,0.375
Random,random_32_20,32,0.22500000000000003
MaxEnt,maxent_32_20,32,0.375
LTM,ltm_33_20,33,0.4
ATN,atn_33_20,33,0.35
ADBM,adbm_33_20,33,0.14444444444444443
Niche,niche_33_20,33,0.45
Cascade,cascade_33_20,33,0.375
Random,random_33_20,33,0.35
MaxEnt,maxent_33_20,33,0.38333333333333336
LTM,ltm_34_20,34,0.5
ATN,atn_34_20,34,0.5
ADBM,adbm_34_20,34,0.22272727272727272
Niche,niche_34_20,34,0.5
Cascade,cascade_34_20,34,0.45
Random,random_34_20,34,0.45
MaxEnt,maxent_34_20,34,0.4
LTM,ltm_35_20,35,0.47500000000000003
ATN,atn_35_20,35,0.5
ADBM,adbm_35_20,35,0.2857142857142857
Niche,niche_35_20,35,0.45
Cascade,cascade_35_20,35,0.36153846153846153
Random,random_35_20,35,0.5
MaxEnt,maxent_35_20,35,0.45
LTM,ltm_36_20,36,0.45
ATN,atn_36_20,36,0.47500000000000003
ADBM,adbm_36_20,36,0.45
Niche,niche_36_20,36,0.35
Cascade,cascade_36_20,36,0.4
Random,random_36_20,36,0.33749999999999997
MaxEnt,maxent_36_20,36,0.3
LTM,ltm_37_20,37,0.43333333333333335
ATN,atn_37_20,37,0.45
ADBM,adbm_37_20,37,0.37
Niche,niche_37_20,37,0.15
Cascade,cascade_37_20,37,0.5
Random,random_37_20,37,0.45
MaxEnt,maxent_37_20,37,0.325
LTM,ltm_38_20,38,0.4
ATN,atn_38_20,38,0.5
ADBM,adbm_38_20,38,0.42500000000000004
Niche,niche_38_20,38,0.45
Cascade,cascade_38_20,38,0.45
Random,random_38_20,38,0.5
MaxEnt,maxent_38_20,38,0.4
LTM,ltm_39_20,39,0.4
ATN,atn_39_20,39,0.4666666666666667
ADBM,adbm_39_20,39,0.35
Niche,niche_39_20,39,0.42500000000000004
Cascade,cascade_39_20,39,0.4
Random,random_39_20,39,0.17500000000000002
MaxEnt,maxent_39_20,39,0.13125
LTM,ltm_40_20,40,0.5
ATN,atn_40_20,40,0.5
ADBM,adbm_40_20,40,0.45
Niche,niche_40_20,40,0.4
Cascade,cascade_40_20,40,0.4083333333333333
Random,random_40_20,40,0.45
MaxEnt,maxent_40_20,40,0.25
LTM,ltm_41_20,41,0.38333333333333336
ATN,atn_41_20,41,0.35
ADBM,adbm_41_20,41,0.2625
Niche,niche_41_20,41,0.21250000000000002
Cascade,cascade_41_20,41,0.42500000000000004
Random,random_41_20,41,0.24
MaxEnt,maxent_41_20,41,0.4
LTM,ltm_42_20,42,0.3
ATN,atn_42_20,42,0.4
ADBM,adbm_42_20,42,0.3333333333333333
Niche,niche_42_20,42,0.275
Cascade,cascade_42_20,42,0.45
Random,random_42_20,42,0.5
MaxEnt,maxent_42_20,42,0.35
LTM,ltm_43_20,43,0.5
ATN,atn_43_20,43,0.4666666666666667
ADBM,adbm_43_20,43,0.4
Niche,niche_43_20,43,0.4
Cascade,cascade_43_20,43,0.025
Random,random_43_20,43,0.5
MaxEnt,maxent_43_20,43,0.4
LTM,ltm_44_20,44,0.5
ATN,atn_44_20,44,0.5
ADBM,adbm_44_20,44,0.15
Niche,niche_44_20,44,0.45
Cascade,cascade_44_20,44,0.45
Random,random_44_20,44,0.4
MaxEnt,maxent_44_20,44,0.37
LTM,ltm_45_20,45,0.5
ATN,atn_45_20,45,0.36
ADBM,adbm_45_20,45,0.4625
Niche,niche_45_20,45,0.5
Cascade,cascade_45_20,45,0.26666666666666666
Random,random_45_20,45,0.5
MaxEnt,maxent_45_20,45,0.3
LTM,ltm_46_20,46,0.4
ATN,atn_46_20,46,0.5
ADBM,adbm_46_20,46,0.05
Niche,niche_46_20,46,0.45
Cascade,cascade_46_20,46,0.4545454545454546
Random,random_46_20,46,0.45
MaxEnt,maxent_46_20,46,0.23750000000000002
LTM,ltm_47_20,47,0.4
ATN,atn_47_20,47,0.5
ADBM,adbm_47_20,47,0.1
Niche,niche_47_20,47,0.45
Cascade,cascade_47_20,47,0.4166666666666667
Random,random_47_20,47,0.35
MaxEnt,maxent_47_20,47,0.5
LTM,ltm_48_20,48,0.4666666666666667
ATN,atn_48_20,48,0.35
ADBM,adbm_48_20,48,0.5
Niche,niche_48_20,48,0.5
Cascade,cascade_48_20,48,0.26666666666666666
Random,random_48_20,48,0.5
MaxEnt,maxent_48_20,48,0.35
LTM,ltm_49_20,49,0.5
ATN,atn_49_20,49,0.3333333333333333
ADBM,adbm_49_20,49,0.45
Niche,niche_49_20,49,0.5
Cascade,cascade_49_20,49,0.025
Random,random_49_20,49,0.4
MaxEnt,maxent_49_20,49,0.45
LTM,ltm_50_20,50,0.42500000000000004
ATN,atn_50_20,50,0.3625
ADBM,adbm_50_20,50,0.36666666666666664
Niche,niche_50_20,50,0.45
Cascade,cascade_50_20,50,0.45
Random,random_50_20,50,0.4
MaxEnt,maxent_50_20,50,0.4
LTM,ltm_51_20,51,0.4
ATN,atn_51_20,51,0.5
ADBM,adbm_51_20,51,0.05
Niche,niche_51_20,51,0.4
Cascade,cascade_51_20,51,0.3
Random,random_51_20,51,0.5
MaxEnt,maxent_51_20,51,0.3
LTM,ltm_52_20,52,0.45
ATN,atn_52_20,52,0.1
ADBM,adbm_52_20,52,0.2833333333333333
Niche,niche_52_20,52,0.4
Cascade,cascade_52_20,52,0.5
Random,random_52_20,52,0.5
MaxEnt,maxent_52_20,52,0.42500000000000004
LTM,ltm_53_20,53,0.5
ATN,atn_53_20,53,0.47500000000000003
ADBM,adbm_53_20,53,0.25
Niche,niche_53_20,53,0.42500000000000004
Cascade,cascade_53_20,53,0.42500000000000004
Random,random_53_20,53,0.45
MaxEnt,maxent_53_20,53,0.4
LTM,ltm_54_20,54,0.3
ATN,atn_54_20,54,0.5
ADBM,adbm_54_20,54,0.2357142857142857
Niche,niche_54_20,54,0.35
Cascade,cascade_54_20,54,0.5
Random,random_54_20,54,0.4
MaxEnt,maxent_54_20,54,0.4
LTM,ltm_55_20,55,0.5
ATN,atn_55_20,55,0.37142857142857144
ADBM,adbm_55_20,55,0.1
Niche,niche_55_20,55,0.3333333333333333
Cascade,cascade_55_20,55,0.375
Random,random_55_20,55,0.5
MaxEnt,maxent_55_20,55,0.4
LTM,ltm_56_20,56,0.45
ATN,atn_56_20,56,0.4
ADBM,adbm_56_20,56,0.2857142857142857
Niche,niche_56_20,56,0.21875
Cascade,cascade_56_20,56,0.36153846153846153
Random,random_56_20,56,0.5
MaxEnt,maxent_56_20,56,0.5
LTM,ltm_57_20,57,0.5
ATN,atn_57_20,57,0.45833333333333337
ADBM,adbm_57_20,57,0.5
Niche,niche_57_20,57,0.5
Cascade,cascade_57_20,57,0.4666666666666667
Random,random_57_20,57,0.4545454545454546
MaxEnt,maxent_57_20,57,0.3333333333333333
LTM,ltm_58_20,58,0.5
ATN,atn_58_20,58,0.35
ADBM,adbm_58_20,58,0.4
Niche,niche_58_20,58,0.4
Cascade,cascade_58_20,58,0.45
Random,random_58_20,58,0.45
MaxEnt,maxent_58_20,58,0.4
LTM,ltm_59_20,59,0.35
ATN,atn_59_20,59,0.13333333333333333
ADBM,adbm_59_20,59,0.36666666666666664
Niche,niche_59_20,59,0.375
Cascade,cascade_59_20,59,0.5
Random,random_59_20,59,0.42500000000000004
MaxEnt,maxent_59_20,59,0.38333333333333336
LTM,ltm_60_20,60,0.45
ATN,atn_60_20,60,0.45
ADBM,adbm_60_20,60,0.11250000000000002
Niche,niche_60_20,60,0.5
Cascade,cascade_60_20,60,0.4545454545454546
Random,random_60_20,60,0.5
MaxEnt,maxent_60_20,60,0.45
LTM,ltm_61_20,61,0.41250000000000003
ATN,atn_61_20,61,0.5
ADBM,adbm_61_20,61,0.4
Niche,niche_61_20,61,0.45
Cascade,cascade_61_20,61,0.42500000000000004
Random,random_61_20,61,0.23333333333333334
MaxEnt,maxent_61_20,61,0.4
LTM,ltm_62_20,62,0.5
ATN,atn_62_20,62,0.21500000000000002
ADBM,adbm_62_20,62,0.21000000000000002
Niche,niche_62_20,62,0.4571428571428572
Cascade,cascade_62_20,62,0.35
Random,random_62_20,62,0.45
MaxEnt,maxent_62_20,62,0.45
LTM,ltm_63_20,63,0.1875
ATN,atn_63_20,63,0.5
ADBM,adbm_63_20,63,0.25833333333333336
Niche,niche_63_20,63,0.5
Cascade,cascade_63_20,63,0.35
Random,random_63_20,63,0.42500000000000004
MaxEnt,maxent_63_20,63,0.42500000000000004
LTM,ltm_64_20,64,0.4
ATN,atn_64_20,64,0.2611111111111111
ADBM,adbm_64_20,64,0.1285714285714286
Niche,niche_64_20,64,0.45
Cascade,cascade_64_20,64,0.35
Random,random_64_20,64,0.3
MaxEnt,maxent_64_20,64,0.24
LTM,ltm_65_20,65,0.47500000000000003
ATN,atn_65_20,65,0.45
ADBM,adbm_65_20,65,0.225
Niche,niche_65_20,65,0.3
Cascade,cascade_65_20,65,0.4
Random,random_65_20,65,0.5
MaxEnt,maxent_65_20,65,0.45
LTM,ltm_66_20,66,0.45
ATN,atn_66_20,66,0.43333333333333335
ADBM,adbm_66_20,66,0.2
Niche,niche_66_20,66,0.4
Cascade,cascade_66_20,66,0.5
Random,random_66_20,66,0.45
MaxEnt,maxent_66_20,66,0.38333333333333336
LTM,ltm_67_20,67,0.4
ATN,atn_67_20,67,0.4
ADBM,adbm_67_20,67,0.3
Niche,niche_67_20,67,0.11875000000000001
Cascade,cascade_67_20,67,0.4083333333333333
Random,random_67_20,67,0.5
MaxEnt,maxent_67_20,67,0.38
LTM,ltm_68_20,68,0.5
ATN,atn_68_20,68,0.4
ADBM,adbm_68_20,68,0.45
Niche,niche_68_20,68,0.25
Cascade,cascade_68_20,68,0.45
Random,random_68_20,68,0.47500000000000003
MaxEnt,maxent_68_20,68,0.5
LTM,ltm_69_20,69,0.37142857142857144
ATN,atn_69_20,69,0.5
ADBM,adbm_69_20,69,0.3125
Niche,niche_69_20,69,0.45
Cascade,cascade_69_20,69,0.5
Random,random_69_20,69,0.5
MaxEnt,maxent_69_20,69,0.42500000000000004
LTM,ltm_70_20,70,0.4
ATN,atn_70_20,70,0.45
ADBM,adbm_70_20,70,0.5
Niche,niche_70_20,70,0.375
Cascade,cascade_70_20,70,0.4545454545454546
Random,random_70_20,70,0.5
MaxEnt,maxent_70_20,70,0.45
LTM,ltm_71_20,71,0.5
ATN,atn_71_20,71,0.5
ADBM,adbm_71_20,71,0.22500000000000003
Niche,niche_71_20,71,0.4
Cascade,cascade_71_20,71,0.35
Random,random_71_20,71,0.45
MaxEnt,maxent_71_20,71,0.42500000000000004
LTM,ltm_72_20,72,0.5
ATN,atn_72_20,72,0.3
ADBM,adbm_72_20,72,0.325
Niche,niche_72_20,72,0.45
Cascade,cascade_72_20,72,0.45
Random,random_72_20,72,0.35
MaxEnt,maxent_72_20,72,0.4
LTM,ltm_73_20,73,0.5
ATN,atn_73_20,73,0.43333333333333335
ADBM,adbm_73_20,73,0.3333333333333333
Niche,niche_73_20,73,0.5
Cascade,cascade_73_20,73,0.3
Random,random_73_20,73,0.325
MaxEnt,maxent_73_20,73,0.45
LTM,ltm_74_20,74,0.45
ATN,atn_74_20,74,0.2357142857142857
ADBM,adbm_74_20,74,0.2
Niche,niche_74_20,74,0.45
Cascade,cascade_74_20,74,0.4666666666666667
Random,random_74_20,74,0.5
MaxEnt,maxent_74_20,74,0.3
LTM,ltm_75_20,75,0.4
ATN,atn_75_20,75,0.5
ADBM,adbm_75_20,75,0.35
Niche,niche_75_20,75,0.45
Cascade,cascade_75_20,75,0.4
Random,random_75_20,75,0.3
MaxEnt,maxent_75_20,75,0.45
LTM,ltm_76_20,76,0.35
ATN,atn_76_20,76,0.5
ADBM,adbm_76_20,76,0.2777777777777778
Niche,niche_76_20,76,0.23750000000000002
Cascade,cascade_76_20,76,0.5
Random,random_76_20,76,0.5
MaxEnt,maxent_76_20,76,0.5
LTM,ltm_77_20,77,0.15
ATN,atn_77_20,77,0.5
ADBM,adbm_77_20,77,0.38
Niche,niche_77_20,77,0.2
Cascade,cascade_77_20,77,0.4
Random,random_77_20,77,0.4
MaxEnt,maxent_77_20,77,0.35
LTM,ltm_78_20,78,0.5
ATN,atn_78_20,78,0.3
ADBM,adbm_78_20,78,0.15
Niche,niche_78_20,78,0.29
Cascade,cascade_78_20,78,0.3
Random,random_78_20,78,0.33999999999999997
MaxEnt,maxent_78_20,78,0.45
LTM,ltm_79_20,79,0.4166666666666667
ATN,atn_79_20,79,0.5
ADBM,adbm_79_20,79,0.4
Niche,niche_79_20,79,0.12222222222222223
Cascade,cascade_79_20,79,0.45
Random,random_79_20,79,0.5
MaxEnt,maxent_79_20,79,0.37
LTM,ltm_80_20,80,0.4
ATN,atn_80_20,80,0.5
ADBM,adbm_80_20,80,0.3
Niche,niche_80_20,80,0.45
Cascade,cascade_80_20,80,0.5
Random,random_80_20,80,0.45
MaxEnt,maxent_80_20,80,0.5
LTM,ltm_81_20,81,0.4166666666666667
ATN,atn_81_20,81,0.4
ADBM,adbm_81_20,81,0.08461538461538462
Niche,niche_81_20,81,0.3142857142857143
Cascade,cascade_81_20,81,0.5
Random,random_81_20,81,0.4625
MaxEnt,maxent_81_20,81,0.35
LTM,ltm_82_20,82,0.45
ATN,atn_82_20,82,0.45
ADBM,adbm_82_20,82,0.25
Niche,niche_82_20,82,0.45
Cascade,cascade_82_20,82,0.4
Random,random_82_20,82,0.4625
MaxEnt,maxent_82_20,82,0.405
LTM,ltm_83_20,83,0.5
ATN,atn_83_20,83,0.31666666666666665
ADBM,adbm_83_20,83,0.45
Niche,niche_83_20,83,0.45
Cascade,cascade_83_20,83,0.5
Random,random_83_20,83,0.42500000000000004
MaxEnt,maxent_83_20,83,0.325
LTM,ltm_84_20,84,0.47500000000000003
ATN,atn_84_20,84,0.5
ADBM,adbm_84_20,84,0.3
Niche,niche_84_20,84,0.4
Cascade,cascade_84_20,84,0.26153846153846155
Random,random_84_20,84,0.375
MaxEnt,maxent_84_20,84,0.3333333333333333
LTM,ltm_85_20,85,0.2833333333333333
ATN,atn_85_20,85,0.32857142857142857
ADBM,adbm_85_20,85,0.25
Niche,niche_85_20,85,0.4
Cascade,cascade_85_20,85,0.325
Random,random_85_20,85,0.3
MaxEnt,maxent_85_20,85,0.35
LTM,ltm_86_20,86,0.45
ATN,atn_86_20,86,0.5
ADBM,adbm_86_20,86,0.15
Niche,niche_86_20,86,0.5
Cascade,cascade_86_20,86,0.16875
Random,random_86_20,86,0.45
MaxEnt,maxent_86_20,86,0.5
LTM,ltm_87_20,87,0.5
ATN,atn_87_20,87,0.45
ADBM,adbm_87_20,87,0.3
Niche,niche_87_20,87,0.47500000000000003
Cascade,cascade_87_20,87,0.45
Random,random_87_20,87,0.5
MaxEnt,maxent_87_20,87,0.5
LTM,ltm_88_20,88,0.5
ATN,atn_88_20,88,0.35
ADBM,adbm_88_20,88,0.4
Niche,niche_88_20,88,0.45
Cascade,cascade_88_20,88,0.47500000000000003
Random,random_88_20,88,0.5
MaxEnt,maxent_88_20,88,0.375
LTM,ltm_89_20,89,0.47500000000000003
ATN,atn_89_20,89,0.5
ADBM,adbm_89_20,89,0.078125
Niche,niche_89_20,89,0.25
Cascade,cascade_89_20,89,0.47500000000000003
Random,random_89_20,89,0.4666666666666667
MaxEnt,maxent_89_20,89,0.42500000000000004
LTM,ltm_90_20,90,0.5
ATN,atn_90_20,90,0.4166666666666667
ADBM,adbm_90_20,90,0.45
Niche,niche_90_20,90,0.47500000000000003
Cascade,cascade_90_20,90,0.45
Random,random_90_20,90,0.5
MaxEnt,maxent_90_20,90,0.25
LTM,ltm_91_20,91,0.4
ATN,atn_91_20,91,0.3
ADBM,adbm_91_20,91,0.35
Niche,niche_91_20,91,0.2875
Cascade,cascade_91_20,91,0.3
Random,random_91_20,91,0.45
MaxEnt,maxent_91_20,91,0.275
LTM,ltm_92_20,92,0.45
ATN,atn_92_20,92,0.5
ADBM,adbm_92_20,92,0.3153846153846154
Niche,niche_92_20,92,0.5
Cascade,cascade_92_20,92,0.5
Random,random_92_20,92,0.41000000000000003
MaxEnt,maxent_92_20,92,0.45
LTM,ltm_93_20,93,0.5
ATN,atn_93_20,93,0.5
ADBM,adbm_93_20,93,0.1
Niche,niche_93_20,93,0.42500000000000004
Cascade,cascade_93_20,93,0.35
Random,random_93_20,93,0.3
MaxEnt,maxent_93_20,93,0.45
LTM,ltm_94_20,94,0.3
ATN,atn_94_20,94,0.45
ADBM,adbm_94_20,94,0.15
Niche,niche_94_20,94,0.5
Cascade,cascade_94_20,94,0.4045454545454546
Random,random_94_20,94,0.45
MaxEnt,maxent_94_20,94,0.4
LTM,ltm_95_20,95,0.4
ATN,atn_95_20,95,0.5
ADBM,adbm_95_20,95,0.18888888888888888
Niche,niche_95_20,95,0.35
Cascade,cascade_95_20,95,0.36153846153846153
Random,random_95_20,95,0.375
MaxEnt,maxent_95_20,95,0.4
LTM,ltm_96_20,96,0.5
ATN,atn_96_20,96,0.5
ADBM,adbm_96_20,96,0.30714285714285716
Niche,niche_96_20,96,0.05
Cascade,cascade_96_20,96,0.45
Random,random_96_20,96,0.45
MaxEnt,maxent_96_20,96,0.4
LTM,ltm_97_20,97,0.3
ATN,atn_97_20,97,0.47500000000000003
ADBM,adbm_97_20,97,0.5
Niche,niche_97_20,97,0.5
Cascade,cascade_97_20,97,0.35
Random,random_97_20,97,0.35
MaxEnt,maxent_97_20,97,0.35
LTM,ltm_98_20,98,0.5
ATN,atn_98_20,98,0.25
ADBM,adbm_98_20,98,0.3
Niche,niche_98_20,98,0.5
Cascade,cascade_98_20,98,0.5
Random,random_98_20,98,0.5
MaxEnt,maxent_98_20,98,0.35
LTM,ltm_99_20,99,0.4
ATN,atn_99_20,99,0.42000000000000004
ADBM,adbm_99_20,99,0.15
Niche,niche_99_20,99,0.45833333333333337
Cascade,cascade_99_20,99,0.35
Random,random_99_20,99,0.275
MaxEnt,maxent_99_20,99,0.45
LTM,ltm_100_20,100,0.1875
ATN,atn_100_20,100,0.45
ADBM,adbm_100_20,100,0.05
Niche,niche_100_20,100,0.17058823529411765
Cascade,cascade_100_20,100,0.5
Random,random_100_20,100,0.45
MaxEnt,maxent_100_20,100,0.3666666666666667
LTM,ltm_1_40,1,0.5
ATN,atn_1_40,1,0.455
ADBM,adbm_1_40,1,0.2642857142857143
Niche,niche_1_40,1,0.475
Cascade,cascade_1_40,1,0.1602941176470588
Random,random_1_40,1,0.5
MaxEnt,maxent_1_40,1,0.475
LTM,ltm_2_40,2,0.475
ATN,atn_2_40,2,0.5
ADBM,adbm_2_40,2,0.25
Niche,niche_2_40,2,0.5
Cascade,cascade_2_40,2,0.25833333333333336
Random,random_2_40,2,0.475
MaxEnt,maxent_2_40,2,0.425
LTM,ltm_3_40,3,0.5
ATN,atn_3_40,3,0.45
ADBM,adbm_3_40,3,0.27941176470588236
Niche,niche_3_40,3,0.475
Cascade,cascade_3_40,3,0.1338709677419355
Random,random_3_40,3,0.5
MaxEnt,maxent_3_40,3,0.45
LTM,ltm_4_40,4,0.475
ATN,atn_4_40,4,0.4
ADBM,adbm_4_40,4,0.2
Niche,niche_4_40,4,0.45
Cascade,cascade_4_40,4,0.31875
Random,random_4_40,4,0.4
MaxEnt,maxent_4_40,4,0.45
LTM,ltm_5_40,5,0.5
ATN,atn_5_40,5,0.45
ADBM,adbm_5_40,5,0.3416666666666667
Niche,niche_5_40,5,0.3096153846153846
Cascade,cascade_5_40,5,0.18387096774193548
Random,random_5_40,5,0.5
MaxEnt,maxent_5_40,5,0.4083333333333333
LTM,ltm_6_40,6,0.5
ATN,atn_6_40,6,0.3892857142857143
ADBM,adbm_6_40,6,0.35
Niche,niche_6_40,6,0.425
Cascade,cascade_6_40,6,0.48333333333333334
Random,random_6_40,6,0.5
MaxEnt,maxent_6_40,6,0.475
LTM,ltm_7_40,7,0.475
ATN,atn_7_40,7,0.425
ADBM,adbm_7_40,7,0.425
Niche,niche_7_40,7,0.365625
Cascade,cascade_7_40,7,0.48
Random,random_7_40,7,0.4875
MaxEnt,maxent_7_40,7,0.39
LTM,ltm_8_40,8,0.475
ATN,atn_8_40,8,0.5
ADBM,adbm_8_40,8,0.375
Niche,niche_8_40,8,0.44166666666666665
Cascade,cascade_8_40,8,0.39
Random,random_8_40,8,0.4
MaxEnt,maxent_8_40,8,0.45
LTM,ltm_9_40,9,0.5
ATN,atn_9_40,9,0.4583333333333333
ADBM,adbm_9_40,9,0.375
Niche,niche_9_40,9,0.475
Cascade,cascade_9_40,9,0.475
Random,random_9_40,9,0.475
MaxEnt,maxent_9_40,9,0.45
LTM,ltm_10_40,10,0.5
ATN,atn_10_40,10,0.45
ADBM,adbm_10_40,10,0.45
Niche,niche_10_40,10,0.475
Cascade,cascade_10_40,10,0.4
Random,random_10_40,10,0.5
MaxEnt,maxent_10_40,10,0.45
LTM,ltm_11_40,11,0.5
ATN,atn_11_40,11,0.5
ADBM,adbm_11_40,11,0.10625000000000001
Niche,niche_11_40,11,0.4375
Cascade,cascade_11_40,11,0.35
Random,random_11_40,11,0.425
MaxEnt,maxent_11_40,11,0.3125
LTM,ltm_12_40,12,0.5
ATN,atn_12_40,12,0.475
ADBM,adbm_12_40,12,0.31136363636363634
Niche,niche_12_40,12,0.44166666666666665
Cascade,cascade_12_40,12,0.23333333333333334
Random,random_12_40,12,0.25833333333333336
MaxEnt,maxent_12_40,12,0.4375
LTM,ltm_13_40,13,0.325
ATN,atn_13_40,13,0.5
ADBM,adbm_13_40,13,0.325
Niche,niche_13_40,13,0.475
Cascade,cascade_13_40,13,0.475
Random,random_13_40,13,0.5
MaxEnt,maxent_13_40,13,0.45
LTM,ltm_14_40,14,0.475
ATN,atn_14_40,14,0.25
ADBM,adbm_14_40,14,0.175
Niche,niche_14_40,14,0.45
Cascade,cascade_14_40,14,0.45
Random,random_14_40,14,0.5
MaxEnt,maxent_14_40,14,0.425
LTM,ltm_15_40,15,0.475
ATN,atn_15_40,15,0.428125
ADBM,adbm_15_40,15,0.15
Niche,niche_15_40,15,0.375
Cascade,cascade_15_40,15,0.33076923076923076
Random,random_15_40,15,0.475
MaxEnt,maxent_15_40,15,0.425
LTM,ltm_16_40,16,0.5
ATN,atn_16_40,16,0.375
ADBM,adbm_16_40,16,0.1
Niche,niche_16_40,16,0.24444444444444446
Cascade,cascade_16_40,16,0.2775
Random,random_16_40,16,0.375
MaxEnt,maxent_16_40,16,0.26875
LTM,ltm_17_40,17,0.5
ATN,atn_17_40,17,0.3
ADBM,adbm_17_40,17,0.25
Niche,niche_17_40,17,0.475
Cascade,cascade_17_40,17,0.425
Random,random_17_40,17,0.5
MaxEnt,maxent_17_40,17,0.5
LTM,ltm_18_40,18,0.45
ATN,atn_18_40,18,0.5
ADBM,adbm_18_40,18,0.375
Niche,niche_18_40,18,0.4
Cascade,cascade_18_40,18,0.2181818181818182
Random,random_18_40,18,0.43
MaxEnt,maxent_18_40,18,0.375
LTM,ltm_19_40,19,0.5
ATN,atn_19_40,19,0.5
ADBM,adbm_19_40,19,0.3
Niche,niche_19_40,19,0.425
Cascade,cascade_19_40,19,0.5
Random,random_19_40,19,0.5
MaxEnt,maxent_19_40,19,0.45
LTM,ltm_20_40,20,0.5
ATN,atn_20_40,20,0.35
ADBM,adbm_20_40,20,0.2923076923076923
Niche,niche_20_40,20,0.475
Cascade,cascade_20_40,20,0.5
Random,random_20_40,20,0.475
MaxEnt,maxent_20_40,20,0.35
LTM,ltm_21_40,21,0.5
ATN,atn_21_40,21,0.5
ADBM,adbm_21_40,21,0.4
Niche,niche_21_40,21,0.475
Cascade,cascade_21_40,21,0.475
Random,random_21_40,21,0.5
MaxEnt,maxent_21_40,21,0.475
LTM,ltm_22_40,22,0.5
ATN,atn_22_40,22,0.5
ADBM,adbm_22_40,22,0.2
Niche,niche_22_40,22,0.475
Cascade,cascade_22_40,22,0.5
Random,random_22_40,22,0.5
MaxEnt,maxent_22_40,22,0.475
LTM,ltm_23_40,23,0.5
ATN,atn_23_40,23,0.5
ADBM,adbm_23_40,23,0.09736842105263158
Niche,niche_23_40,23,0.4375
Cascade,cascade_23_40,23,0.355
Random,random_23_40,23,0.5
MaxEnt,maxent_23_40,23,0.475
LTM,ltm_24_40,24,0.5
ATN,atn_24_40,24,0.409375
ADBM,adbm_24_40,24,0.275
Niche,niche_24_40,24,0.25
Cascade,cascade_24_40,24,0.4
Random,random_24_40,24,0.4
MaxEnt,maxent_24_40,24,0.25
LTM,ltm_25_40,25,0.5
ATN,atn_25_40,25,0.4625
ADBM,adbm_25_40,25,0.38125000000000003
Niche,niche_25_40,25,0.475
Cascade,cascade_25_40,25,0.3314814814814815
Random,random_25_40,25,0.5
MaxEnt,maxent_25_40,25,0.5
LTM,ltm_26_40,26,0.475
ATN,atn_26_40,26,0.5
ADBM,adbm_26_40,26,0.4
Niche,niche_26_40,26,0.26875
Cascade,cascade_26_40,26,0.4125
Random,random_26_40,26,0.35
MaxEnt,maxent_26_40,26,0.3
LTM,ltm_27_40,27,0.40192307692307694
ATN,atn_27_40,27,0.5
ADBM,adbm_27_40,27,0.25
Niche,niche_27_40,27,0.5
Cascade,cascade_27_40,27,0.1357142857142857
Random,random_27_40,27,0.5
MaxEnt,maxent_27_40,27,0.5
LTM,ltm_28_40,28,0.5
ATN,atn_28_40,28,0.5
ADBM,adbm_28_40,28,0.2916666666666667
Niche,niche_28_40,28,0.45
Cascade,cascade_28_40,28,0.45
Random,random_28_40,28,0.5
MaxEnt,maxent_28_40,28,0.4
LTM,ltm_29_40,29,0.475
ATN,atn_29_40,29,0.5
ADBM,adbm_29_40,29,0.345
Niche,niche_29_40,29,0.45
Cascade,cascade_29_40,29,0.20625000000000002
Random,random_29_40,29,0.4375
MaxEnt,maxent_29_40,29,0.425
LTM,ltm_30_40,30,0.5
ATN,atn_30_40,30,0.5
ADBM,adbm_30_40,30,0.225
Niche,niche_30_40,30,0.1692307692307692
Cascade,cascade_30_40,30,0.5
Random,random_30_40,30,0.475
MaxEnt,maxent_30_40,30,0.475
LTM,ltm_31_40,31,0.45
ATN,atn_31_40,31,0.5
ADBM,adbm_31_40,31,0.325
Niche,niche_31_40,31,0.475
Cascade,cascade_31_40,31,0.11111111111111112
Random,random_31_40,31,0.5
MaxEnt,maxent_31_40,31,0.425
LTM,ltm_32_40,32,0.375
ATN,atn_32_40,32,0.45
ADBM,adbm_32_40,32,0.25
Niche,niche_32_40,32,0.45
Cascade,cascade_32_40,32,0.08648648648648649
Random,random_32_40,32,0.475
MaxEnt,maxent_32_40,32,0.45
LTM,ltm_33_40,33,0.45
ATN,atn_33_40,33,0.475
ADBM,adbm_33_40,33,0.375
Niche,niche_33_40,33,0.35
Cascade,cascade_33_40,33,0.4022727272727273
Random,random_33_40,33,0.5
MaxEnt,maxent_33_40,33,0.5
LTM,ltm_34_40,34,0.215
ATN,atn_34_40,34,0.5
ADBM,adbm_34_40,34,0.275
Niche,niche_34_40,34,0.4583333333333333
Cascade,cascade_34_40,34,0.5
Random,random_34_40,34,0.4875
MaxEnt,maxent_34_40,34,0.425
LTM,ltm_35_40,35,0.4
ATN,atn_35_40,35,0.475
ADBM,adbm_35_40,35,0.15
Niche,niche_35_40,35,0.31875
Cascade,cascade_35_40,35,0.475
Random,random_35_40,35,0.375
MaxEnt,maxent_35_40,35,0.45
LTM,ltm_36_40,36,0.5
ATN,atn_36_40,36,0.5
ADBM,adbm_36_40,36,0.375
Niche,niche_36_40,36,0.175
Cascade,cascade_36_40,36,0.4375
Random,random_36_40,36,0.5
MaxEnt,maxent_36_40,36,0.475
LTM,ltm_37_40,37,0.5
ATN,atn_37_40,37,0.5
ADBM,adbm_37_40,37,0.25
Niche,niche_37_40,37,0.425
Cascade,cascade_37_40,37,0.425
Random,random_37_40,37,0.34375
MaxEnt,maxent_37_40,37,0.375
LTM,ltm_38_40,38,0.5
ATN,atn_38_40,38,0.5
ADBM,adbm_38_40,38,0.1
Niche,niche_38_40,38,0.475
Cascade,cascade_38_40,38,0.35
Random,random_38_40,38,0.4
MaxEnt,maxent_38_40,38,0.3
LTM,ltm_39_40,39,0.475
ATN,atn_39_40,39,0.3125
ADBM,adbm_39_40,39,0.225
Niche,niche_39_40,39,0.425
Cascade,cascade_39_40,39,0.184375
Random,random_39_40,39,0.5
MaxEnt,maxent_39_40,39,0.375
LTM,ltm_40_40,40,0.48
ATN,atn_40_40,40,0.5
ADBM,adbm_40_40,40,0.4375
Niche,niche_40_40,40,0.475
Cascade,cascade_40_40,40,0.3875
Random,random_40_40,40,0.3875
MaxEnt,maxent_40_40,40,0.475
LTM,ltm_41_40,41,0.48333333333333334
ATN,atn_41_40,41,0.5
ADBM,adbm_41_40,41,0.475
Niche,niche_41_40,41,0.45
Cascade,cascade_41_40,41,0.03717948717948718
Random,random_41_40,41,0.5
MaxEnt,maxent_41_40,41,0.475
LTM,ltm_42_40,42,0.5
ATN,atn_42_40,42,0.425
ADBM,adbm_42_40,42,0.21666666666666667
Niche,niche_42_40,42,0.375
Cascade,cascade_42_40,42,0.475
Random,random_42_40,42,0.5
MaxEnt,maxent_42_40,42,0.5
LTM,ltm_43_40,43,0.5
ATN,atn_43_40,43,0.475
ADBM,adbm_43_40,43,0.25
Niche,niche_43_40,43,0.4
Cascade,cascade_43_40,43,0.40576923076923077
Random,random_43_40,43,0.5
MaxEnt,maxent_43_40,43,0.375
LTM,ltm_44_40,44,0.34375
ATN,atn_44_40,44,0.5
ADBM,adbm_44_40,44,0.275
Niche,niche_44_40,44,0.45
Cascade,cascade_44_40,44,0.425
Random,random_44_40,44,0.475
MaxEnt,maxent_44_40,44,0.5
LTM,ltm_45_40,45,0.5
ATN,atn_45_40,45,0.4875
ADBM,adbm_45_40,45,0.3
Niche,niche_45_40,45,0.475
Cascade,cascade_45_40,45,0.425
Random,random_45_40,45,0.5
MaxEnt,maxent_45_40,45,0.475
LTM,ltm_46_40,46,0.475
ATN,atn_46_40,46,0.5
ADBM,adbm_46_40,46,0.4666666666666667
Niche,niche_46_40,46,0.5
Cascade,cascade_46_40,46,0.425
Random,random_46_40,46,0.5
MaxEnt,maxent_46_40,46,0.425
LTM,ltm_47_40,47,0.5
ATN,atn_47_40,47,0.5
ADBM,adbm_47_40,47,0.35
Niche,niche_47_40,47,0.475
Cascade,cascade_47_40,47,0.475
Random,random_47_40,47,0.5
MaxEnt,maxent_47_40,47,0.45
LTM,ltm_48_40,48,0.475
ATN,atn_48_40,48,0.45
ADBM,adbm_48_40,48,0.0891304347826087
Niche,niche_48_40,48,0.375
Cascade,cascade_48_40,48,0.35
Random,random_48_40,48,0.325
MaxEnt,maxent_48_40,48,0.475
LTM,ltm_49_40,49,0.4666666666666667
ATN,atn_49_40,49,0.475
ADBM,adbm_49_40,49,0.32083333333333336
Niche,niche_49_40,49,0.3875
Cascade,cascade_49_40,49,0.3
Random,random_49_40,49,0.5
MaxEnt,maxent_49_40,49,0.3875
LTM,ltm_50_40,50,0.5
ATN,atn_50_40,50,0.5
ADBM,adbm_50_40,50,0.3416666666666667
Niche,niche_50_40,50,0.475
Cascade,cascade_50_40,50,0.475
Random,random_50_40,50,0.475
MaxEnt,maxent_50_40,50,0.5
LTM,ltm_51_40,51,0.5
ATN,atn_51_40,51,0.5
ADBM,adbm_51_40,51,0.3
Niche,niche_51_40,51,0.4
Cascade,cascade_51_40,51,0.45
Random,random_51_40,51,0.475
MaxEnt,maxent_51_40,51,0.425
LTM,ltm_52_40,52,0.5
ATN,atn_52_40,52,0.5
ADBM,adbm_52_40,52,0.35
Niche,niche_52_40,52,0.22916666666666669
Cascade,cascade_52_40,52,0.32
Random,random_52_40,52,0.425
MaxEnt,maxent_52_40,52,0.375
LTM,ltm_53_40,53,0.5
ATN,atn_53_40,53,0.5
ADBM,adbm_53_40,53,0.45
Niche,niche_53_40,53,0.5
Cascade,cascade_53_40,53,0.5
Random,random_53_40,53,0.5
MaxEnt,maxent_53_40,53,0.425
LTM,ltm_54_40,54,0.5
ATN,atn_54_40,54,0.475
ADBM,adbm_54_40,54,0.203125
Niche,niche_54_40,54,0.35
Cascade,cascade_54_40,54,0.3
Random,random_54_40,54,0.4
MaxEnt,maxent_54_40,54,0.4
LTM,ltm_55_40,55,0.5
ATN,atn_55_40,55,0.5
ADBM,adbm_55_40,55,0.45
Niche,niche_55_40,55,0.275
Cascade,cascade_55_40,55,0.5
Random,random_55_40,55,0.5
MaxEnt,maxent_55_40,55,0.35
LTM,ltm_56_40,56,0.475
ATN,atn_56_40,56,0.5
ADBM,adbm_56_40,56,0.4625
Niche,niche_56_40,56,0.4032608695652174
Cascade,cascade_56_40,56,0.475
Random,random_56_40,56,0.5
MaxEnt,maxent_56_40,56,0.4
LTM,ltm_57_40,57,0.4666666666666667
ATN,atn_57_40,57,0.4875
ADBM,adbm_57_40,57,0.15892857142857142
Niche,niche_57_40,57,0.425
Cascade,cascade_57_40,57,0.475
Random,random_57_40,57,0.5
MaxEnt,maxent_57_40,57,0.475
LTM,ltm_58_40,58,0.4
ATN,atn_58_40,58,0.475
ADBM,adbm_58_40,58,0.246875
Niche,niche_58_40,58,0.225
Cascade,cascade_58_40,58,0.35833333333333334
Random,random_58_40,58,0.4625
MaxEnt,maxent_58_40,58,0.375
LTM,ltm_59_40,59,0.39166666666666666
ATN,atn_59_40,59,0.5
ADBM,adbm_59_40,59,0.3
Niche,niche_59_40,59,0.409375
Cascade,cascade_59_40,59,0.45
Random,random_59_40,59,0.5
MaxEnt,maxent_59_40,59,0.4
LTM,ltm_60_40,60,0.5
ATN,atn_60_40,60,0.5
ADBM,adbm_60_40,60,0.325
Niche,niche_60_40,60,0.425
Cascade,cascade_60_40,60,0.35
Random,random_60_40,60,0.5
MaxEnt,maxent_60_40,60,0.45
LTM,ltm_61_40,61,0.45
ATN,atn_61_40,61,0.5
ADBM,adbm_61_40,61,0.18125
Niche,niche_61_40,61,0.45
Cascade,cascade_61_40,61,0.5
Random,random_61_40,61,0.5
MaxEnt,maxent_61_40,61,0.375
LTM,ltm_62_40,62,0.5
ATN,atn_62_40,62,0.5
ADBM,adbm_62_40,62,0.29545454545454547
Niche,niche_62_40,62,0.2916666666666667
Cascade,cascade_62_40,62,0.425
Random,random_62_40,62,0.45
MaxEnt,maxent_62_40,62,0.45
LTM,ltm_63_40,63,0.5
ATN,atn_63_40,63,0.45
ADBM,adbm_63_40,63,0.27222222222222225
Niche,niche_63_40,63,0.3782608695652174
Cascade,cascade_63_40,63,0.45
Random,random_63_40,63,0.48125
MaxEnt,maxent_63_40,63,0.425
LTM,ltm_64_40,64,0.5
ATN,atn_64_40,64,0.425
ADBM,adbm_64_40,64,0.19821428571428573
Niche,niche_64_40,64,0.4
Cascade,cascade_64_40,64,0.45
Random,random_64_40,64,0.5
MaxEnt,maxent_64_40,64,0.475
LTM,ltm_65_40,65,0.4666666666666667
ATN,atn_65_40,65,0.5
ADBM,adbm_65_40,65,0.334375
Niche,niche_65_40,65,0.425
Cascade,cascade_65_40,65,0.5
Random,random_65_40,65,0.475
MaxEnt,maxent_65_40,65,0.425
LTM,ltm_66_40,66,0.48333333333333334
ATN,atn_66_40,66,0.5
ADBM,adbm_66_40,66,0.4
Niche,niche_66_40,66,0.4
Cascade,cascade_66_40,66,0.5
Random,random_66_40,66,0.4625
MaxEnt,maxent_66_40,66,0.4
LTM,ltm_67_40,67,0.45
ATN,atn_67_40,67,0.375
ADBM,adbm_67_40,67,0.225
Niche,niche_67_40,67,0.3
Cascade,cascade_67_40,67,0.475
Random,random_67_40,67,0.4
MaxEnt,maxent_67_40,67,0.4
LTM,ltm_68_40,68,0.5
ATN,atn_68_40,68,0.245
ADBM,adbm_68_40,68,0.275
Niche,niche_68_40,68,0.425
Cascade,cascade_68_40,68,0.475
Random,random_68_40,68,0.475
MaxEnt,maxent_68_40,68,0.39166666666666666
LTM,ltm_69_40,69,0.425
ATN,atn_69_40,69,0.3357142857142857
ADBM,adbm_69_40,69,0.375
Niche,niche_69_40,69,0.425
Cascade,cascade_69_40,69,0.45
Random,random_69_40,69,0.3333333333333333
MaxEnt,maxent_69_40,69,0.425
LTM,ltm_70_40,70,0.475
ATN,atn_70_40,70,0.5
ADBM,adbm_70_40,70,0.225
Niche,niche_70_40,70,0.4
Cascade,cascade_70_40,70,0.4
Random,random_70_40,70,0.475
MaxEnt,maxent_70_40,70,0.4
LTM,ltm_71_40,71,0.5
ATN,atn_71_40,71,0.5
ADBM,adbm_71_40,71,0.45
Niche,niche_71_40,71,0.425
Cascade,cascade_71_40,71,0.45
Random,random_71_40,71,0.5
MaxEnt,maxent_71_40,71,0.475
LTM,ltm_72_40,72,0.5
ATN,atn_72_40,72,0.5
ADBM,adbm_72_40,72,0.34285714285714286
Niche,niche_72_40,72,0.3375
Cascade,cascade_72_40,72,0.45
Random,random_72_40,72,0.4375
MaxEnt,maxent_72_40,72,0.375
LTM,ltm_73_40,73,0.365
ATN,atn_73_40,73,0.5
ADBM,adbm_73_40,73,0.3
Niche,niche_73_40,73,0.35
Cascade,cascade_73_40,73,0.425
Random,random_73_40,73,0.45
MaxEnt,maxent_73_40,73,0.45
LTM,ltm_74_40,74,0.475
ATN,atn_74_40,74,0.5
ADBM,adbm_74_40,74,0.2
Niche,niche_74_40,74,0.45
Cascade,cascade_74_40,74,0.45
Random,random_74_40,74,0.5
MaxEnt,maxent_74_40,74,0.425
LTM,ltm_75_40,75,0.5
ATN,atn_75_40,75,0.5
ADBM,adbm_75_40,75,0.375
Niche,niche_75_40,75,0.375
Cascade,cascade_75_40,75,0.4
Random,random_75_40,75,0.2833333333333333
MaxEnt,maxent_75_40,75,0.45
LTM,ltm_76_40,76,0.5
ATN,atn_76_40,76,0.5
ADBM,adbm_76_40,76,0.12
Niche,niche_76_40,76,0.41000000000000003
Cascade,cascade_76_40,76,0.5
Random,random_76_40,76,0.5
MaxEnt,maxent_76_40,76,0.3625
LTM,ltm_77_40,77,0.4875
ATN,atn_77_40,77,0.5
ADBM,adbm_77_40,77,0.3388888888888889
Niche,niche_77_40,77,0.4875
Cascade,cascade_77_40,77,0.5
Random,random_77_40,77,0.5
MaxEnt,maxent_77_40,77,0.4375
LTM,ltm_78_40,78,0.5
ATN,atn_78_40,78,0.5
ADBM,adbm_78_40,78,0.37857142857142856
Niche,niche_78_40,78,0.475
Cascade,cascade_78_40,78,0.425
Random,random_78_40,78,0.5
MaxEnt,maxent_78_40,78,0.425
LTM,ltm_79_40,79,0.475
ATN,atn_79_40,79,0.32222222222222224
ADBM,adbm_79_40,79,0.475
Niche,niche_79_40,79,0.425
Cascade,cascade_79_40,79,0.475
Random,random_79_40,79,0.5
MaxEnt,maxent_79_40,79,0.475
LTM,ltm_80_40,80,0.45
ATN,atn_80_40,80,0.5
ADBM,adbm_80_40,80,0.21125
Niche,niche_80_40,80,0.4375
Cascade,cascade_80_40,80,0.475
Random,random_80_40,80,0.5
MaxEnt,maxent_80_40,80,0.3875
LTM,ltm_81_40,81,0.5
ATN,atn_81_40,81,0.5
ADBM,adbm_81_40,81,0.2857142857142857
Niche,niche_81_40,81,0.425
Cascade,cascade_81_40,81,0.355
Random,random_81_40,81,0.45
MaxEnt,maxent_81_40,81,0.45
LTM,ltm_82_40,82,0.5
ATN,atn_82_40,82,0.475
ADBM,adbm_82_40,82,0.3
Niche,niche_82_40,82,0.48
Cascade,cascade_82_40,82,0.425
Random,random_82_40,82,0.475
MaxEnt,maxent_82_40,82,0.4125
LTM,ltm_83_40,83,0.5
ATN,atn_83_40,83,0.475
ADBM,adbm_83_40,83,0.3
Niche,niche_83_40,83,0.48125
Cascade,cascade_83_40,83,0.4083333333333333
Random,random_83_40,83,0.425
MaxEnt,maxent_83_40,83,0.365
LTM,ltm_84_40,84,0.5
ATN,atn_84_40,84,0.5
ADBM,adbm_84_40,84,0.375
Niche,niche_84_40,84,0.5
Cascade,cascade_84_40,84,0.275
Random,random_84_40,84,0.5
MaxEnt,maxent_84_40,84,0.425
LTM,ltm_85_40,85,0.5
ATN,atn_85_40,85,0.5
ADBM,adbm_85_40,85,0.4375
Niche,niche_85_40,85,0.475
Cascade,cascade_85_40,85,0.5
Random,random_85_40,85,0.5
MaxEnt,maxent_85_40,85,0.5
LTM,ltm_86_40,86,0.5
ATN,atn_86_40,86,0.5
ADBM,adbm_86_40,86,0.3
Niche,niche_86_40,86,0.425
Cascade,cascade_86_40,86,0.45
Random,random_86_40,86,0.36
MaxEnt,maxent_86_40,86,0.3
LTM,ltm_87_40,87,0.4
ATN,atn_87_40,87,0.09347826086956522
ADBM,adbm_87_40,87,0.21250000000000002
Niche,niche_87_40,87,0.425
Cascade,cascade_87_40,87,0.45
Random,random_87_40,87,0.375
MaxEnt,maxent_87_40,87,0.5
LTM,ltm_88_40,88,0.5
ATN,atn_88_40,88,0.45
ADBM,adbm_88_40,88,0.3416666666666667
Niche,niche_88_40,88,0.4875
Cascade,cascade_88_40,88,0.5
Random,random_88_40,88,0.5
MaxEnt,maxent_88_40,88,0.375
LTM,ltm_89_40,89,0.5
ATN,atn_89_40,89,0.275
ADBM,adbm_89_40,89,0.068
Niche,niche_89_40,89,0.475
Cascade,cascade_89_40,89,0.5
Random,random_89_40,89,0.5
MaxEnt,maxent_89_40,89,0.41250000000000003
LTM,ltm_90_40,90,0.4
ATN,atn_90_40,90,0.5
ADBM,adbm_90_40,90,0.2
Niche,niche_90_40,90,0.3552083333333333
Cascade,cascade_90_40,90,0.425
Random,random_90_40,90,0.5
MaxEnt,maxent_90_40,90,0.45
LTM,ltm_91_40,91,0.5
ATN,atn_91_40,91,0.5
ADBM,adbm_91_40,91,0.15
Niche,niche_91_40,91,0.42727272727272725
Cascade,cascade_91_40,91,0.2564814814814815
Random,random_91_40,91,0.5
MaxEnt,maxent_91_40,91,0.35
LTM,ltm_92_40,92,0.5
ATN,atn_92_40,92,0.5
ADBM,adbm_92_40,92,0.225
Niche,niche_92_40,92,0.45
Cascade,cascade_92_40,92,0.3782608695652174
Random,random_92_40,92,0.5
MaxEnt,maxent_92_40,92,0.4875
LTM,ltm_93_40,93,0.5
ATN,atn_93_40,93,0.5
ADBM,adbm_93_40,93,0.325
Niche,niche_93_40,93,0.475
Cascade,cascade_93_40,93,0.4875
Random,random_93_40,93,0.5
MaxEnt,maxent_93_40,93,0.325
LTM,ltm_94_40,94,0.4
ATN,atn_94_40,94,0.5
ADBM,adbm_94_40,94,0.225
Niche,niche_94_40,94,0.4
Cascade,cascade_94_40,94,0.3
Random,random_94_40,94,0.425
MaxEnt,maxent_94_40,94,0.4125
LTM,ltm_95_40,95,0.475
ATN,atn_95_40,95,0.5
ADBM,adbm_95_40,95,0.171875
Niche,niche_95_40,95,0.39166666666666666
Cascade,cascade_95_40,95,0.4022727272727273
Random,random_95_40,95,0.5
MaxEnt,maxent_95_40,95,0.375
LTM,ltm_96_40,96,0.5
ATN,atn_96_40,96,0.35
ADBM,adbm_96_40,96,0.38333333333333336
Niche,niche_96_40,96,0.3078947368421053
Cascade,cascade_96_40,96,0.5
Random,random_96_40,96,0.5
MaxEnt,maxent_96_40,96,0.4625
LTM,ltm_97_40,97,0.425
ATN,atn_97_40,97,0.5
ADBM,adbm_97_40,97,0.19666666666666668
Niche,niche_97_40,97,0.4
Cascade,cascade_97_40,97,0.375
Random,random_97_40,97,0.4625
MaxEnt,maxent_97_40,97,0.425
LTM,ltm_98_40,98,0.45
ATN,atn_98_40,98,0.44375
ADBM,adbm_98_40,98,0.3
Niche,niche_98_40,98,0.4
Cascade,cascade_98_40,98,0.45
Random,random_98_40,98,0.5
MaxEnt,maxent_98_40,98,0.45
LTM,ltm_99_40,99,0.45
ATN,atn_99_40,99,0.5
ADBM,adbm_99_40,99,0.3
Niche,niche_99_40,99,0.5
Cascade,cascade_99_40,99,0.1357142857142857
Random,random_99_40,99,0.5
MaxEnt,maxent_99_40,99,0.475
LTM,ltm_100_40,100,0.475
ATN,atn_100_40,100,0.475
ADBM,adbm_100_40,100,0.225
Niche,niche_100_40,100,0.475
Cascade,cascade_100_40,100,0.475
Random,random_100_40,100,0.5
MaxEnt,maxent_100_40,100,0.45
