fw_ID,model,S_equ,connectance_equ,prop_basal_equ,mx_tl_equ,mean_FCL_equ,closed_loops_equ,isolated_equ,illogical_equ
adbm_1,ADBM,10,0.24,0.1,1.44,3.0833333333333335,0,0,
adbm_10,ADBM,7,0.20408163265306123,0.14285714285714285,1.3877551020408163,2.142857142857143,0,0,
adbm_100,ADBM,11,0.19008264462809918,0.18181818181818182,1.3140495867768593,3.8260869565217392,0,0,
adbm_11,ADBM,10,0.25,0.2,1.5299999999999998,2.9285714285714284,0,0,
adbm_12,ADBM,3,0.2222222222222222,0.3333333333333333,1.3333333333333333,2.0,0,0,
adbm_13,ADBM,8,0.1875,0.25,1.21875,3.25,0,0,
adbm_14,ADBM,7,0.14285714285714285,0.2857142857142857,1.204081632653061,2.25,0,0,
adbm_15,ADBM,13,0.34911242603550297,0.07692307692307693,1.7692307692307696,4.52,0,0,
adbm_16,ADBM,0,0.0,0.0,NaN,NaN,0,0,
adbm_17,ADBM,8,0.1875,0.125,1.546875,5.166666666666667,0,0,
adbm_18,ADBM,6,0.16666666666666666,0.3333333333333333,1.2499999999999998,2.0,0,0,
adbm_19,ADBM,6,0.2222222222222222,0.16666666666666666,1.3333333333333333,3.0,0,0,
adbm_2,ADBM,2,0.25,0.5,1.25,1.0,0,0,
adbm_20,ADBM,14,0.1836734693877551,0.14285714285714285,1.346938775510204,3.36734693877551,0,0,
adbm_21,ADBM,8,0.203125,0.125,1.40625,2.75,0,0,
adbm_22,ADBM,7,0.3877551020408163,0.2857142857142857,1.6530612244897955,2.6666666666666665,0,0,
adbm_23,ADBM,6,0.1388888888888889,0.5,1.1666666666666667,1.25,0,0,
adbm_24,ADBM,6,0.25,0.16666666666666666,1.4166666666666667,2.1666666666666665,0,0,
adbm_25,ADBM,6,0.2777777777777778,0.16666666666666666,1.4166666666666667,2.0,0,0,
adbm_26,ADBM,10,0.17,0.2,1.26,2.3333333333333335,0,0,
adbm_27,ADBM,8,0.3125,0.125,1.453125,2.3333333333333335,0,0,
adbm_28,ADBM,8,0.3125,0.125,1.453125,2.4,0,0,
adbm_29,ADBM,12,0.2222222222222222,0.16666666666666666,1.2569444444444444,4.157894736842105,0,0,
adbm_3,ADBM,12,0.1111111111111111,0.25,1.1458333333333333,2.4166666666666665,0,0,
adbm_30,ADBM,3,0.2222222222222222,0.3333333333333333,1.222222222222222,1.0,0,0,
adbm_31,ADBM,9,0.20987654320987653,0.1111111111111111,1.345679012345679,2.5714285714285716,0,0,
adbm_32,ADBM,2,0.25,0.5,1.25,1.0,0,0,
adbm_33,ADBM,6,0.3611111111111111,0.3333333333333333,1.5833333333333333,2.1666666666666665,0,0,
adbm_34,ADBM,6,0.1388888888888889,0.3333333333333333,1.1666666666666667,1.25,0,0,
adbm_35,ADBM,4,0.25,0.25,1.3125,1.3333333333333333,0,0,
adbm_36,ADBM,10,0.18,0.2,1.2799999999999998,2.6923076923076925,0,0,
adbm_37,ADBM,8,0.09375,0.375,1.125,1.5,0,0,
adbm_38,ADBM,10,0.14,0.4,1.18,1.5714285714285714,0,0,
adbm_39,ADBM,13,0.13609467455621302,0.23076923076923078,1.207100591715976,3.1,0,0,
adbm_4,ADBM,8,0.265625,0.125,1.453125,2.4166666666666665,0,0,
adbm_40,ADBM,6,0.2222222222222222,0.16666666666666666,1.3611111111111114,2.6,0,0,
adbm_41,ADBM,13,0.15384615384615385,0.23076923076923078,1.2662721893491122,2.923076923076923,0,0,
adbm_42,ADBM,7,0.1836734693877551,0.42857142857142855,1.204081632653061,3.5,0,0,
adbm_43,ADBM,5,0.28,0.4,1.3599999999999999,1.3333333333333333,0,0,
adbm_44,ADBM,2,0.25,0.5,1.25,1.0,0,0,
adbm_45,ADBM,8,0.34375,0.125,1.484375,2.4166666666666665,0,0,
adbm_46,ADBM,14,0.2193877551020408,0.07142857142857142,1.2959183673469388,3.933333333333333,0,0,
adbm_47,ADBM,13,0.17159763313609466,0.23076923076923078,1.224852071005917,3.057142857142857,0,0,
adbm_48,ADBM,10,0.19,0.4,1.3199999999999998,1.75,0,0,
adbm_49,ADBM,0,0.0,0.0,NaN,NaN,0,0,
adbm_5,ADBM,6,0.19444444444444445,0.16666666666666666,1.2500000000000002,1.4,0,0,
adbm_50,ADBM,10,0.39,0.2,1.5899999999999999,3.388888888888889,0,0,
adbm_51,ADBM,8,0.296875,0.25,1.421875,1.9,0,0,
adbm_52,ADBM,7,0.14285714285714285,0.42857142857142855,1.2040816326530612,2.2,0,0,
adbm_53,ADBM,7,0.16326530612244897,0.14285714285714285,1.2448979591836735,1.8,0,0,
adbm_54,ADBM,6,0.1388888888888889,0.3333333333333333,1.1944444444444444,1.6666666666666667,0,0,
adbm_55,ADBM,8,0.296875,0.125,1.46875,2.7142857142857144,0,0,
adbm_56,ADBM,8,0.171875,0.125,1.296875,2.2857142857142856,0,0,
adbm_57,ADBM,9,0.24691358024691357,0.1111111111111111,1.3580246913580245,2.3157894736842106,0,0,
adbm_58,ADBM,5,0.36,0.2,1.56,2.1666666666666665,0,0,
adbm_59,ADBM,9,0.18518518518518517,0.3333333333333333,1.2469135802469136,1.6666666666666667,0,0,
adbm_6,ADBM,4,0.3125,0.25,1.4375,1.6666666666666667,0,0,
adbm_60,ADBM,6,0.1111111111111111,0.3333333333333333,1.1388888888888888,1.3333333333333333,0,0,
adbm_61,ADBM,6,0.1388888888888889,0.5,1.1666666666666667,1.25,0,0,
adbm_62,ADBM,4,0.3125,0.25,1.375,1.5,0,0,
adbm_63,ADBM,10,0.1,0.3,1.1700000000000004,2.1666666666666665,0,0,
adbm_64,ADBM,8,0.265625,0.125,1.34375,2.0,0,0,
adbm_65,ADBM,11,0.14049586776859505,0.36363636363636365,1.2231404958677687,3.2857142857142856,0,0,
adbm_66,ADBM,4,0.25,0.5,1.3125,1.3333333333333333,0,0,
adbm_67,ADBM,5,0.16,0.2,1.2,2.0,0,0,
adbm_68,ADBM,0,0.0,0.0,NaN,NaN,0,0,
adbm_69,ADBM,8,0.140625,0.375,1.203125,1.5714285714285714,0,0,
adbm_7,ADBM,8,0.296875,0.125,1.375,2.0,0,0,
adbm_70,ADBM,6,0.3611111111111111,0.16666666666666666,1.5277777777777777,2.3333333333333335,0,0,
adbm_71,ADBM,9,0.1111111111111111,0.3333333333333333,1.1234567901234567,3.8,0,0,
adbm_72,ADBM,8,0.125,0.375,1.171875,1.8,0,0,
adbm_73,ADBM,2,0.25,0.5,1.25,1.0,0,0,
adbm_74,ADBM,4,0.1875,0.5,1.1875,1.0,0,0,
adbm_75,ADBM,7,0.2857142857142857,0.14285714285714285,1.5102040816326527,3.0,0,0,
adbm_76,ADBM,9,0.09876543209876543,0.2222222222222222,1.1111111111111112,2.75,0,0,
adbm_77,ADBM,5,0.24,0.4,1.24,1.0,0,0,
adbm_78,ADBM,12,0.20833333333333334,0.08333333333333333,1.4305555555555554,3.86046511627907,0,0,
adbm_79,ADBM,10,0.2,0.1,1.26,3.5,0,0,
adbm_8,ADBM,7,0.14285714285714285,0.14285714285714285,1.2244897959183674,1.6,0,0,
adbm_80,ADBM,10,0.11,0.2,1.19,2.1666666666666665,0,0,
adbm_81,ADBM,12,0.09722222222222222,0.16666666666666666,1.1319444444444444,1.6666666666666667,0,0,
adbm_82,ADBM,3,0.3333333333333333,0.3333333333333333,1.4444444444444444,1.5,0,0,
adbm_83,ADBM,7,0.16326530612244897,0.5714285714285714,1.2244897959183676,1.4285714285714286,0,0,
adbm_84,ADBM,5,0.24,0.2,1.52,2.6666666666666665,0,0,
adbm_85,ADBM,2,0.25,0.5,1.25,1.0,0,0,
adbm_86,ADBM,8,0.25,0.25,1.40625,2.2142857142857144,0,0,
adbm_87,ADBM,10,0.33,0.3,1.49,2.480769230769231,0,0,
adbm_88,ADBM,14,0.27040816326530615,0.14285714285714285,1.5102040816326532,4.735408560311284,0,0,
adbm_89,ADBM,11,0.34710743801652894,0.09090909090909091,1.6115702479338843,3.5952380952380953,0,0,
adbm_9,ADBM,7,0.1836734693877551,0.14285714285714285,1.2448979591836733,2.4,0,0,
adbm_90,ADBM,4,0.25,0.25,1.3125,1.3333333333333333,0,0,
adbm_91,ADBM,8,0.203125,0.125,1.375,2.3,0,0,
adbm_92,ADBM,8,0.21875,0.375,1.34375,2.076923076923077,0,0,
adbm_93,ADBM,10,0.24,0.2,1.37,2.730769230769231,0,0,
adbm_94,ADBM,8,0.203125,0.375,1.265625,1.6153846153846154,0,0,
adbm_95,ADBM,5,0.36,0.2,1.56,2.1666666666666665,0,0,
adbm_96,ADBM,9,0.1728395061728395,0.2222222222222222,1.2962962962962965,2.2,0,0,
adbm_97,ADBM,8,0.09375,0.375,1.15625,2.0,0,0,
adbm_98,ADBM,10,0.21,0.1,1.46,3.7,0,0,
adbm_99,ADBM,14,0.23469387755102042,0.14285714285714285,1.2704081632653061,5.222222222222222,0,0,
atn_1,ATN,9,0.14814814814814814,0.1111111111111111,1.2345679012345678,3.5714285714285716,0,0,
atn_10,ATN,5,0.24,0.2,1.3199999999999998,2.5,0,0,
atn_100,ATN,14,0.10714285714285714,0.21428571428571427,1.1581632653061225,2.272727272727273,0,0,
atn_11,ATN,7,0.24489795918367346,0.2857142857142857,1.4081632653061222,2.25,0,0,
atn_12,ATN,12,0.19444444444444445,0.16666666666666666,1.4444444444444444,4.870270270270271,0,0,
atn_13,ATN,11,0.12396694214876033,0.36363636363636365,1.1983471074380165,2.764705882352941,0,0,
atn_14,ATN,11,0.17355371900826447,0.18181818181818182,1.2727272727272727,4.111111111111111,0,0,
atn_15,ATN,13,0.15384615384615385,0.07692307692307693,1.337278106508876,4.706896551724138,0,0,
atn_16,ATN,3,0.2222222222222222,0.3333333333333333,1.222222222222222,1.0,0,0,
atn_17,ATN,14,0.16326530612244897,0.07142857142857142,1.4336734693877546,6.065420560747664,0,0,
atn_18,ATN,11,0.2396694214876033,0.09090909090909091,1.3801652892561982,2.8974358974358974,0,0,
atn_19,ATN,7,0.1836734693877551,0.2857142857142857,1.2857142857142854,2.1666666666666665,0,0,
atn_2,ATN,0,0.0,0.0,NaN,NaN,0,0,
atn_20,ATN,8,0.15625,0.375,1.234375,1.7142857142857142,0,0,
atn_21,ATN,5,0.12,0.4,1.16,1.5,0,0,
atn_22,ATN,5,0.2,0.2,1.2799999999999998,2.0,0,0,
atn_23,ATN,4,0.1875,0.25,1.1875,1.0,0,0,
atn_24,ATN,10,0.14,0.3,1.24,2.7333333333333334,0,0,
atn_25,ATN,10,0.18,0.3,1.34,3.1515151515151514,0,0,
atn_26,ATN,12,0.2013888888888889,0.08333333333333333,1.402777777777778,4.4523809523809526,0,0,
atn_27,ATN,7,0.2857142857142857,0.14285714285714285,1.3877551020408165,2.0,0,0,
atn_28,ATN,7,0.1836734693877551,0.2857142857142857,1.2857142857142858,1.75,0,0,
atn_29,ATN,13,0.11242603550295859,0.23076923076923078,1.1893491124260356,2.2222222222222223,0,0,
atn_3,ATN,13,0.08875739644970414,0.15384615384615385,1.1242603550295858,2.0,0,0,
atn_30,ATN,5,0.24,0.2,1.32,1.75,0,0,
atn_31,ATN,12,0.1527777777777778,0.16666666666666666,1.236111111111111,3.8181818181818183,0,0,
atn_32,ATN,0,0.0,0.0,NaN,NaN,0,0,
atn_33,ATN,5,0.16,0.2,1.2,2.0,0,0,
atn_34,ATN,8,0.125,0.25,1.171875,2.0,0,0,
atn_35,ATN,3,0.2222222222222222,0.3333333333333333,1.222222222222222,1.0,0,0,
atn_36,ATN,5,0.2,0.4,1.24,1.25,0,0,
atn_37,ATN,15,0.13777777777777778,0.13333333333333333,1.2711111111111113,3.5161290322580645,0,0,
atn_38,ATN,10,0.13,0.3,1.18,1.9,0,0,
atn_39,ATN,14,0.10714285714285714,0.14285714285714285,1.1836734693877549,4.481481481481482,0,0,
atn_4,ATN,13,0.09467455621301775,0.23076923076923078,1.1301775147928994,2.6,0,0,
atn_40,ATN,8,0.125,0.25,1.25,3.3333333333333335,0,0,
atn_41,ATN,15,0.10222222222222223,0.13333333333333333,1.1733333333333331,4.454545454545454,0,0,
atn_42,ATN,14,0.14795918367346939,0.21428571428571427,1.290816326530612,5.392857142857143,0,0,
atn_43,ATN,6,0.25,0.5,1.4444444444444444,2.3333333333333335,0,0,
atn_44,ATN,4,0.1875,0.75,1.1875,1.0,0,0,
atn_45,ATN,8,0.234375,0.125,1.375,2.5714285714285716,0,0,
atn_46,ATN,14,0.14285714285714285,0.21428571428571427,1.2244897959183674,2.3076923076923075,0,0,
atn_47,ATN,7,0.10204081632653061,0.2857142857142857,1.1224489795918369,1.5,0,0,
atn_48,ATN,13,0.1301775147928994,0.3076923076923077,1.2011834319526629,2.2857142857142856,0,0,
atn_49,ATN,4,0.25,0.5,1.25,1.0,0,0,
atn_5,ATN,9,0.1111111111111111,0.3333333333333333,1.148148148148148,1.5,0,0,
atn_50,ATN,10,0.19,0.2,1.4,3.590909090909091,0,0,
atn_51,ATN,11,0.17355371900826447,0.18181818181818182,1.3305785123966942,2.9,0,0,
atn_52,ATN,5,0.12,0.4,1.16,1.5,0,0,
atn_53,ATN,6,0.1111111111111111,0.3333333333333333,1.1388888888888888,1.3333333333333333,0,0,
atn_54,ATN,13,0.1301775147928994,0.23076923076923078,1.21301775147929,2.5294117647058822,0,0,
atn_55,ATN,10,0.14,0.2,1.3,3.1176470588235294,0,0,
atn_56,ATN,15,0.09777777777777778,0.06666666666666667,1.1644444444444444,5.402985074626866,0,0,
atn_57,ATN,9,0.19753086419753085,0.1111111111111111,1.3086419753086418,2.4285714285714284,0,0,
atn_58,ATN,7,0.16326530612244897,0.2857142857142857,1.306122448979592,3.0,0,0,
atn_59,ATN,11,0.10743801652892562,0.2727272727272727,1.1570247933884297,1.8,0,0,
atn_6,ATN,6,0.3055555555555556,0.16666666666666666,1.5555555555555554,3.0,0,0,
atn_60,ATN,11,0.1322314049586777,0.09090909090909091,1.1818181818181819,4.375,0,0,
atn_61,ATN,12,0.1388888888888889,0.25,1.1944444444444444,2.272727272727273,0,0,
atn_62,ATN,3,0.2222222222222222,0.3333333333333333,1.222222222222222,1.0,0,0,
atn_63,ATN,15,0.1688888888888889,0.06666666666666667,1.311111111111111,4.9734513274336285,0,0,
atn_64,ATN,10,0.24,0.1,1.28,1.9166666666666667,0,0,
atn_65,ATN,7,0.22448979591836735,0.14285714285714285,1.2857142857142858,1.75,0,0,
atn_66,ATN,8,0.140625,0.25,1.203125,3.25,0,0,
atn_67,ATN,8,0.109375,0.25,1.140625,1.4,0,0,
atn_68,ATN,2,0.25,0.5,1.25,1.0,0,0,
atn_69,ATN,7,0.12244897959183673,0.14285714285714285,1.163265306122449,2.0,0,0,
atn_7,ATN,7,0.10204081632653061,0.2857142857142857,1.1224489795918366,1.25,0,0,
atn_70,ATN,6,0.2777777777777778,0.16666666666666666,1.4166666666666667,2.2857142857142856,0,0,
atn_71,ATN,15,0.1288888888888889,0.2,1.1733333333333331,2.675,0,0,
atn_72,ATN,14,0.1326530612244898,0.14285714285714285,1.2704081632653061,4.6625,0,0,
atn_73,ATN,5,0.32,0.2,1.52,2.4,0,0,
atn_74,ATN,9,0.14814814814814814,0.4444444444444444,1.1604938271604939,1.2727272727272727,0,0,
atn_75,ATN,10,0.17,0.3,1.2799999999999998,2.263157894736842,0,0,
atn_76,ATN,15,0.11555555555555555,0.06666666666666667,1.208888888888889,6.4035087719298245,0,0,
atn_77,ATN,13,0.1952662721893491,0.15384615384615385,1.3609467455621302,3.3902439024390243,0,0,
atn_78,ATN,12,0.1527777777777778,0.08333333333333333,1.2430555555555556,4.083333333333333,0,0,
atn_79,ATN,14,0.10204081632653061,0.14285714285714285,1.163265306122449,2.6363636363636362,0,0,
atn_8,ATN,7,0.12244897959183673,0.42857142857142855,1.163265306122449,1.4,0,0,
atn_80,ATN,7,0.22448979591836735,0.14285714285714285,1.3265306122448979,2.2222222222222223,0,0,
atn_81,ATN,13,0.1301775147928994,0.23076923076923078,1.195266272189349,2.3703703703703702,0,0,
atn_82,ATN,5,0.24,0.2,1.3599999999999999,2.0,0,0,
atn_83,ATN,7,0.10204081632653061,0.5714285714285714,1.1224489795918369,1.25,0,0,
atn_84,ATN,11,0.2644628099173554,0.09090909090909091,1.512396694214876,4.176991150442478,0,0,
atn_85,ATN,0,0.0,0.0,NaN,NaN,0,0,
atn_86,ATN,7,0.22448979591836735,0.2857142857142857,1.346938775510204,2.0,0,0,
atn_87,ATN,7,0.1836734693877551,0.14285714285714285,1.2653061224489797,2.5,0,0,
atn_88,ATN,15,0.13777777777777778,0.06666666666666667,1.2799999999999998,5.116666666666666,0,0,
atn_89,ATN,11,0.1652892561983471,0.2727272727272727,1.2314049586776858,2.6842105263157894,0,0,
atn_9,ATN,11,0.12396694214876033,0.18181818181818182,1.1818181818181814,1.9090909090909092,0,0,
atn_90,ATN,6,0.1111111111111111,0.3333333333333333,1.1944444444444444,2.0,0,0,
atn_91,ATN,0,0.0,0.0,NaN,NaN,0,0,
atn_92,ATN,14,0.11224489795918367,0.21428571428571427,1.1938775510204083,4.069767441860465,0,0,
atn_93,ATN,12,0.2152777777777778,0.25,1.3541666666666663,2.8688524590163933,0,0,
atn_94,ATN,11,0.1322314049586777,0.2727272727272727,1.2066115702479339,2.1538461538461537,0,0,
atn_95,ATN,12,0.11805555555555555,0.25,1.1736111111111112,4.666666666666667,0,0,
atn_96,ATN,10,0.19,0.1,1.41,3.8333333333333335,0,0,
atn_97,ATN,9,0.14814814814814814,0.1111111111111111,1.2469135802469136,3.0,0,0,
atn_98,ATN,15,0.09333333333333334,0.06666666666666667,1.1688888888888889,5.0,0,0,
atn_99,ATN,14,0.12755102040816327,0.2857142857142857,1.1938775510204083,2.723404255319149,0,0,
cascade_1,Cascade,4,0.1875,0.5,1.3125,2.0,0,0,
cascade_10,Cascade,8,0.125,0.375,1.171875,1.8333333333333333,0,0,
cascade_100,Cascade,7,0.1836734693877551,0.42857142857142855,1.2653061224489794,1.6666666666666667,0,0,
cascade_11,Cascade,7,0.14285714285714285,0.14285714285714285,1.1836734693877553,2.2,0,0,
cascade_12,Cascade,6,0.1388888888888889,0.3333333333333333,1.1944444444444444,2.0,0,0,
cascade_13,Cascade,7,0.1836734693877551,0.14285714285714285,1.2653061224489797,1.875,0,0,
cascade_14,Cascade,3,0.2222222222222222,0.3333333333333333,1.3333333333333333,2.0,0,0,
cascade_15,Cascade,4,0.3125,0.25,1.5,2.3333333333333335,0,0,
cascade_16,Cascade,9,0.08641975308641975,0.3333333333333333,1.1234567901234567,2.0,0,0,
cascade_17,Cascade,12,0.16666666666666666,0.08333333333333333,1.2430555555555556,2.772727272727273,0,0,
cascade_18,Cascade,7,0.14285714285714285,0.2857142857142857,1.2448979591836733,2.25,0,0,
cascade_19,Cascade,7,0.2653061224489796,0.42857142857142855,1.3673469387755102,1.8571428571428572,0,0,
cascade_2,Cascade,8,0.09375,0.5,1.09375,1.0,0,0,
cascade_20,Cascade,3,0.2222222222222222,0.3333333333333333,1.3333333333333333,2.0,0,0,
cascade_21,Cascade,6,0.2222222222222222,0.3333333333333333,1.361111111111111,2.142857142857143,0,0,
cascade_22,Cascade,4,0.25,0.25,1.375,2.5,0,0,
cascade_23,Cascade,5,0.28,0.6,1.4,1.5,0,0,
cascade_24,Cascade,6,0.19444444444444445,0.3333333333333333,1.2499999999999998,1.6,0,0,
cascade_25,Cascade,11,0.09917355371900827,0.36363636363636365,1.1239669421487601,1.8888888888888888,0,0,
cascade_26,Cascade,4,0.1875,0.25,1.25,3.0,0,0,
cascade_27,Cascade,10,0.13,0.3,1.23,2.6363636363636362,0,0,
cascade_28,Cascade,10,0.14,0.3,1.25,2.9166666666666665,0,0,
cascade_29,Cascade,5,0.16,0.2,1.28,2.5,0,0,
cascade_3,Cascade,4,0.1875,0.5,1.3125,2.0,0,0,
cascade_30,Cascade,12,0.0763888888888889,0.5,1.0763888888888888,1.0,0,0,
cascade_31,Cascade,5,0.2,0.4,1.3199999999999998,2.0,0,0,
cascade_32,Cascade,8,0.140625,0.375,1.203125,1.6666666666666667,0,0,
cascade_33,Cascade,7,0.10204081632653061,0.42857142857142855,1.1020408163265305,1.0,0,0,
cascade_34,Cascade,10,0.23,0.1,1.4000000000000001,2.9285714285714284,0,0,
cascade_35,Cascade,3,0.2222222222222222,0.3333333333333333,1.3333333333333333,2.0,0,0,
cascade_36,Cascade,3,0.2222222222222222,0.3333333333333333,1.3333333333333333,2.0,0,0,
cascade_37,Cascade,5,0.2,0.4,1.28,1.6666666666666667,0,0,
cascade_38,Cascade,13,0.1242603550295858,0.23076923076923078,1.2011834319526629,2.3181818181818183,0,0,
cascade_39,Cascade,8,0.28125,0.25,1.453125,2.3684210526315788,0,0,
cascade_4,Cascade,7,0.1836734693877551,0.14285714285714285,1.2653061224489797,2.6,0,0,
cascade_40,Cascade,9,0.13580246913580246,0.4444444444444444,1.2098765432098766,1.8571428571428572,0,0,
cascade_41,Cascade,3,0.2222222222222222,0.3333333333333333,1.3333333333333333,2.0,0,0,
cascade_42,Cascade,3,0.2222222222222222,0.3333333333333333,1.3333333333333333,2.0,0,0,
cascade_43,Cascade,6,0.19444444444444445,0.3333333333333333,1.3055555555555556,2.0,0,0,
cascade_44,Cascade,6,0.25,0.16666666666666666,1.388888888888889,2.4,0,0,
cascade_45,Cascade,7,0.10204081632653061,0.2857142857142857,1.1428571428571428,2.0,0,0,
cascade_46,Cascade,9,0.19753086419753085,0.3333333333333333,1.2962962962962963,2.1578947368421053,0,0,
cascade_47,Cascade,7,0.20408163265306123,0.5714285714285714,1.2857142857142858,1.5,0,0,
cascade_48,Cascade,6,0.2222222222222222,0.16666666666666666,1.3888888888888886,3.0,0,0,
cascade_49,Cascade,11,0.1487603305785124,0.2727272727272727,1.1983471074380165,1.9285714285714286,0,0,
cascade_5,Cascade,5,0.28,0.4,1.3599999999999999,1.3333333333333333,0,0,
cascade_50,Cascade,8,0.234375,0.125,1.34375,2.3846153846153846,0,0,
cascade_51,Cascade,10,0.28,0.1,1.5,3.923076923076923,0,0,
cascade_52,Cascade,6,0.2222222222222222,0.16666666666666666,1.3055555555555556,1.8333333333333333,0,0,
cascade_53,Cascade,12,0.0763888888888889,0.25,1.0902777777777777,1.2222222222222223,0,0,
cascade_54,Cascade,3,0.2222222222222222,0.6666666666666666,1.222222222222222,1.0,0,0,
cascade_55,Cascade,9,0.13580246913580246,0.3333333333333333,1.1851851851851853,1.5714285714285714,0,0,
cascade_56,Cascade,4,0.3125,0.5,1.4375,1.5,0,0,
cascade_57,Cascade,15,0.07555555555555556,0.3333333333333333,1.102222222222222,1.6666666666666667,0,0,
cascade_58,Cascade,6,0.2777777777777778,0.5,1.361111111111111,1.3333333333333333,0,0,
cascade_59,Cascade,10,0.1,0.3,1.1400000000000001,1.7142857142857142,0,0,
cascade_6,Cascade,7,0.14285714285714285,0.2857142857142857,1.1836734693877549,1.8,0,0,
cascade_60,Cascade,9,0.13580246913580246,0.3333333333333333,1.1728395061728394,1.3333333333333333,0,0,
cascade_61,Cascade,7,0.24489795918367346,0.2857142857142857,1.3061224489795917,1.8181818181818181,0,0,
cascade_62,Cascade,11,0.10743801652892562,0.18181818181818182,1.1487603305785123,1.8888888888888888,0,0,
cascade_63,Cascade,5,0.16,0.4,1.2399999999999998,2.5,0,0,
cascade_64,Cascade,14,0.0663265306122449,0.2857142857142857,1.0816326530612244,1.5,0,0,
cascade_65,Cascade,3,0.2222222222222222,0.3333333333333333,1.3333333333333333,2.0,0,0,
cascade_66,Cascade,3,0.2222222222222222,0.3333333333333333,1.3333333333333333,2.0,0,0,
cascade_67,Cascade,6,0.19444444444444445,0.16666666666666666,1.3333333333333333,2.75,0,0,
cascade_68,Cascade,14,0.09183673469387756,0.14285714285714285,1.137755102040816,2.6666666666666665,0,0,
cascade_69,Cascade,3,0.2222222222222222,0.3333333333333333,1.3333333333333333,2.0,0,0,
cascade_7,Cascade,13,0.10059171597633136,0.3076923076923077,1.1538461538461537,2.0,0,0,
cascade_70,Cascade,5,0.24,0.2,1.36,2.0,0,0,
cascade_71,Cascade,5,0.2,0.2,1.3199999999999998,2.6666666666666665,0,0,
cascade_72,Cascade,8,0.078125,0.375,1.09375,1.25,0,0,
cascade_73,Cascade,3,0.2222222222222222,0.6666666666666666,1.222222222222222,1.0,0,0,
cascade_74,Cascade,9,0.06172839506172839,0.5555555555555556,1.0617283950617284,1.0,0,0,
cascade_75,Cascade,5,0.16,0.6,1.1600000000000001,1.0,0,0,
cascade_76,Cascade,7,0.20408163265306123,0.2857142857142857,1.2857142857142858,1.8571428571428572,0,0,
cascade_77,Cascade,7,0.12244897959183673,0.5714285714285714,1.1224489795918366,1.0,0,0,
cascade_78,Cascade,5,0.2,0.2,1.2799999999999998,2.0,0,0,
cascade_79,Cascade,6,0.2777777777777778,0.16666666666666666,1.361111111111111,1.75,0,0,
cascade_8,Cascade,5,0.28,0.2,1.4,2.0,0,0,
cascade_80,Cascade,4,0.1875,0.75,1.1875,1.0,0,0,
cascade_81,Cascade,11,0.10743801652892562,0.2727272727272727,1.1487603305785123,1.8888888888888888,0,0,
cascade_82,Cascade,6,0.1388888888888889,0.5,1.222222222222222,2.3333333333333335,0,0,
cascade_83,Cascade,8,0.203125,0.125,1.328125,3.125,0,0,
cascade_84,Cascade,6,0.16666666666666666,0.3333333333333333,1.2222222222222223,1.5,0,0,
cascade_85,Cascade,6,0.2777777777777778,0.16666666666666666,1.4166666666666667,2.0,0,0,
cascade_86,Cascade,9,0.12345679012345678,0.1111111111111111,1.1481481481481481,2.0,0,0,
cascade_87,Cascade,9,0.09876543209876543,0.3333333333333333,1.1358024691358026,1.8333333333333333,0,0,
cascade_88,Cascade,8,0.125,0.375,1.171875,1.5,0,0,
cascade_89,Cascade,6,0.16666666666666666,0.5,1.1944444444444444,1.4,0,0,
cascade_9,Cascade,7,0.22448979591836735,0.14285714285714285,1.3877551020408163,3.6666666666666665,0,0,
cascade_90,Cascade,3,0.2222222222222222,0.3333333333333333,1.3333333333333333,2.0,0,0,
cascade_91,Cascade,6,0.16666666666666666,0.3333333333333333,1.2222222222222223,1.5,0,0,
cascade_92,Cascade,6,0.25,0.3333333333333333,1.3611111111111114,1.8333333333333333,0,0,
cascade_93,Cascade,11,0.1322314049586777,0.36363636363636365,1.1735537190082643,1.3846153846153846,0,0,
cascade_94,Cascade,6,0.16666666666666666,0.3333333333333333,1.25,2.0,0,0,
cascade_95,Cascade,6,0.19444444444444445,0.3333333333333333,1.277777777777778,1.6,0,0,
cascade_96,Cascade,7,0.2653061224489796,0.2857142857142857,1.3877551020408163,1.9166666666666667,0,0,
cascade_97,Cascade,11,0.12396694214876033,0.18181818181818182,1.1983471074380165,2.2222222222222223,0,0,
cascade_98,Cascade,11,0.09090909090909091,0.45454545454545453,1.0991735537190082,1.2,0,0,
cascade_99,Cascade,9,0.25925925925925924,0.1111111111111111,1.432098765432099,3.1904761904761907,0,0,
ltm_1,LTM,6,0.19444444444444445,0.3333333333333333,1.1944444444444444,1.0,0,0,
ltm_10,LTM,6,0.25,0.0,1.3055555555555556,NaN,1,0,
ltm_100,LTM,9,0.18518518518518517,0.0,1.296296296296296,NaN,1,0,
ltm_11,LTM,3,0.2222222222222222,0.3333333333333333,1.222222222222222,1.0,0,0,
ltm_12,LTM,4,0.125,0.5,1.125,1.0,0,0,
ltm_13,LTM,7,0.2653061224489796,0.14285714285714285,1.510204081632653,1.0,8,0,
ltm_14,LTM,8,0.28125,0.0,1.453125,NaN,4,0,
ltm_15,LTM,8,0.140625,0.125,1.1875,NaN,2,0,
ltm_16,LTM,5,0.2,0.2,1.24,1.5,0,0,
ltm_17,LTM,6,0.1111111111111111,0.3333333333333333,1.138888888888889,1.3333333333333333,0,0,
ltm_18,LTM,6,0.16666666666666666,0.16666666666666666,1.1944444444444444,1.4,0,0,
ltm_19,LTM,5,0.16,0.2,1.2,1.6666666666666667,0,0,
ltm_2,LTM,6,0.2777777777777778,0.16666666666666666,1.472222222222222,1.0,3,0,
ltm_20,LTM,7,0.1836734693877551,0.0,1.3061224489795917,NaN,1,0,
ltm_21,LTM,6,0.2222222222222222,0.16666666666666666,1.3055555555555556,1.0,1,0,
ltm_22,LTM,6,0.1111111111111111,0.3333333333333333,1.1111111111111112,1.0,0,0,
ltm_23,LTM,8,0.203125,0.25,1.328125,1.0,5,0,
ltm_24,LTM,8,0.203125,0.125,1.265625,2.090909090909091,0,0,
ltm_25,LTM,4,0.1875,0.25,1.25,1.5,0,0,
ltm_26,LTM,9,0.2345679012345679,0.0,1.3950617283950617,NaN,7,0,
ltm_27,LTM,5,0.12,0.4,1.12,1.0,0,0,
ltm_28,LTM,7,0.22448979591836735,0.0,1.326530612244898,NaN,2,0,
ltm_29,LTM,9,0.2222222222222222,0.1111111111111111,1.4074074074074074,1.0,8,0,
ltm_3,LTM,9,0.13580246913580246,0.2222222222222222,1.1851851851851851,1.8,0,0,
ltm_30,LTM,4,0.1875,0.25,1.25,1.5,0,0,
ltm_31,LTM,11,0.2231404958677686,0.09090909090909091,1.3553719008264464,3.7222222222222223,1,0,
ltm_32,LTM,2,0.25,0.5,1.25,1.0,0,0,
ltm_33,LTM,4,0.125,0.5,1.125,1.0,0,0,
ltm_34,LTM,6,0.1388888888888889,0.3333333333333333,1.1666666666666667,1.25,0,0,
ltm_35,LTM,3,0.2222222222222222,0.3333333333333333,1.222222222222222,1.0,0,0,
ltm_36,LTM,10,0.21,0.1,1.3299999999999998,3.3,3,0,
ltm_37,LTM,7,0.3877551020408163,0.0,1.6734693877551021,NaN,11,0,
ltm_38,LTM,9,0.12345679012345678,0.2222222222222222,1.1358024691358026,1.6,1,0,
ltm_39,LTM,9,0.18518518518518517,0.1111111111111111,1.2839506172839505,1.0,3,0,
ltm_4,LTM,7,0.24489795918367346,0.0,1.4081632653061225,NaN,4,0,
ltm_40,LTM,6,0.1111111111111111,0.3333333333333333,1.111111111111111,1.0,0,0,
ltm_41,LTM,7,0.22448979591836735,0.0,1.326530612244898,NaN,2,0,
ltm_42,LTM,4,0.125,0.5,1.125,1.0,0,0,
ltm_43,LTM,5,0.16,0.4,1.2,1.3333333333333333,0,0,
ltm_44,LTM,4,0.25,0.25,1.3125,1.6666666666666667,0,0,
ltm_45,LTM,8,0.171875,0.0,1.296875,NaN,1,0,
ltm_46,LTM,10,0.22,0.0,1.3499999999999999,NaN,2,0,
ltm_47,LTM,7,0.1836734693877551,0.14285714285714285,1.2244897959183674,1.5714285714285714,0,0,
ltm_48,LTM,4,0.1875,0.25,1.1875,1.0,0,0,
ltm_49,LTM,7,0.24489795918367346,0.14285714285714285,1.3061224489795917,1.4,1,0,
ltm_5,LTM,9,0.16049382716049382,0.1111111111111111,1.2592592592592593,1.0,2,0,
ltm_50,LTM,4,0.1875,0.25,1.1875,1.0,0,0,
ltm_51,LTM,8,0.109375,0.25,1.140625,1.6,0,0,
ltm_52,LTM,5,0.2,0.2,1.24,1.5,0,0,
ltm_53,LTM,5,0.16,0.4,1.2,1.3333333333333333,0,0,
ltm_54,LTM,4,0.1875,0.25,1.25,1.5,0,0,
ltm_55,LTM,9,0.20987654320987653,0.1111111111111111,1.3333333333333333,2.411764705882353,1,0,
ltm_56,LTM,5,0.2,0.2,1.24,1.5,0,0,
ltm_57,LTM,7,0.22448979591836735,0.0,1.3061224489795917,NaN,1,0,
ltm_58,LTM,4,0.1875,0.25,1.25,1.5,0,0,
ltm_59,LTM,8,0.109375,0.25,1.140625,1.6,0,0,
ltm_6,LTM,5,0.24,0.2,1.3599999999999999,2.0,0,0,
ltm_60,LTM,8,0.140625,0.125,1.21875,2.5,0,0,
ltm_61,LTM,6,0.19444444444444445,0.16666666666666666,1.2222222222222223,1.5,1,0,
ltm_62,LTM,8,0.21875,0.125,1.34375,2.5555555555555554,2,0,
ltm_63,LTM,10,0.24,0.0,1.39,NaN,5,0,
ltm_64,LTM,11,0.2644628099173554,0.0,1.528925619834711,NaN,12,0,
ltm_65,LTM,6,0.25,0.16666666666666666,1.3888888888888886,2.2,1,0,
ltm_66,LTM,4,0.25,0.0,1.4375,NaN,1,0,
ltm_67,LTM,4,0.25,0.25,1.375,2.5,0,0,
ltm_68,LTM,6,0.16666666666666666,0.16666666666666666,1.222222222222222,1.0,1,0,
ltm_69,LTM,5,0.28,0.0,1.52,NaN,1,0,
ltm_7,LTM,9,0.19753086419753085,0.0,1.3703703703703702,NaN,6,0,
ltm_70,LTM,5,0.24,0.2,1.3599999999999999,2.0,0,0,
ltm_71,LTM,7,0.14285714285714285,0.0,1.163265306122449,NaN,2,0,
ltm_72,LTM,5,0.2,0.2,1.28,1.0,1,0,
ltm_73,LTM,3,0.4444444444444444,0.0,1.6666666666666667,NaN,1,0,
ltm_74,LTM,5,0.2,0.2,1.28,1.0,1,0,
ltm_75,LTM,6,0.1388888888888889,0.16666666666666666,1.1666666666666667,1.5,0,0,
ltm_76,LTM,10,0.17,0.1,1.25,3.0,3,0,
ltm_77,LTM,7,0.14285714285714285,0.14285714285714285,1.163265306122449,1.75,1,0,
ltm_78,LTM,9,0.24691358024691357,0.1111111111111111,1.3703703703703705,2.7857142857142856,0,0,
ltm_79,LTM,4,0.1875,0.25,1.25,1.5,0,0,
ltm_8,LTM,5,0.24,0.2,1.28,1.6,0,0,
ltm_80,LTM,3,0.2222222222222222,0.3333333333333333,1.222222222222222,1.0,0,0,
ltm_81,LTM,5,0.16,0.2,1.16,1.0,0,0,
ltm_82,LTM,3,0.2222222222222222,0.3333333333333333,1.222222222222222,1.0,0,0,
ltm_83,LTM,5,0.24,0.2,1.2399999999999998,1.0,1,0,
ltm_84,LTM,7,0.24489795918367346,0.14285714285714285,1.3877551020408163,2.642857142857143,0,0,
ltm_85,LTM,3,0.2222222222222222,0.3333333333333333,1.222222222222222,1.0,0,0,
ltm_86,LTM,4,0.1875,0.25,1.1875,1.0,0,0,
ltm_87,LTM,6,0.2777777777777778,0.16666666666666666,1.361111111111111,2.0,0,0,
ltm_88,LTM,4,0.1875,0.25,1.1875,1.0,0,0,
ltm_89,LTM,6,0.2777777777777778,0.0,1.472222222222222,NaN,3,0,
ltm_9,LTM,8,0.09375,0.375,1.09375,1.0,0,0,
ltm_90,LTM,6,0.25,0.16666666666666666,1.361111111111111,2.2222222222222223,0,0,
ltm_91,LTM,5,0.16,0.4,1.1600000000000001,1.0,0,0,
ltm_92,LTM,5,0.2,0.2,1.24,1.75,0,0,
ltm_93,LTM,7,0.10204081632653061,0.2857142857142857,1.1020408163265305,1.0,0,0,
ltm_94,LTM,9,0.13580246913580246,0.1111111111111111,1.2098765432098764,1.0,2,0,
ltm_95,LTM,5,0.24,0.0,1.44,NaN,1,0,
ltm_96,LTM,5,0.16,0.2,1.2,2.0,0,0,
ltm_97,LTM,6,0.25,0.16666666666666666,1.3055555555555556,1.0,1,0,
ltm_98,LTM,9,0.18518518518518517,0.1111111111111111,1.2469135802469136,1.0,3,0,
ltm_99,LTM,11,0.18181818181818182,0.09090909090909091,1.2892561983471076,1.5,12,0,
ltm_laura_1,LTM_Laura,3,0.2222222222222222,0.3333333333333333,1.222222222222222,1.0,0,0,
ltm_laura_10,LTM_Laura,9,0.19753086419753085,0.2222222222222222,1.308641975308642,1.8333333333333333,5,0,
ltm_laura_100,LTM_Laura,12,0.08333333333333333,0.25,1.1249999999999998,1.625,1,0,
ltm_laura_11,LTM_Laura,2,0.25,0.5,1.25,1.0,0,0,
ltm_laura_12,LTM_Laura,0,0.0,0.0,NaN,NaN,0,0,
ltm_laura_13,LTM_Laura,14,0.12755102040816327,0.21428571428571427,1.280612244897959,4.721153846153846,1,0,
ltm_laura_14,LTM_Laura,13,0.1301775147928994,0.07692307692307693,1.2189349112426036,2.2857142857142856,2,0,
ltm_laura_15,LTM_Laura,9,0.13580246913580246,0.1111111111111111,1.2716049382716048,3.0,1,0,
ltm_laura_16,LTM_Laura,2,0.25,0.5,1.25,1.0,0,0,
ltm_laura_17,LTM_Laura,9,0.16049382716049382,0.1111111111111111,1.271604938271605,1.0,1,0,
ltm_laura_18,LTM_Laura,7,0.1836734693877551,0.14285714285714285,1.2653061224489797,2.0,1,0,
ltm_laura_19,LTM_Laura,2,0.25,0.5,1.25,1.0,0,0,
ltm_laura_2,LTM_Laura,2,0.25,0.5,1.25,1.0,0,0,
ltm_laura_20,LTM_Laura,9,0.08641975308641975,0.2222222222222222,1.1358024691358026,1.5,1,0,
ltm_laura_21,LTM_Laura,6,0.1388888888888889,0.3333333333333333,1.1666666666666667,1.5,0,0,
ltm_laura_22,LTM_Laura,8,0.140625,0.375,1.203125,1.7142857142857142,0,0,
ltm_laura_23,LTM_Laura,13,0.13609467455621302,0.15384615384615385,1.21301775147929,1.5,1,0,
ltm_laura_24,LTM_Laura,6,0.08333333333333333,0.5,1.0833333333333335,1.0,0,0,
ltm_laura_25,LTM_Laura,8,0.25,0.0,1.5,NaN,1,0,
ltm_laura_26,LTM_Laura,10,0.11,0.3,1.15,2.142857142857143,0,0,
ltm_laura_27,LTM_Laura,8,0.203125,0.125,1.375,2.0,3,0,
ltm_laura_28,LTM_Laura,8,0.171875,0.25,1.234375,1.6666666666666667,0,0,
ltm_laura_29,LTM_Laura,14,0.08673469387755102,0.35714285714285715,1.1020408163265305,1.7058823529411764,0,0,
ltm_laura_3,LTM_Laura,6,0.16666666666666666,0.16666666666666666,1.222222222222222,1.0,1,0,
ltm_laura_30,LTM_Laura,2,0.25,0.5,1.25,1.0,0,0,
ltm_laura_31,LTM_Laura,3,0.2222222222222222,0.3333333333333333,1.222222222222222,1.0,0,0,
ltm_laura_32,LTM_Laura,2,0.25,0.5,1.25,1.0,0,0,
ltm_laura_33,LTM_Laura,11,0.23140495867768596,0.09090909090909091,1.3884297520661157,2.3333333333333335,36,0,
ltm_laura_34,LTM_Laura,6,0.2222222222222222,0.0,1.3333333333333333,NaN,2,0,
ltm_laura_35,LTM_Laura,3,0.2222222222222222,0.3333333333333333,1.222222222222222,1.0,0,0,
ltm_laura_36,LTM_Laura,7,0.3469387755102041,0.0,1.5714285714285714,NaN,2,0,
ltm_laura_37,LTM_Laura,14,0.1683673469387755,0.07142857142857142,1.3163265306122447,4.371428571428571,6,0,
ltm_laura_38,LTM_Laura,14,0.09183673469387756,0.14285714285714285,1.1326530612244896,1.75,1,0,
ltm_laura_39,LTM_Laura,8,0.125,0.375,1.15625,2.0,1,0,
ltm_laura_4,LTM_Laura,13,0.1242603550295858,0.15384615384615385,1.2189349112426033,1.8,1,0,
ltm_laura_40,LTM_Laura,2,0.25,0.5,1.25,1.0,0,0,
ltm_laura_41,LTM_Laura,9,0.16049382716049382,0.2222222222222222,1.234567901234568,1.6666666666666667,1,0,
ltm_laura_42,LTM_Laura,15,0.12444444444444444,0.06666666666666667,1.1866666666666668,4.975,2,0,
ltm_laura_43,LTM_Laura,6,0.19444444444444445,0.16666666666666666,1.3333333333333333,1.0,1,0,
ltm_laura_44,LTM_Laura,6,0.08333333333333333,0.5,1.0833333333333335,1.0,0,0,
ltm_laura_45,LTM_Laura,9,0.13580246913580246,0.2222222222222222,1.222222222222222,2.3636363636363638,0,0,
ltm_laura_46,LTM_Laura,10,0.11,0.2,1.1199999999999999,1.25,1,0,
ltm_laura_47,LTM_Laura,5,0.16,0.2,1.2,1.3333333333333333,0,0,
ltm_laura_48,LTM_Laura,13,0.15976331360946747,0.15384615384615385,1.2248520710059172,2.0,2,0,
ltm_laura_49,LTM_Laura,3,0.3333333333333333,0.3333333333333333,1.4444444444444444,1.5,0,0,
ltm_laura_5,LTM_Laura,8,0.109375,0.375,1.125,1.3333333333333333,0,0,
ltm_laura_50,LTM_Laura,10,0.24,0.1,1.5199999999999998,1.0,13,0,
ltm_laura_51,LTM_Laura,9,0.13580246913580246,0.2222222222222222,1.2098765432098764,2.125,0,0,
ltm_laura_52,LTM_Laura,12,0.1527777777777778,0.0,1.3472222222222223,NaN,2,0,
ltm_laura_53,LTM_Laura,6,0.16666666666666666,0.16666666666666666,1.3333333333333333,1.0,1,0,
ltm_laura_54,LTM_Laura,8,0.15625,0.125,1.28125,2.0,2,0,
ltm_laura_55,LTM_Laura,8,0.125,0.125,1.1875,2.25,0,0,
ltm_laura_56,LTM_Laura,12,0.1111111111111111,0.16666666666666666,1.236111111111111,4.95,1,0,
ltm_laura_57,LTM_Laura,9,0.16049382716049382,0.1111111111111111,1.1851851851851851,2.2,1,0,
ltm_laura_58,LTM_Laura,2,0.25,0.5,1.25,1.0,0,0,
ltm_laura_59,LTM_Laura,13,0.10059171597633136,0.15384615384615385,1.1479289940828399,2.0,2,0,
ltm_laura_6,LTM_Laura,5,0.24,0.2,1.32,2.0,0,0,
ltm_laura_60,LTM_Laura,6,0.16666666666666666,0.16666666666666666,1.2222222222222223,1.0,1,0,
ltm_laura_61,LTM_Laura,6,0.1388888888888889,0.16666666666666666,1.2222222222222223,1.0,1,0,
ltm_laura_62,LTM_Laura,0,0.0,0.0,NaN,NaN,0,0,
ltm_laura_63,LTM_Laura,15,0.14222222222222222,0.13333333333333333,1.2666666666666666,4.191919191919192,1,0,
ltm_laura_64,LTM_Laura,8,0.171875,0.25,1.28125,1.7777777777777777,1,0,
ltm_laura_65,LTM_Laura,11,0.10743801652892562,0.2727272727272727,1.1818181818181819,1.8571428571428572,2,0,
ltm_laura_66,LTM_Laura,7,0.16326530612244897,0.14285714285714285,1.204081632653061,2.75,0,0,
ltm_laura_67,LTM_Laura,6,0.08333333333333333,0.5,1.0833333333333333,1.0,0,0,
ltm_laura_68,LTM_Laura,2,0.25,0.5,1.25,1.0,0,0,
ltm_laura_69,LTM_Laura,5,0.12,0.4,1.16,1.5,0,0,
ltm_laura_7,LTM_Laura,9,0.12345679012345678,0.3333333333333333,1.1481481481481481,1.7142857142857142,1,0,
ltm_laura_70,LTM_Laura,4,0.25,0.25,1.3125,1.3333333333333333,0,0,
ltm_laura_71,LTM_Laura,9,0.1111111111111111,0.1111111111111111,1.1358024691358024,2.0,2,0,
ltm_laura_72,LTM_Laura,8,0.3125,0.0,1.5,NaN,2,0,
ltm_laura_73,LTM_Laura,11,0.2396694214876033,0.0,1.4049586776859504,NaN,6,0,
ltm_laura_74,LTM_Laura,6,0.2222222222222222,0.0,1.3333333333333333,NaN,2,0,
ltm_laura_75,LTM_Laura,8,0.125,0.375,1.15625,1.5,0,0,
ltm_laura_76,LTM_Laura,12,0.1388888888888889,0.16666666666666666,1.215277777777778,3.8181818181818183,0,0,
ltm_laura_77,LTM_Laura,7,0.20408163265306123,0.2857142857142857,1.2857142857142858,1.7777777777777777,0,0,
ltm_laura_78,LTM_Laura,8,0.21875,0.25,1.34375,2.4285714285714284,2,0,
ltm_laura_79,LTM_Laura,8,0.078125,0.375,1.09375,1.25,0,0,
ltm_laura_8,LTM_Laura,3,0.2222222222222222,0.3333333333333333,1.222222222222222,1.0,0,0,
ltm_laura_80,LTM_Laura,12,0.125,0.25,1.2708333333333333,4.321428571428571,1,0,
ltm_laura_81,LTM_Laura,9,0.09876543209876543,0.2222222222222222,1.148148148148148,2.0,0,0,
ltm_laura_82,LTM_Laura,4,0.25,0.25,1.3125,1.3333333333333333,0,0,
ltm_laura_83,LTM_Laura,8,0.203125,0.0,1.328125,NaN,7,0,
ltm_laura_84,LTM_Laura,7,0.24489795918367346,0.14285714285714285,1.4285714285714286,2.6666666666666665,0,0,
ltm_laura_85,LTM_Laura,3,0.2222222222222222,0.3333333333333333,1.222222222222222,1.0,0,0,
ltm_laura_86,LTM_Laura,6,0.3333333333333333,0.0,1.472222222222222,NaN,3,0,
ltm_laura_87,LTM_Laura,9,0.16049382716049382,0.0,1.308641975308642,NaN,1,0,
ltm_laura_88,LTM_Laura,13,0.15976331360946747,0.15384615384615385,1.2544378698224852,3.742857142857143,2,0,
ltm_laura_89,LTM_Laura,8,0.296875,0.0,1.5,NaN,2,0,
ltm_laura_9,LTM_Laura,11,0.12396694214876033,0.36363636363636365,1.1404958677685952,1.4615384615384615,0,0,
ltm_laura_90,LTM_Laura,5,0.24,0.2,1.32,2.0,0,0,
ltm_laura_91,LTM_Laura,4,0.25,0.0,1.3125,NaN,1,0,
ltm_laura_92,LTM_Laura,10,0.17,0.0,1.28,NaN,6,0,
ltm_laura_93,LTM_Laura,13,0.10650887573964497,0.23076923076923078,1.1775147928994083,2.5714285714285716,1,0,
ltm_laura_94,LTM_Laura,12,0.1388888888888889,0.0,1.2291666666666667,NaN,2,0,
ltm_laura_95,LTM_Laura,6,0.3055555555555556,0.16666666666666666,1.4444444444444444,3.0,1,0,
ltm_laura_96,LTM_Laura,10,0.11,0.2,1.16,1.0,2,0,
ltm_laura_97,LTM_Laura,2,0.25,0.5,1.25,1.0,0,0,
ltm_laura_98,LTM_Laura,12,0.09722222222222222,0.16666666666666666,1.1458333333333333,2.6666666666666665,0,0,
ltm_laura_99,LTM_Laura,14,0.11734693877551021,0.14285714285714285,1.204081632653061,3.9545454545454546,2,0,
maxent_1,MaxEnt,11,0.1322314049586777,0.18181818181818182,1.2066115702479339,5.125,2,0,
maxent_10,MaxEnt,7,0.12244897959183673,0.42857142857142855,1.1224489795918366,1.0,0,0,
maxent_100,MaxEnt,15,0.21333333333333335,0.06666666666666667,1.4444444444444444,5.742857142857143,127,0,
maxent_11,MaxEnt,7,0.24489795918367346,0.14285714285714285,1.5102040816326527,3.357142857142857,1,0,
maxent_12,MaxEnt,11,0.2231404958677686,0.2727272727272727,1.43801652892562,3.3684210526315788,22,0,
maxent_13,MaxEnt,4,0.1875,0.5,1.1875,1.0,0,0,
maxent_14,MaxEnt,7,0.16326530612244897,0.42857142857142855,1.2040816326530612,1.3333333333333333,0,0,
maxent_15,MaxEnt,5,0.16,0.2,1.2,1.6666666666666667,0,0,
maxent_16,MaxEnt,5,0.2,0.4,1.2,NaN,1,0,
maxent_17,MaxEnt,2,0.25,0.5,1.25,1.0,0,0,
maxent_18,MaxEnt,6,0.16666666666666666,0.3333333333333333,1.1944444444444444,1.2,0,0,
maxent_19,MaxEnt,14,0.14795918367346939,0.2857142857142857,1.1989795918367345,3.8846153846153846,5,0,
maxent_2,MaxEnt,6,0.16666666666666666,0.3333333333333333,1.1944444444444444,1.2,0,0,
maxent_20,MaxEnt,0,0.0,0.0,NaN,NaN,0,0,
maxent_21,MaxEnt,15,0.1288888888888889,0.26666666666666666,1.4577777777777778,4.2272727272727275,13,0,
maxent_22,MaxEnt,7,0.2857142857142857,0.0,1.5102040816326527,NaN,3,0,
maxent_23,MaxEnt,0,0.0,0.0,NaN,NaN,0,0,
maxent_24,MaxEnt,3,0.2222222222222222,0.3333333333333333,1.3333333333333333,2.0,0,0,
maxent_25,MaxEnt,5,0.16,0.2,1.28,2.5,0,0,
maxent_26,MaxEnt,12,0.13194444444444445,0.25,1.2083333333333333,2.4210526315789473,0,0,
maxent_27,MaxEnt,4,0.125,0.5,1.125,1.0,0,0,
maxent_28,MaxEnt,6,0.16666666666666666,0.0,1.3333333333333333,NaN,1,0,
maxent_29,MaxEnt,14,0.15816326530612246,0.07142857142857142,1.306122448979592,4.75,26,0,
maxent_3,MaxEnt,5,0.24,0.2,1.3599999999999999,2.25,0,0,
maxent_30,MaxEnt,5,0.12,0.6,1.12,1.0,0,0,
maxent_31,MaxEnt,3,0.2222222222222222,0.3333333333333333,1.3333333333333333,2.0,0,0,
maxent_32,MaxEnt,10,0.12,0.3,1.15,1.5555555555555556,0,0,
maxent_33,MaxEnt,11,0.11570247933884298,0.45454545454545453,1.1322314049586777,1.5,0,0,
maxent_34,MaxEnt,15,0.18666666666666668,0.06666666666666667,1.533333333333333,4.0,128,0,
maxent_36,MaxEnt,0,0.0,0.0,NaN,NaN,0,0,
maxent_37,MaxEnt,10,0.23,0.0,1.59,NaN,16,0,
maxent_38,MaxEnt,5,0.12,0.4,1.16,1.5,0,0,
maxent_39,MaxEnt,10,0.2,0.1,1.39,2.857142857142857,9,0,
maxent_4,MaxEnt,5,0.2,0.2,1.28,2.0,0,0,
maxent_40,MaxEnt,5,0.16,0.2,1.16,1.0,1,0,
maxent_41,MaxEnt,14,0.22448979591836735,0.14285714285714285,1.489795918367347,5.769230769230769,28,0,
maxent_42,MaxEnt,8,0.171875,0.25,1.21875,2.4285714285714284,1,0,
maxent_43,MaxEnt,4,0.1875,0.25,1.25,1.5,0,0,
maxent_44,MaxEnt,15,0.17777777777777778,0.3333333333333333,1.2488888888888885,4.029411764705882,43,0,
maxent_45,MaxEnt,7,0.12244897959183673,0.2857142857142857,1.1428571428571428,1.4,0,0,
maxent_46,MaxEnt,15,0.12444444444444444,0.26666666666666666,1.1733333333333331,4.25,16,0,
maxent_47,MaxEnt,8,0.125,0.25,1.171875,1.8333333333333333,0,0,
maxent_48,MaxEnt,12,0.08333333333333333,0.4166666666666667,1.1041666666666665,1.4,0,0,
maxent_49,MaxEnt,9,0.13580246913580246,0.4444444444444444,1.1604938271604937,1.3636363636363635,0,0,
maxent_5,MaxEnt,13,0.17751479289940827,0.07692307692307693,1.3136094674556213,2.9,7,0,
maxent_50,MaxEnt,2,0.25,0.5,1.25,1.0,0,0,
maxent_51,MaxEnt,14,0.19387755102040816,0.14285714285714285,1.336734693877551,3.9047619047619047,64,0,
maxent_52,MaxEnt,3,0.2222222222222222,0.3333333333333333,1.3333333333333333,2.0,0,0,
maxent_53,MaxEnt,6,0.08333333333333333,0.5,1.0833333333333335,1.0,0,0,
maxent_54,MaxEnt,4,0.3125,0.25,1.375,1.5,0,0,
maxent_55,MaxEnt,7,0.16326530612244897,0.2857142857142857,1.2244897959183672,2.4,0,0,
maxent_56,MaxEnt,15,0.16,0.2,1.2488888888888887,3.814814814814815,5,0,
maxent_57,MaxEnt,11,0.10743801652892562,0.36363636363636365,1.1157024793388428,1.1666666666666667,0,0,
maxent_58,MaxEnt,8,0.171875,0.25,1.296875,3.5454545454545454,0,0,
maxent_59,MaxEnt,11,0.09917355371900827,0.36363636363636365,1.1322314049586775,1.7777777777777777,0,0,
maxent_6,MaxEnt,13,0.1242603550295858,0.07692307692307693,1.1775147928994083,1.0,1,0,
maxent_60,MaxEnt,9,0.13580246913580246,0.2222222222222222,1.2098765432098766,2.1,0,0,
maxent_61,MaxEnt,11,0.09917355371900827,0.09090909090909091,1.1487603305785123,1.0,2,0,
maxent_62,MaxEnt,13,0.16568047337278108,0.23076923076923078,1.1834319526627217,3.3333333333333335,15,0,
maxent_63,MaxEnt,4,0.1875,0.25,1.25,2.0,0,0,
maxent_64,MaxEnt,7,0.16326530612244897,0.2857142857142857,1.2244897959183674,1.8,0,0,
maxent_65,MaxEnt,15,0.19555555555555557,0.13333333333333333,1.3377777777777775,3.772727272727273,61,0,
maxent_66,MaxEnt,14,0.22448979591836735,0.14285714285714285,1.5510204081632655,3.759259259259259,170,0,
maxent_67,MaxEnt,15,0.21777777777777776,0.13333333333333333,1.862222222222222,4.15,274,0,
maxent_68,MaxEnt,7,0.08163265306122448,0.42857142857142855,1.1020408163265305,1.3333333333333333,0,0,
maxent_69,MaxEnt,12,0.14583333333333334,0.3333333333333333,1.4444444444444444,4.083333333333333,7,0,
maxent_7,MaxEnt,10,0.08,0.3,1.13,2.25,0,0,
maxent_70,MaxEnt,0,0.0,0.0,NaN,NaN,0,0,
maxent_71,MaxEnt,0,0.0,0.0,NaN,NaN,0,0,
maxent_72,MaxEnt,2,0.25,0.5,1.25,1.0,0,0,
maxent_73,MaxEnt,9,0.16049382716049382,0.1111111111111111,1.2716049382716048,2.5454545454545454,0,0,
maxent_74,MaxEnt,5,0.12,0.4,1.1600000000000001,1.5,0,0,
maxent_75,MaxEnt,12,0.0763888888888889,0.25,1.090277777777778,1.4444444444444444,0,0,
maxent_76,MaxEnt,15,0.11555555555555555,0.2,1.16,4.0,11,0,
maxent_77,MaxEnt,6,0.2222222222222222,0.16666666666666666,1.3888888888888886,2.5,1,0,
maxent_78,MaxEnt,9,0.20987654320987653,0.2222222222222222,1.382716049382716,2.4285714285714284,0,0,
maxent_79,MaxEnt,14,0.1326530612244898,0.21428571428571427,1.2295918367346936,4.882352941176471,7,0,
maxent_8,MaxEnt,9,0.19753086419753085,0.2222222222222222,1.3086419753086418,2.8125,3,0,
maxent_80,MaxEnt,2,0.25,0.5,1.25,1.0,0,0,
maxent_81,MaxEnt,9,0.07407407407407407,0.4444444444444444,1.0987654320987654,1.6666666666666667,0,0,
maxent_82,MaxEnt,7,0.14285714285714285,0.2857142857142857,1.2244897959183674,1.8,0,0,
maxent_83,MaxEnt,10,0.26,0.1,1.56,3.5,41,0,
maxent_85,MaxEnt,7,0.10204081632653061,0.2857142857142857,1.1224489795918369,1.6666666666666667,0,0,
maxent_86,MaxEnt,9,0.07407407407407407,0.3333333333333333,1.08641975308642,1.2,0,0,
maxent_87,MaxEnt,8,0.09375,0.75,1.09375,1.0,0,0,
maxent_88,MaxEnt,8,0.125,0.375,1.171875,1.7142857142857142,0,0,
maxent_89,MaxEnt,5,0.12,0.4,1.1199999999999999,1.0,0,0,
maxent_9,MaxEnt,15,0.18222222222222223,0.06666666666666667,1.4844444444444445,4.0588235294117645,64,0,
maxent_90,MaxEnt,9,0.12345679012345678,0.1111111111111111,1.185185185185185,2.0,1,0,
maxent_91,MaxEnt,15,0.18666666666666668,0.2,1.2488888888888887,3.5714285714285716,13,0,
maxent_92,MaxEnt,5,0.2,0.4,1.24,1.25,0,0,
maxent_93,MaxEnt,3,0.2222222222222222,0.3333333333333333,1.3333333333333333,2.0,0,0,
maxent_94,MaxEnt,14,0.10714285714285714,0.2857142857142857,1.1479591836734693,2.769230769230769,2,0,
maxent_95,MaxEnt,10,0.21,0.0,1.52,NaN,10,0,
maxent_96,MaxEnt,14,0.2193877551020408,0.14285714285714285,1.2959183673469388,4.833333333333333,20,0,
maxent_97,MaxEnt,9,0.09876543209876543,0.2222222222222222,1.1604938271604939,1.6666666666666667,1,0,
maxent_98,MaxEnt,3,0.2222222222222222,0.6666666666666666,1.222222222222222,1.0,0,0,
maxent_99,MaxEnt,10,0.15,0.2,1.27,4.875,2,0,
niche_1,Niche,10,0.24,0.3,1.3399999999999999,1.6818181818181819,0,0,
niche_10,Niche,11,0.06611570247933884,0.2727272727272727,1.0991735537190082,2.0,0,0,
niche_100,Niche,7,0.22448979591836735,0.42857142857142855,1.2857142857142858,1.5,0,0,
niche_11,Niche,5,0.16,0.4,1.2399999999999998,2.0,0,0,
niche_12,Niche,5,0.32,0.2,1.48,2.0,0,0,
niche_13,Niche,5,0.16,0.8,1.16,1.0,0,0,
niche_14,Niche,5,0.16,0.4,1.2399999999999998,2.0,0,0,
niche_15,Niche,12,0.1875,0.16666666666666666,1.2916666666666667,2.3333333333333335,0,0,
niche_16,Niche,9,0.14814814814814814,0.2222222222222222,1.2222222222222223,2.0,0,0,
niche_17,Niche,5,0.24,0.4,1.3199999999999998,1.4,0,0,
niche_18,Niche,4,0.1875,0.5,1.3125,2.0,0,0,
niche_19,Niche,5,0.32,0.4,1.4,1.5,0,0,
niche_2,Niche,11,0.09917355371900827,0.5454545454545454,1.0991735537190082,1.0,0,0,
niche_20,Niche,11,0.2892561983471074,0.18181818181818182,1.421487603305785,2.482142857142857,0,0,
niche_21,Niche,13,0.24260355029585798,0.15384615384615385,1.3609467455621302,2.240740740740741,0,0,
niche_22,Niche,3,0.2222222222222222,0.3333333333333333,1.3333333333333333,2.0,0,0,
niche_23,Niche,5,0.24,0.2,1.3199999999999998,2.0,0,0,
niche_24,Niche,5,0.32,0.4,1.48,1.6666666666666667,0,0,
niche_25,Niche,6,0.2777777777777778,0.16666666666666666,1.3611111111111107,1.8888888888888888,0,0,
niche_26,Niche,6,0.2222222222222222,0.3333333333333333,1.3611111111111114,2.2,0,0,
niche_27,Niche,12,0.11805555555555555,0.3333333333333333,1.173611111111111,1.9411764705882353,0,0,
niche_28,Niche,13,0.09467455621301775,0.15384615384615385,1.1538461538461537,1.8,0,0,
niche_29,Niche,12,0.2569444444444444,0.3333333333333333,1.361111111111111,1.849056603773585,0,0,
niche_3,Niche,3,0.2222222222222222,0.3333333333333333,1.3333333333333333,2.0,0,0,
niche_30,Niche,9,0.09876543209876543,0.4444444444444444,1.1111111111111112,1.2857142857142858,0,0,
niche_31,Niche,9,0.2222222222222222,0.3333333333333333,1.3209876543209877,2.0,0,0,
niche_32,Niche,10,0.15,0.6,1.2200000000000002,1.6923076923076923,0,0,
niche_33,Niche,10,0.1,0.2,1.1599999999999997,3.6666666666666665,0,0,
niche_34,Niche,13,0.22485207100591717,0.23076923076923078,1.3905325443786982,3.2371134020618557,0,0,
niche_35,Niche,5,0.28,0.4,1.3599999999999999,1.3333333333333333,0,0,
niche_36,Niche,7,0.20408163265306123,0.42857142857142855,1.2653061224489794,1.5555555555555556,0,0,
niche_37,Niche,12,0.1388888888888889,0.4166666666666667,1.1597222222222223,1.45,0,0,
niche_38,Niche,12,0.09722222222222222,0.16666666666666666,1.125,1.7,0,0,
niche_39,Niche,9,0.18518518518518517,0.4444444444444444,1.271604938271605,1.9375,0,0,
niche_4,Niche,5,0.16,0.8,1.1600000000000001,1.0,0,0,
niche_40,Niche,14,0.10714285714285714,0.21428571428571427,1.1326530612244896,1.8235294117647058,0,0,
niche_41,Niche,9,0.18518518518518517,0.3333333333333333,1.2345679012345678,1.75,0,0,
niche_42,Niche,10,0.22,0.2,1.3,2.0,0,0,
niche_43,Niche,6,0.2777777777777778,0.3333333333333333,1.3333333333333333,1.4,0,0,
niche_44,Niche,6,0.2777777777777778,0.16666666666666666,1.4166666666666667,2.0,0,0,
niche_45,Niche,6,0.1111111111111111,0.3333333333333333,1.138888888888889,1.3333333333333333,0,0,
niche_46,Niche,4,0.1875,0.5,1.3125,2.0,0,0,
niche_47,Niche,13,0.20118343195266272,0.23076923076923078,1.3964497041420119,3.1641791044776117,0,0,
niche_48,Niche,9,0.13580246913580246,0.2222222222222222,1.2222222222222223,3.1666666666666665,0,0,
niche_49,Niche,7,0.24489795918367346,0.2857142857142857,1.346938775510204,2.125,0,0,
niche_5,Niche,7,0.22448979591836735,0.2857142857142857,1.3061224489795917,1.8181818181818181,0,0,
niche_50,Niche,8,0.265625,0.125,1.40625,2.9411764705882355,0,0,
niche_51,Niche,6,0.1388888888888889,0.8333333333333334,1.138888888888889,1.0,0,0,
niche_52,Niche,4,0.25,0.25,1.375,2.5,0,0,
niche_53,Niche,13,0.11242603550295859,0.23076923076923078,1.1420118343195265,1.8,0,0,
niche_54,Niche,8,0.1875,0.375,1.265625,1.5,0,0,
niche_55,Niche,12,0.11805555555555555,0.3333333333333333,1.159722222222222,1.4285714285714286,0,0,
niche_56,Niche,7,0.1836734693877551,0.2857142857142857,1.2653061224489794,2.0,0,0,
niche_57,Niche,12,0.08333333333333333,0.4166666666666667,1.1111111111111112,1.4,0,0,
niche_58,Niche,9,0.2345679012345679,0.2222222222222222,1.3333333333333333,2.0434782608695654,0,0,
niche_59,Niche,7,0.10204081632653061,0.42857142857142855,1.1224489795918366,1.25,0,0,
niche_6,Niche,10,0.2,0.1,1.3,2.2777777777777777,0,0,
niche_60,Niche,5,0.16,0.8,1.1600000000000001,1.0,0,0,
niche_61,Niche,4,0.3125,0.25,1.5,2.3333333333333335,0,0,
niche_62,Niche,7,0.10204081632653061,0.42857142857142855,1.163265306122449,2.0,0,0,
niche_63,Niche,12,0.20833333333333334,0.25,1.2916666666666667,1.9285714285714286,0,0,
niche_64,Niche,5,0.12,0.4,1.1199999999999999,1.0,0,0,
niche_65,Niche,9,0.16049382716049382,0.2222222222222222,1.2345679012345678,1.8888888888888888,0,0,
niche_66,Niche,7,0.14285714285714285,0.2857142857142857,1.204081632653061,2.0,0,0,
niche_67,Niche,8,0.25,0.375,1.3125,1.4375,0,0,
niche_68,Niche,14,0.11734693877551021,0.21428571428571427,1.1683673469387752,2.2222222222222223,0,0,
niche_69,Niche,5,0.24,0.2,1.36,2.0,0,0,
niche_7,Niche,9,0.16049382716049382,0.3333333333333333,1.2098765432098766,1.5,0,0,
niche_70,Niche,9,0.20987654320987653,0.3333333333333333,1.3086419753086418,1.8823529411764706,0,0,
niche_71,Niche,6,0.25,0.16666666666666666,1.4166666666666667,3.0,0,0,
niche_72,Niche,9,0.09876543209876543,0.4444444444444444,1.0987654320987654,1.0,0,0,
niche_73,Niche,6,0.16666666666666666,0.16666666666666666,1.1944444444444444,1.2,0,0,
niche_74,Niche,13,0.09467455621301775,0.23076923076923078,1.1183431952662721,1.9166666666666667,0,0,
niche_75,Niche,3,0.2222222222222222,0.3333333333333333,1.3333333333333333,2.0,0,0,
niche_76,Niche,9,0.12345679012345678,0.2222222222222222,1.1728395061728394,1.7142857142857142,0,0,
niche_77,Niche,8,0.140625,0.375,1.15625,1.125,0,0,
niche_78,Niche,9,0.09876543209876543,0.3333333333333333,1.1111111111111112,1.1428571428571428,0,0,
niche_79,Niche,4,0.25,0.25,1.375,2.0,0,0,
niche_8,Niche,4,0.1875,0.75,1.1875,1.0,0,0,
niche_80,Niche,6,0.2222222222222222,0.16666666666666666,1.3333333333333333,2.75,0,0,
niche_81,Niche,7,0.10204081632653061,0.42857142857142855,1.1020408163265307,1.0,0,0,
niche_82,Niche,3,0.2222222222222222,0.6666666666666666,1.222222222222222,1.0,0,0,
niche_83,Niche,10,0.13,0.5,1.1699999999999997,1.3636363636363635,0,0,
niche_84,Niche,6,0.16666666666666666,0.3333333333333333,1.2222222222222223,1.4,0,0,
niche_85,Niche,9,0.2839506172839506,0.3333333333333333,1.3703703703703705,1.8823529411764706,0,0,
niche_86,Niche,7,0.16326530612244897,0.42857142857142855,1.2448979591836733,1.6666666666666667,0,0,
niche_87,Niche,7,0.08163265306122448,0.42857142857142855,1.1020408163265305,1.3333333333333333,0,0,
niche_88,Niche,11,0.08264462809917356,0.36363636363636365,1.0909090909090908,1.3333333333333333,0,0,
niche_89,Niche,9,0.16049382716049382,0.1111111111111111,1.2345679012345678,2.0,0,0,
niche_9,Niche,8,0.1875,0.125,1.3125,2.8333333333333335,0,0,
niche_90,Niche,8,0.296875,0.375,1.390625,1.8333333333333333,0,0,
niche_91,Niche,3,0.2222222222222222,0.3333333333333333,1.3333333333333333,2.0,0,0,
niche_92,Niche,9,0.13580246913580246,0.1111111111111111,1.2098765432098766,2.857142857142857,0,0,
niche_93,Niche,3,0.2222222222222222,0.6666666666666666,1.222222222222222,1.0,0,0,
niche_94,Niche,6,0.1111111111111111,0.5,1.138888888888889,1.3333333333333333,0,0,
niche_95,Niche,11,0.10743801652892562,0.36363636363636365,1.1322314049586777,1.4166666666666667,0,0,
niche_96,Niche,8,0.3125,0.375,1.5625,2.5,0,0,
niche_97,Niche,11,0.14049586776859505,0.18181818181818182,1.190082644628099,1.7692307692307692,0,0,
niche_98,Niche,10,0.11,0.3,1.12,1.3,0,0,
niche_99,Niche,14,0.12755102040816327,0.2857142857142857,1.1581632653061225,1.36,0,0,
random_10,Random,10,0.07,0.5,1.09,1.4,0,0,
random_13,Random,15,0.24,0.0,1.5199999999999998,NaN,2890,0,
random_14,Random,15,0.24888888888888888,0.0,1.551111111111111,NaN,5299,0,
random_16,Random,9,0.1111111111111111,0.3333333333333333,1.1728395061728394,2.6,0,0,
random_17,Random,15,0.16444444444444445,0.0,1.2399999999999995,NaN,38,0,
random_18,Random,15,0.19555555555555557,0.06666666666666667,1.422222222222222,1.0,513,0,
random_2,Random,8,0.109375,0.375,1.140625,1.6,0,0,
random_25,Random,15,0.13777777777777778,0.13333333333333333,1.28,5.0,111,0,
random_27,Random,3,0.2222222222222222,0.6666666666666666,1.222222222222222,1.0,0,0,
random_28,Random,2,0.25,0.5,1.25,1.0,0,0,
random_29,Random,15,0.19555555555555557,0.06666666666666667,1.3022222222222222,4.75,194,0,
random_3,Random,15,0.24444444444444444,0.0,1.4977777777777777,NaN,3251,0,
random_30,Random,6,0.1388888888888889,0.3333333333333333,1.1944444444444444,2.0,0,0,
random_33,Random,10,0.13,0.1,1.27,4.0,3,0,
random_37,Random,13,0.14792899408284024,0.15384615384615385,1.2071005917159765,3.5,10,0,
random_38,Random,11,0.1652892561983471,0.2727272727272727,1.3636363636363635,3.888888888888889,5,0,
random_4,Random,3,0.2222222222222222,0.3333333333333333,1.3333333333333333,2.0,0,0,
random_40,Random,7,0.12244897959183673,0.2857142857142857,1.1836734693877549,1.0,1,0,
random_45,Random,12,0.0763888888888889,0.3333333333333333,1.1458333333333333,2.25,0,0,
random_46,Random,15,0.2222222222222222,0.13333333333333333,1.4400000000000002,2.9166666666666665,434,0,
random_48,Random,15,0.17333333333333334,0.06666666666666667,1.1955555555555553,NaN,64,0,
random_49,Random,14,0.1326530612244898,0.0,1.1581632653061222,NaN,12,0,
random_53,Random,8,0.109375,0.375,1.15625,1.75,0,0,
random_57,Random,8,0.109375,0.5,1.140625,1.6,0,0,
random_59,Random,8,0.140625,0.375,1.21875,2.272727272727273,0,0,
random_6,Random,15,0.1688888888888889,0.06666666666666667,1.3466666666666665,3.8333333333333335,84,0,
random_60,Random,12,0.19444444444444445,0.08333333333333333,1.3819444444444444,3.5,36,0,
random_62,Random,15,0.13777777777777778,0.13333333333333333,1.293333333333333,4.555555555555555,11,0,
random_63,Random,15,0.23555555555555555,0.0,1.5155555555555555,NaN,4019,0,
random_64,Random,10,0.07,0.5,1.0899999999999999,1.4,0,0,
random_65,Random,15,0.19555555555555557,0.0,1.3022222222222222,NaN,601,0,
random_68,Random,8,0.140625,0.25,1.21875,2.1666666666666665,0,0,
random_7,Random,10,0.1,0.3,1.13,2.7142857142857144,0,0,
random_72,Random,7,0.12244897959183673,0.2857142857142857,1.1836734693877549,2.0,0,0,
random_73,Random,15,0.20444444444444446,0.0,1.4222222222222218,NaN,1008,0,
random_74,Random,8,0.09375,0.5,1.125,1.4,0,0,
random_75,Random,4,0.1875,0.25,1.25,1.5,0,0,
random_77,Random,14,0.10714285714285714,0.14285714285714285,1.127551020408163,3.5,5,0,
random_78,Random,15,0.18666666666666668,0.2,1.3644444444444441,4.818181818181818,143,0,
random_80,Random,15,0.2,0.0,1.3866666666666667,NaN,538,0,
random_81,Random,12,0.09027777777777778,0.4166666666666667,1.111111111111111,1.4166666666666667,0,0,
random_83,Random,15,0.18222222222222223,0.06666666666666667,1.2222222222222219,3.8,112,0,
random_84,Random,14,0.17857142857142858,0.0,1.3061224489795917,NaN,67,0,
random_86,Random,11,0.11570247933884298,0.09090909090909091,1.1570247933884297,5.0,4,0,
random_87,Random,7,0.10204081632653061,0.5714285714285714,1.1224489795918366,1.25,0,0,
random_88,Random,4,0.1875,0.75,1.1875,1.0,0,0,
random_89,Random,15,0.17333333333333334,0.06666666666666667,1.311111111111111,2.6666666666666665,50,0,
random_90,Random,15,0.2311111111111111,0.0,1.4311111111111112,NaN,961,0,
random_93,Random,15,0.1511111111111111,0.0,1.182222222222222,NaN,63,0,
random_94,Random,15,0.13333333333333333,0.06666666666666667,1.1555555555555552,3.0,24,0,
random_95,Random,15,0.15555555555555556,0.06666666666666667,1.1955555555555553,5.571428571428571,129,0,
random_97,Random,14,0.1377551020408163,0.07142857142857142,1.219387755102041,5.5,8,0,
random_98,Random,14,0.14285714285714285,0.0,1.25,NaN,25,0,
random_99,Random,2,0.5,0.0,1.5,NaN,1,0,
