model,richness,connectance,complexity,trophic_level,generality,vulnerability,S1,S2,S4,S5
adbm_1,9,0.12345679012345678,0.9261600176561031,1.5555555555555556,1.0499999999999998,1.2278029157808674,0.012345679012345678,0.04938271604938271,0.04938271604938271,0.024691358024691357
adbm_10,9,0.1111111111111111,0.9373994714948702,1.6666666666666665,1.224744871391589,1.0,0.06172839506172839,0.0,0.04938271604938271,0.07407407407407407
adbm_100,9,0.14814814814814814,0.890411990536752,1.5555555555555556,1.243734296383275,0.9185586535436918,0.012345679012345678,0.04938271604938271,0.04938271604938271,0.1111111111111111
adbm_11,10,0.14,0.9214115107702715,1.7000000000000002,0.9035079029052512,0.9642122253007899,0.02,0.1,0.01,0.0
adbm_12,6,0.1111111111111111,0.8724293398564681,1.6666666666666665,1.816590212458495,1.224744871391589,0.0,0.027777777777777776,0.0,0.05555555555555555
adbm_13,6,0.08333333333333333,0.9999999999999998,1.3333333333333333,1.0954451150103321,1.0954451150103321,0.027777777777777776,0.0,0.0,0.0
adbm_14,4,0.0625,NaN,1.25,2.0,2.0,0.0,0.0,0.0,0.0
adbm_15,13,0.23668639053254437,0.8197835777902099,2.153846153846154,1.1137399457084523,0.8120832264409027,0.023668639053254437,0.34911242603550297,0.11834319526627218,0.3136094674556213
adbm_16,3,0.0,0.0,1.0,NaN,NaN,0.0,0.0,0.0,0.0
adbm_17,5,0.08,1.0,1.4,1.3693063937629153,1.3693063937629153,0.04,0.0,0.0,0.0
adbm_18,9,0.08641975308641975,0.9689453867561505,1.3333333333333333,1.2494896917525644,0.8571428571428571,0.04938271604938271,0.012345679012345678,0.0,0.024691358024691357
adbm_19,6,0.1388888888888889,0.9182958340544894,1.8333333333333333,1.4028542333400145,1.4028542333400145,0.0,0.05555555555555555,0.027777777777777776,0.027777777777777776
adbm_2,8,0.1875,0.8940816042696328,1.625,0.9428090415820632,1.0079052613579393,0.046875,0.125,0.046875,0.03125
adbm_20,7,0.08163265306122448,0.9335926644561658,1.7142857142857142,1.3768926368215255,1.3768926368215255,0.04081632653061224,0.02040816326530612,0.0,0.0
adbm_21,8,0.078125,0.8648264518457696,1.375,1.190438094628552,2.2526175250773743,0.0,0.015625,0.078125,0.0
adbm_22,9,0.1111111111111111,0.9373994714948702,1.3333333333333333,1.224744871391589,1.0,0.024691358024691357,0.0,0.04938271604938271,0.07407407407407407
adbm_23,4,0.0625,NaN,1.25,2.0,2.0,0.0,0.0,0.0,0.0
adbm_24,9,0.08641975308641975,0.961156796715986,1.6666666666666665,1.2494896917525644,1.0714285714285712,0.024691358024691357,0.012345679012345678,0.012345679012345678,0.024691358024691357
adbm_25,7,0.12244897959183673,0.891671285555114,1.5714285714285714,1.4174834246858972,1.0496913126495104,0.0,0.04081632653061224,0.0,0.04081632653061224
adbm_26,9,0.14814814814814814,0.9169591782986052,1.7777777777777777,1.403121520040228,0.9185586535436918,0.06172839506172839,0.07407407407407407,0.024691358024691357,0.12345679012345678
adbm_27,13,0.21893491124260356,0.8488696227759158,2.6153846153846154,1.012702378118659,0.9054390204866475,0.04142011834319527,0.35502958579881655,0.08284023668639054,0.14201183431952663
adbm_28,15,0.17777777777777778,0.8556333998987206,2.2666666666666666,1.208230701716948,0.9258200997725514,0.04,0.28444444444444444,0.05333333333333334,0.18666666666666668
adbm_29,10,0.19,0.8476729442865824,2.1,1.1755695135263826,0.9752240076973541,0.05,0.21,0.03,0.1
adbm_3,7,0.14285714285714285,0.8685893832533697,1.5714285714285714,1.4142135623730951,1.0,0.04081632653061224,0.0,0.061224489795918366,0.12244897959183673
adbm_30,11,0.1652892561983471,0.8910777971025678,2.4545454545454546,1.3874436925511608,0.8455767262643882,0.03305785123966942,0.12396694214876033,0.04132231404958678,0.2066115702479339
adbm_31,5,0.12,0.8504896251021614,1.6,1.49071198499986,1.49071198499986,0.0,0.04,0.0,0.0
adbm_32,10,0.19,0.8745454692253916,2.0,1.2268164025997959,0.7627040392731282,0.04,0.12,0.06,0.21
adbm_33,11,0.1487603305785124,0.889741581464212,2.0,1.2605113600792692,0.9175921254250033,0.01652892561983471,0.12396694214876033,0.01652892561983471,0.09917355371900827
adbm_34,8,0.15625,0.9261600176561031,1.75,1.1109841197270618,0.931971796017148,0.015625,0.0625,0.03125,0.0625
adbm_35,8,0.25,0.8536834236518231,2.125,0.9258200997725514,0.9258200997725514,0.0,0.3125,0.0,0.0
adbm_36,9,0.13580246913580246,0.8946290929517458,1.6666666666666665,1.2120265114521256,0.9833321660356332,0.04938271604938271,0.08641975308641975,0.0,0.037037037037037035
adbm_37,14,0.19387755102040816,0.8610496093878927,2.5,1.075857132806653,0.9846466807299845,0.08163265306122448,0.23979591836734693,0.16326530612244897,0.20918367346938777
adbm_38,9,0.16049382716049382,0.8602810616216289,1.4444444444444444,0.9230769230769231,1.2046507510281406,0.012345679012345678,0.07407407407407407,0.1111111111111111,0.04938271604938271
adbm_39,8,0.1875,0.84449401868805,2.125,1.4253932901995967,0.9428090415820632,0.0,0.15625,0.0,0.140625
adbm_4,8,0.125,0.909873712713251,1.25,0.9258200997725514,1.3093073414159542,0.015625,0.0,0.09375,0.046875
adbm_40,7,0.12244897959183673,0.8347211376995968,1.7142857142857142,1.4174834246858972,1.4174834246858972,0.0,0.08163265306122448,0.0,0.0
adbm_41,5,0.08,NaN,1.4,2.23606797749979,1.3693063937629153,0.0,0.0,0.0,0.04
adbm_42,6,0.05555555555555555,1.0,1.1666666666666667,1.5491933384829668,1.5491933384829668,0.0,0.0,0.0,0.0
adbm_43,7,0.1836734693877551,0.8500003213537838,2.0,1.247219128924647,1.163576153511482,0.0,0.14285714285714285,0.02040816326530612,0.04081632653061224
adbm_44,14,0.22959183673469388,0.8383170646128727,2.4285714285714284,1.1062114190803236,0.792510047090156,0.061224489795918366,0.42857142857142855,0.04081632653061224,0.24489795918367346
adbm_45,11,0.2066115702479339,0.8674713561679864,2.1818181818181817,1.0971964272635961,0.903681359772348,0.01652892561983471,0.2066115702479339,0.09917355371900827,0.18181818181818182
adbm_46,7,0.10204081632653061,0.9182958340544894,1.2857142857142856,1.3316656236958784,1.3316656236958784,0.0,0.0,0.04081632653061224,0.04081632653061224
adbm_47,10,0.13,0.922996934092346,1.9,1.1495647062287124,0.8148845426702924,0.08,0.06,0.01,0.06
adbm_48,8,0.109375,0.9425315809842019,1.75,1.5499459221263285,0.9537405261671773,0.046875,0.015625,0.015625,0.078125
adbm_49,10,0.09,0.9519113620971497,2.5,1.330243333042072,1.3302433330420722,0.05,0.03,0.03,0.03
adbm_5,10,0.25,0.781011599951655,2.0,1.0022197585581938,1.0022197585581938,0.0,0.38,0.09,0.09
adbm_50,10,0.11,0.9466214915463596,2.1,1.0883809088526042,1.0883809088526042,0.05,0.05,0.02,0.02
adbm_51,9,0.14814814814814814,0.9029353425964486,1.5555555555555556,1.1858541225631423,0.9185586535436918,0.024691358024691357,0.04938271604938271,0.04938271604938271,0.09876543209876543
adbm_52,7,0.061224489795918366,0.9999999999999998,1.2857142857142856,1.247219128924647,1.247219128924647,0.02040816326530612,0.0,0.0,0.0
adbm_53,9,0.13580246913580246,0.8952058382943708,1.7777777777777777,1.5726221720005629,0.8941961624048181,0.037037037037037035,0.07407407407407407,0.0,0.12345679012345678
adbm_54,7,0.14285714285714285,0.8685893832533697,1.4285714285714286,1.0,1.4142135623730951,0.061224489795918366,0.0,0.12244897959183673,0.061224489795918366
adbm_55,10,0.14,0.9000689695735454,1.8,1.2233554836823932,1.0213147899774866,0.0,0.09,0.03,0.07
adbm_56,15,0.21777777777777776,0.8266618685767638,1.9333333333333333,1.1005010298988696,0.7887092214327829,0.06666666666666667,0.4088888888888889,0.044444444444444446,0.24
adbm_57,6,0.08333333333333333,0.9786600843501594,1.3333333333333333,1.6733200530681511,1.0954451150103321,0.0,0.0,0.0,0.027777777777777776
adbm_58,5,0.12,0.8504896251021615,1.6,1.4907119849998598,1.4907119849998598,0.0,0.04,0.0,0.0
adbm_59,9,0.12345679012345678,0.9561383657251775,1.7777777777777777,1.1423659658795862,0.7035623639735145,0.07407407407407407,0.024691358024691357,0.012345679012345678,0.06172839506172839
adbm_6,12,0.11805555555555555,0.9156783735764501,1.75,1.3942767119707198,0.8753734654391615,0.041666666666666664,0.0763888888888889,0.006944444444444444,0.09722222222222222
adbm_60,7,0.16326530612244897,0.8771987175002514,1.5714285714285714,1.1770372409854613,1.0631125685144227,0.061224489795918366,0.04081632653061224,0.061224489795918366,0.08163265306122448
adbm_61,4,0.0,0.0,1.0,NaN,NaN,0.0,0.0,0.0,0.0
adbm_62,10,0.18,0.8456692359429988,1.6,0.9728833730787924,1.104921028901948,0.01,0.13,0.12,0.08
adbm_63,8,0.125,0.9250071329547135,1.625,1.0690449676496976,1.0690449676496976,0.015625,0.0625,0.0,0.0
adbm_64,7,0.10204081632653061,0.9666959300280741,1.4285714285714286,1.5577761927397231,0.6831300510639732,0.02040816326530612,0.0,0.0,0.061224489795918366
adbm_65,6,0.1111111111111111,0.9870558585867127,1.3333333333333333,0.7745966692414834,1.224744871391589,0.027777777777777776,0.0,0.027777777777777776,0.0
adbm_66,8,0.15625,0.9266775310118471,2.25,1.3352367366340483,0.828078671210825,0.046875,0.0625,0.015625,0.109375
adbm_67,8,0.15625,0.9334539932971753,1.5,0.931971796017148,0.828078671210825,0.0625,0.03125,0.046875,0.0625
adbm_68,10,0.12,0.9396322579081337,1.8,1.3494397557212356,0.6573421981221795,0.06,0.03,0.01,0.1
adbm_69,12,0.2013888888888889,0.8450914366092889,2.5,1.1764635937401366,0.8361624588263545,0.06944444444444445,0.2222222222222222,0.0763888888888889,0.22916666666666666
adbm_7,6,0.08333333333333333,0.8504896251021615,1.5,1.6733200530681511,1.6733200530681511,0.0,0.027777777777777776,0.0,0.0
adbm_70,10,0.18,0.8856150875613805,2.0,1.1944085553034887,0.7768954430890012,0.06,0.16,0.0,0.12
adbm_71,4,0.0,0.0,1.0,NaN,NaN,0.0,0.0,0.0,0.0
adbm_72,6,0.08333333333333333,0.9786600843501594,1.1666666666666667,1.0954451150103321,1.6733200530681511,0.0,0.0,0.027777777777777776,0.0
adbm_73,9,0.1111111111111111,0.9507421655421545,1.5555555555555556,1.3228756555322954,0.7071067811865476,0.024691358024691357,0.024691358024691357,0.0,0.06172839506172839
adbm_74,10,0.21,0.8066090648091476,2.3,1.1761037176408065,0.9377178087455192,0.03,0.23,0.06,0.16
adbm_75,8,0.28125,0.8484515953044143,2.25,1.0008814457418695,0.9123878008380899,0.0,0.3125,0.09375,0.140625
adbm_76,12,0.1597222222222222,0.8693490465634116,2.333333333333333,1.36158980296745,0.9025369525281559,0.04861111111111111,0.13194444444444445,0.05555555555555555,0.2013888888888889
adbm_77,7,0.10204081632653061,0.935024437829149,1.5714285714285714,1.5577761927397231,1.058300524425836,0.0,0.02040816326530612,0.0,0.04081632653061224
adbm_78,10,0.24,0.8241309505032041,2.4000000000000004,1.1653431646335017,0.837950173833242,0.02,0.3,0.05,0.22
adbm_79,7,0.16326530612244897,0.8200890064018351,1.8571428571428572,1.46664299223317,1.0631125685144227,0.0,0.10204081632653061,0.0,0.08163265306122448
adbm_8,13,0.15976331360946747,0.8802956614475317,1.7692307692307692,1.1539082909183134,0.9315876286377028,0.05917159763313609,0.20118343195266272,0.01775147928994083,0.08875739644970414
adbm_80,8,0.140625,0.9131393314998774,1.5,1.1079319597850887,1.0008814457418695,0.015625,0.03125,0.046875,0.0625
adbm_81,8,0.109375,0.9285830425913346,1.25,0.9537405261671773,1.2868475730966893,0.0625,0.03125,0.03125,0.0
adbm_82,13,0.21893491124260356,0.834720100405704,2.230769230769231,1.0427319850735366,0.9278841938438726,0.03550295857988166,0.42011834319526625,0.029585798816568046,0.09467455621301775
adbm_83,8,0.09375,0.9574783912006147,1.5,1.3801311186847085,0.9428090415820631,0.015625,0.015625,0.0,0.03125
adbm_84,9,0.08641975308641975,0.9689453867561505,1.4444444444444444,1.2494896917525644,0.8571428571428571,0.024691358024691357,0.012345679012345678,0.0,0.024691358024691357
adbm_85,12,0.2638888888888889,0.8366242628597814,2.25,1.032828069039772,0.8172159160450936,0.0,0.4444444444444444,0.09722222222222222,0.25
adbm_86,15,0.21777777777777776,0.8424262331921165,2.333333333333333,1.2593436115236871,0.7887092214327829,0.04,0.3422222222222222,0.1111111111111111,0.4311111111111111
adbm_87,7,0.12244897959183673,0.9574783912006147,1.5714285714285714,1.2472191289246473,0.8050764858994133,0.04081632653061224,0.02040816326530612,0.0,0.04081632653061224
adbm_88,5,0.04,NaN,1.2,2.23606797749979,2.23606797749979,0.0,0.0,0.0,0.0
adbm_89,8,0.09375,0.978081278530621,1.25,0.6172133998483675,1.5532863266952466,0.015625,0.0,0.0625,0.0
adbm_9,8,0.078125,0.9909839046364357,1.25,1.1904380946285518,0.8280786712108252,0.046875,0.0,0.0,0.015625
adbm_90,9,0.2222222222222222,0.8665917266934589,2.7777777777777777,1.224744871391589,0.82915619758885,0.04938271604938271,0.18518518518518517,0.06172839506172839,0.2222222222222222
adbm_91,11,0.2066115702479339,0.8550450817297038,1.8181818181818183,0.9856571412007321,0.9856571412007319,0.01652892561983471,0.19008264462809918,0.1487603305785124,0.1487603305785124
adbm_92,12,0.1597222222222222,0.864086918240136,2.5,1.1867979740350676,0.9558028200216293,0.041666666666666664,0.1597222222222222,0.041666666666666664,0.1111111111111111
adbm_93,9,0.1111111111111111,0.9284601923798931,1.6666666666666665,1.5811388300841898,0.8660254037844386,0.024691358024691357,0.037037037037037035,0.0,0.08641975308641975
adbm_94,9,0.1111111111111111,0.9786600843501597,1.6666666666666665,1.224744871391589,1.224744871391589,0.07407407407407407,0.0,0.07407407407407407,0.07407407407407407
adbm_95,10,0.17,0.8436988378334849,1.8,1.178103442023514,1.0757542528898199,0.0,0.16,0.05,0.08
adbm_96,5,0.04,NaN,1.2,2.23606797749979,2.23606797749979,0.0,0.0,0.0,0.0
adbm_97,7,0.10204081632653061,0.935024437829149,1.5714285714285714,1.5577761927397231,1.058300524425836,0.0,0.02040816326530612,0.0,0.04081632653061224
adbm_98,11,0.1487603305785124,0.890241826172126,1.5454545454545454,1.1358360166811594,1.032496674433409,0.049586776859504134,0.11570247933884298,0.049586776859504134,0.0743801652892562
adbm_99,8,0.1875,0.8102463008129033,1.5,0.9428090415820634,1.234426799696735,0.0,0.09375,0.140625,0.0625
atn_1,14,0.12755102040816327,0.9336943666112494,1.5,0.7007688085787802,0.7007688085787802,0.14285714285714285,0.05102040816326531,0.05102040816326531,0.05102040816326531
atn_10,15,0.1288888888888889,0.915068014029067,1.9333333333333333,0.8170511719788857,0.6015099058271788,0.2088888888888889,0.057777777777777775,0.044444444444444446,0.08
atn_100,9,0.07407407407407407,0.946394630357186,1.2222222222222223,1.299038105676658,1.299038105676658,0.012345679012345678,0.0,0.024691358024691357,0.024691358024691357
atn_11,10,0.15,0.9291790590418965,1.6,0.9558139185602919,0.7200822998230957,0.07,0.08,0.01,0.05
atn_12,8,0.125,0.8200890064018352,1.625,1.1952286093343936,1.6035674514745464,0.0,0.078125,0.0625,0.0
atn_13,9,0.1728395061728395,0.9163189985761662,1.8888888888888888,0.9702198362290089,0.7266782124777074,0.12345679012345678,0.08641975308641975,0.024691358024691357,0.07407407407407407
atn_14,5,0.12,0.9786600843501594,1.6,1.4907119849998598,0.9128709291752769,0.04,0.0,0.0,0.04
atn_15,14,0.08673469387755102,0.9695260317996846,1.3571428571428572,0.9237642725257903,0.8029092695830123,0.07142857142857142,0.015306122448979591,0.025510204081632654,0.03571428571428571
atn_16,6,0.08333333333333333,0.9999999999999998,1.5,1.0954451150103321,1.0954451150103321,0.05555555555555555,0.0,0.0,0.0
atn_17,7,0.14285714285714285,0.9289733505723583,2.0,1.1547005383792515,0.816496580927726,0.10204081632653061,0.02040816326530612,0.02040816326530612,0.061224489795918366
atn_18,15,0.13333333333333333,0.9174770667357796,1.4,0.7319250547113999,0.7319250547113999,0.18666666666666668,0.06666666666666667,0.06666666666666667,0.06666666666666667
atn_19,10,0.04,0.9870558585867127,1.2,1.2909944487358056,1.7480147469502525,0.03,0.0,0.01,0.0
atn_2,15,0.1511111111111111,0.9093377622077093,1.8666666666666667,0.588760269942007,0.5646533589019275,0.24888888888888888,0.08444444444444445,0.06222222222222222,0.06666666666666667
atn_20,6,0.05555555555555555,1.0,1.3333333333333333,1.5491933384829668,1.5491933384829668,0.027777777777777776,0.0,0.0,0.0
atn_21,10,0.12,0.9009214678030689,1.5,1.0971343143406387,1.1653431646335017,0.08,0.0,0.1,0.09
atn_22,12,0.1111111111111111,0.9502307422204256,1.5,0.8660254037844386,0.8048150549829897,0.08333333333333333,0.027777777777777776,0.034722222222222224,0.041666666666666664
atn_23,4,0.0,0.0,1.0,NaN,NaN,0.0,0.0,0.0,0.0
atn_24,6,0.05555555555555555,1.0,1.3333333333333333,1.5491933384829668,1.5491933384829668,0.027777777777777776,0.0,0.0,0.0
atn_25,15,0.12444444444444444,0.9487260663320709,1.5333333333333332,0.6975070142911988,0.4904332588039965,0.16,0.035555555555555556,0.044444444444444446,0.07111111111111111
atn_26,6,0.05555555555555555,1.0,1.3333333333333333,1.5491933384829668,1.5491933384829668,0.027777777777777776,0.0,0.0,0.0
atn_27,12,0.125,0.947750948588386,1.5833333333333333,0.9211323729436766,0.7784989441615229,0.05555555555555555,0.041666666666666664,0.041666666666666664,0.0625
atn_28,15,0.1111111111111111,0.9477172582570668,1.4,0.9258200997725514,0.5398412465054623,0.11555555555555555,0.013333333333333334,0.04888888888888889,0.09777777777777778
atn_29,14,0.15306122448979592,0.9153044578018713,2.142857142857143,0.7288909735221388,0.6031257611482731,0.25,0.08673469387755102,0.05612244897959184,0.08163265306122448
atn_3,8,0.09375,0.9761986470911234,1.375,1.1818736805705576,0.9428090415820632,0.03125,0.015625,0.0,0.015625
atn_30,13,0.09467455621301775,0.9785636561291626,1.3846153846153846,0.8871918479111494,0.8228507357554792,0.04142011834319527,0.023668639053254437,0.023668639053254437,0.029585798816568046
atn_31,6,0.1111111111111111,0.9999999999999999,1.6666666666666665,1.224744871391589,1.224744871391589,0.05555555555555555,0.0,0.027777777777777776,0.027777777777777776
atn_32,15,0.14666666666666667,0.9049113242066398,1.5333333333333332,0.8624393618641033,0.8793847801158543,0.1688888888888889,0.1111111111111111,0.09333333333333334,0.08888888888888889
atn_33,15,0.10666666666666667,0.9498508614782715,1.5333333333333332,0.9389869160810648,0.6597483286396845,0.09333333333333334,0.035555555555555556,0.03111111111111111,0.06666666666666667
atn_34,9,0.1111111111111111,0.9510518981876893,1.4444444444444444,0.8660254037844386,1.0,0.06172839506172839,0.024691358024691357,0.024691358024691357,0.012345679012345678
atn_35,15,0.15555555555555556,0.9112162505851877,1.6666666666666665,0.8206518066482896,0.598832683719233,0.18222222222222223,0.10666666666666667,0.057777777777777775,0.1111111111111111
atn_36,7,0.08163265306122448,0.9870558585867127,1.4285714285714286,1.3768926368215255,0.9354143466934853,0.061224489795918366,0.0,0.0,0.02040816326530612
atn_37,12,0.11805555555555555,0.9490058938081328,1.9166666666666665,1.1834020407535923,0.9733795545193759,0.041666666666666664,0.034722222222222224,0.0625,0.09722222222222222
atn_38,10,0.09,0.9535465152229736,1.4,0.8198497637473576,1.1049210289019482,0.04,0.02,0.02,0.0
atn_39,7,0.12244897959183673,0.925945455127374,1.5714285714285714,1.417483424685897,0.8050764858994133,0.04081632653061224,0.02040816326530612,0.0,0.061224489795918366
atn_4,9,0.037037037037037035,0.9786600843501594,1.2222222222222223,1.5,2.1213203435596424,0.012345679012345678,0.0,0.012345679012345678,0.0
atn_40,12,0.13194444444444445,0.9223845569855014,1.5833333333333333,0.7832288901297761,0.7832288901297763,0.14583333333333334,0.04861111111111111,0.04861111111111111,0.04861111111111111
atn_41,5,0.04,NaN,1.2,2.23606797749979,2.23606797749979,0.0,0.0,0.0,0.0
atn_42,15,0.13777777777777778,0.9127661005569769,1.5333333333333332,0.9408711871205745,0.5321533202339939,0.09777777777777778,0.08888888888888889,0.022222222222222223,0.10222222222222223
atn_43,6,0.1111111111111111,0.8724293398564681,1.5,1.224744871391589,1.816590212458495,0.0,0.027777777777777776,0.05555555555555555,0.0
atn_44,15,0.13777777777777778,0.9347690075094341,1.9333333333333333,0.7192484060876191,0.5321533202339939,0.17333333333333334,0.06222222222222222,0.04888888888888889,0.08
atn_45,14,0.14285714285714285,0.9145507770260429,1.5,0.9198662110077999,0.7337993857053428,0.17857142857142858,0.04081632653061224,0.10204081632653061,0.14285714285714285
atn_46,10,0.05,0.9909839046364357,1.3,1.4142135623730951,1.0540925533894598,0.03,0.0,0.0,0.01
atn_47,11,0.09917355371900827,0.9498491439160203,1.8181818181818183,1.041499986664533,0.7619419633774975,0.08264462809917356,0.01652892561983471,0.01652892561983471,0.04132231404958678
atn_48,10,0.11,0.9280831368324268,1.6,1.245745744914816,0.904026296374321,0.1,0.0,0.05,0.09
atn_49,7,0.061224489795918366,0.9999999999999998,1.2857142857142856,1.2472191289246473,1.2472191289246473,0.02040816326530612,0.0,0.0,0.0
atn_5,10,0.18,0.9033076546394945,1.8,0.9728833730787924,0.8996265038141569,0.17,0.09,0.1,0.12
atn_50,15,0.11555555555555555,0.9617479884771352,1.5333333333333332,0.7383928539486744,0.4608511365680655,0.17777777777777778,0.0,0.06222222222222222,0.09333333333333334
atn_51,13,0.13609467455621302,0.9363892594891023,1.5384615384615385,0.7352841097951203,0.6171769376773213,0.1301775147928994,0.07100591715976332,0.023668639053254437,0.04142011834319527
atn_52,13,0.11242603550295859,0.9285219402015689,1.4615384615384617,0.9921203870595573,0.9921203870595575,0.10059171597633136,0.029585798816568046,0.07100591715976332,0.07100591715976332
atn_53,7,0.061224489795918366,0.9999999999999998,1.2857142857142856,1.2472191289246473,1.2472191289246473,0.02040816326530612,0.0,0.0,0.0
atn_54,9,0.07407407407407407,0.9786600843501597,1.4444444444444444,1.5,1.299038105676658,0.04938271604938271,0.0,0.024691358024691357,0.037037037037037035
atn_55,9,0.08641975308641975,0.9797012107127449,1.5555555555555556,1.2494896917525644,0.8571428571428571,0.024691358024691357,0.0,0.012345679012345678,0.037037037037037035
atn_56,14,0.10714285714285714,0.94866735172772,1.5,0.9336995618478525,0.6793662204867574,0.09183673469387756,0.04081632653061224,0.02040816326530612,0.05102040816326531
atn_57,12,0.1388888888888889,0.96324352085314,1.9166666666666665,0.8984835709531516,0.7385489458759964,0.1527777777777778,0.05555555555555555,0.04861111111111111,0.0763888888888889
atn_58,8,0.15625,0.9130811908196206,1.625,1.0253919111386491,1.190438094628552,0.078125,0.046875,0.09375,0.0625
atn_59,15,0.13777777777777778,0.9448388633187635,1.4666666666666668,0.6956083436402524,0.5627028151286511,0.17333333333333334,0.06222222222222222,0.05333333333333334,0.07555555555555556
atn_6,12,0.1111111111111111,0.9145079411193192,1.5833333333333333,1.2924606552829936,0.8660254037844386,0.08333333333333333,0.0625,0.006944444444444444,0.06944444444444445
atn_60,8,0.125,0.9870558585867127,1.5,0.9258200997725514,0.9258200997725514,0.0625,0.0,0.046875,0.046875
atn_61,5,0.08,NaN,1.4,2.23606797749979,1.3693063937629153,0.0,0.0,0.0,0.04
atn_62,15,0.10666666666666667,0.9483135665823371,1.2666666666666666,0.811469126250126,0.811469126250126,0.13333333333333333,0.022222222222222223,0.06222222222222222,0.06222222222222222
atn_63,10,0.11,0.931526075793901,1.9,1.245745744914816,0.7959954870644664,0.06,0.03,0.01,0.06
atn_64,11,0.0743801652892562,0.9464790507513358,1.2727272727272727,0.9175921254250033,1.6231352073177907,0.0,0.01652892561983471,0.049586776859504134,0.0
atn_65,6,0.1388888888888889,0.935024437829149,1.5,0.9033271832508972,1.4028542333400145,0.0,0.027777777777777776,0.05555555555555555,0.0
atn_66,9,0.14814814814814814,0.9328764895967341,1.7777777777777777,0.9921567416492215,0.8385254915624212,0.14814814814814814,0.06172839506172839,0.024691358024691357,0.04938271604938271
atn_67,7,0.10204081632653061,0.8844676237771903,1.5714285714285714,1.3316656236958786,1.3316656236958784,0.04081632653061224,0.04081632653061224,0.0,0.0
atn_68,14,0.14795918367346939,0.9063098639579736,1.8571428571428572,0.8353963913647248,0.7683247202175847,0.16326530612244897,0.09693877551020408,0.0663265306122449,0.08163265306122448
atn_69,11,0.08264462809917356,0.8943828663700226,1.3636363636363638,1.2497999839974396,1.3431306712304651,0.0,0.024793388429752067,0.03305785123966942,0.024793388429752067
atn_7,6,0.05555555555555555,1.0,1.1666666666666667,1.5491933384829668,1.5491933384829668,0.0,0.0,0.0,0.0
atn_70,10,0.08,0.9250071329547135,1.4,1.2909944487358056,1.2909944487358056,0.01,0.01,0.03,0.03
atn_71,8,0.078125,0.9594187282227441,1.25,1.190438094628552,1.190438094628552,0.046875,0.015625,0.0,0.0
atn_72,14,0.17346938775510204,0.9249980682305128,2.0,0.8950816427521617,0.7864977133982841,0.15306122448979592,0.12244897959183673,0.12244897959183673,0.15816326530612246
atn_73,8,0.0625,0.9870558585867127,1.25,1.5118578920369088,1.0690449676496976,0.015625,0.0,0.0,0.015625
atn_74,13,0.14201183431952663,0.8908106902435853,2.230769230769231,0.8228507357554792,0.852046827525516,0.20118343195266272,0.08875739644970414,0.05917159763313609,0.05325443786982249
atn_75,8,0.1875,0.8347211376995968,1.875,1.0690449676496976,1.284832148879242,0.0,0.140625,0.109375,0.046875
atn_76,10,0.11,0.9679292170441037,1.5,1.0883809088526042,0.7959954870644664,0.06,0.02,0.02,0.05
atn_77,13,0.16568047337278108,0.8996076179115645,1.7692307692307692,0.9059750638547017,0.5947617141331809,0.1952662721893491,0.11834319526627218,0.03550295857988166,0.11242603550295859
atn_78,13,0.13609467455621302,0.9415051073848812,1.7692307692307692,0.8044457441378504,0.7352841097951203,0.15976331360946747,0.0650887573964497,0.047337278106508875,0.05917159763313609
atn_79,11,0.08264462809917356,0.9467495183508019,1.3636363636363638,1.0382677881933928,1.3431306712304654,0.05785123966942149,0.01652892561983471,0.04132231404958678,0.01652892561983471
atn_8,15,0.1288888888888889,0.9372608377748939,1.6666666666666665,0.7933175979890333,0.5688535492156486,0.19111111111111112,0.057777777777777775,0.04,0.07555555555555556
atn_80,10,0.12,0.9498491439160203,1.4,0.7657804862272346,0.8606629658238705,0.06,0.02,0.04,0.03
atn_81,15,0.12,0.9282232562346298,1.2666666666666666,0.733429527120503,0.7027283689263065,0.1688888888888889,0.06222222222222222,0.035555555555555556,0.04
atn_82,15,0.16,0.9069410761804138,1.8,0.7353057888896314,0.7842699567619335,0.25333333333333335,0.1288888888888889,0.09333333333333334,0.08
atn_83,11,0.09090909090909091,0.8739259936373515,1.2727272727272727,0.8944271909999159,1.7888543819998317,0.0,0.03305785123966942,0.09917355371900827,0.0
atn_84,10,0.08,0.9495106369829256,1.4,0.9860132971832694,1.1486707293408518,0.04,0.02,0.01,0.0
atn_85,12,0.16666666666666666,0.896449484179606,1.9166666666666665,0.9293203772845852,0.7977240352174656,0.1736111111111111,0.09722222222222222,0.08333333333333333,0.11805555555555555
atn_86,15,0.12444444444444444,0.9073911335788921,1.7333333333333334,0.8315700489770449,1.0097014828889304,0.14666666666666667,0.06666666666666667,0.09777777777777778,0.06222222222222222
atn_87,12,0.19444444444444445,0.866846904917442,1.6666666666666665,0.8827348295047495,0.7155832370886187,0.25,0.1388888888888889,0.09722222222222222,0.1527777777777778
atn_88,9,0.06172839506172839,NaN,1.1111111111111112,0.9486832980505137,3.0,0.0,0.0,0.12345679012345678,0.0
atn_89,11,0.06611570247933884,0.9552395719908457,1.5454545454545454,1.3874436925511608,1.243734296383275,0.03305785123966942,0.0,0.024793388429752067,0.03305785123966942
atn_9,14,0.10714285714285714,0.938287504055223,1.7857142857142856,0.816496580927726,0.6793662204867573,0.12755102040816327,0.04081632653061224,0.02040816326530612,0.03571428571428571
atn_90,9,0.08641975308641975,0.9117423470557797,1.3333333333333333,1.2494896917525644,1.4051653980647143,0.0,0.024691358024691357,0.024691358024691357,0.012345679012345678
atn_91,10,0.08,0.9098737127132512,1.2,1.1486707293408518,1.536590742882148,0.01,0.0,0.06,0.03
atn_92,15,0.10666666666666667,0.9367600706277315,1.5333333333333332,0.8451542547285166,0.5689118686454997,0.1288888888888889,0.044444444444444446,0.013333333333333334,0.044444444444444446
atn_93,15,0.15555555555555556,0.9196292204217021,2.0,0.6998542122237651,0.4768702630835886,0.21777777777777776,0.07555555555555556,0.06666666666666667,0.1111111111111111
atn_94,9,0.1111111111111111,0.9786600843501597,1.6666666666666665,1.224744871391589,1.224744871391589,0.07407407407407407,0.0,0.07407407407407407,0.07407407407407407
atn_95,15,0.16444444444444445,0.9036245548047221,2.0,0.8784526253146826,0.6999500585932392,0.23555555555555555,0.12,0.09333333333333334,0.14666666666666667
atn_96,7,0.10204081632653061,0.9182958340544894,1.7142857142857142,1.5577761927397231,1.5577761927397231,0.0,0.04081632653061224,0.02040816326530612,0.02040816326530612
atn_97,10,0.1,0.9666959300280741,1.5,1.247219128924647,0.9428090415820634,0.04,0.0,0.04,0.07
atn_98,15,0.15555555555555556,0.909322900862736,1.3333333333333333,0.7539980898739251,0.7363925939864782,0.18666666666666668,0.09777777777777778,0.09777777777777778,0.10222222222222223
atn_99,8,0.03125,1.0,1.125,1.8516401995451028,1.8516401995451028,0.0,0.0,0.0,0.0
cascade_1,6,0.16666666666666666,0.9252448125510808,1.6666666666666665,0.8944271909999159,0.8944271909999159,0.1388888888888889,0.0,0.05555555555555555,0.05555555555555555
cascade_10,12,0.09722222222222222,0.9811931715673857,1.5,1.0862609696792977,1.2029647976009779,0.020833333333333332,0.013888888888888888,0.06944444444444445,0.05555555555555555
cascade_100,9,0.14814814814814814,0.9183344444235526,1.8888888888888888,0.9921567416492215,0.75,0.12345679012345678,0.024691358024691357,0.04938271604938271,0.08641975308641975
cascade_11,7,0.24489795918367346,0.8798952754184513,1.8571428571428572,0.8050764858994133,0.8050764858994133,0.14285714285714285,0.08163265306122448,0.12244897959183673,0.12244897959183673
cascade_12,9,0.12345679012345678,0.941811484217896,1.6666666666666665,1.2278029157808674,0.8351646544245032,0.04938271604938271,0.012345679012345678,0.037037037037037035,0.08641975308641975
cascade_13,8,0.203125,0.9314504557680133,2.0,0.9267326875739788,0.9833783437888833,0.046875,0.09375,0.109375,0.09375
cascade_14,9,0.12345679012345678,0.933725632667633,1.5555555555555556,0.9486832980505138,0.9486832980505138,0.1111111111111111,0.012345679012345678,0.04938271604938271,0.04938271604938271
cascade_15,7,0.12244897959183673,0.9258497517258916,1.4285714285714286,1.2472191289246473,1.4174834246858972,0.04081632653061224,0.04081632653061224,0.04081632653061224,0.02040816326530612
cascade_16,8,0.109375,0.9483375266737589,1.5,0.9537405261671773,1.1326070959601313,0.09375,0.0,0.046875,0.03125
cascade_17,5,0.12,0.9786600843501594,1.4,0.9128709291752769,1.49071198499986,0.08,0.0,0.04,0.0
cascade_18,8,0.1875,0.9205743261650153,1.625,0.8728715609439696,0.9428090415820632,0.09375,0.046875,0.109375,0.09375
cascade_19,11,0.08264462809917356,0.9693486500234422,1.3636363636363638,1.0382677881933928,1.0382677881933928,0.024793388429752067,0.008264462809917356,0.024793388429752067,0.024793388429752067
cascade_2,8,0.078125,0.9909839046364357,1.375,1.1904380946285518,0.8280786712108252,0.03125,0.0,0.0,0.015625
cascade_20,6,0.08333333333333333,0.9999999999999998,1.3333333333333333,1.0954451150103321,1.0954451150103321,0.027777777777777776,0.0,0.0,0.0
cascade_21,10,0.06,0.978081278530621,1.2,0.8606629658238705,1.7916128329552332,0.03,0.0,0.04,0.0
cascade_22,11,0.09090909090909091,0.9572748848062238,1.6363636363636362,1.0954451150103321,0.7745966692414834,0.06611570247933884,0.0,0.024793388429752067,0.049586776859504134
cascade_23,9,0.14814814814814814,0.9401875326068481,1.8888888888888888,0.9185586535436918,0.649519052838329,0.14814814814814814,0.012345679012345678,0.04938271604938271,0.08641975308641975
cascade_24,6,0.1111111111111111,0.9475713327707453,1.3333333333333333,0.7745966692414834,1.816590212458495,0.027777777777777776,0.0,0.08333333333333333,0.0
cascade_25,8,0.078125,0.9594187282227441,1.375,1.1904380946285518,1.190438094628552,0.03125,0.0,0.015625,0.015625
cascade_26,5,0.16,0.9870558585867127,1.8,1.0458250331675945,0.5590169943749475,0.08,0.0,0.0,0.04
cascade_27,6,0.1111111111111111,0.9475713327707453,1.5,1.816590212458495,0.7745966692414834,0.08333333333333333,0.0,0.0,0.08333333333333333
cascade_28,9,0.12345679012345678,0.9564229177726605,1.8888888888888888,1.1423659658795862,0.8351646544245033,0.12345679012345678,0.024691358024691357,0.024691358024691357,0.06172839506172839
cascade_29,11,0.1652892561983471,0.9225190519199822,1.8181818181818183,1.1489125293076057,0.6877499545619761,0.12396694214876033,0.04132231404958678,0.09090909090909091,0.2066115702479339
cascade_3,4,0.125,1.0,1.5,1.1547005383792515,1.1547005383792515,0.0625,0.0,0.0,0.0
cascade_30,8,0.109375,0.9479337187225417,1.375,0.9537405261671773,1.2868475730966893,0.0625,0.015625,0.046875,0.015625
cascade_31,11,0.10743801652892562,0.9589658507517148,1.5454545454545454,0.8306267684118824,0.8306267684118823,0.08264462809917356,0.0,0.049586776859504134,0.049586776859504134
cascade_32,13,0.10650887573964497,0.9282012706444954,1.6153846153846154,1.1622491321861632,0.8615590232928235,0.05917159763313609,0.023668639053254437,0.047337278106508875,0.08875739644970414
cascade_33,10,0.14,0.9342576136692056,2.2,1.0213147899774866,0.6900655593423543,0.1,0.01,0.06,0.11
cascade_34,7,0.08163265306122448,0.9870558585867127,1.2857142857142856,0.9354143466934853,1.3768926368215255,0.04081632653061224,0.0,0.02040816326530612,0.0
cascade_35,6,0.1388888888888889,0.9363667612628592,1.6666666666666665,0.9033271832508972,1.17983049630021,0.08333333333333333,0.0,0.05555555555555555,0.027777777777777776
cascade_36,6,0.1111111111111111,0.8724293398564681,1.3333333333333333,1.224744871391589,1.816590212458495,0.0,0.0,0.08333333333333333,0.027777777777777776
cascade_37,10,0.2,0.9255024381477247,1.8,0.816496580927726,0.6666666666666666,0.17,0.07,0.11,0.15
cascade_38,9,0.18518518518518517,0.9136849401864121,1.6666666666666665,1.1224972160321824,0.7348469228349533,0.08641975308641975,0.09876543209876543,0.037037037037037035,0.13580246913580246
cascade_39,4,0.125,NaN,1.25,1.1547005383792515,2.0,0.0,0.0,0.0625,0.0
cascade_4,9,0.08641975308641975,0.9467851282604016,1.5555555555555556,1.0714285714285712,1.0714285714285714,0.06172839506172839,0.0,0.024691358024691357,0.024691358024691357
cascade_40,10,0.11,0.955728377024023,1.6,1.0883809088526042,0.7959954870644664,0.07,0.01,0.03,0.06
cascade_41,10,0.23,0.9059767297889638,1.9,0.8707721093217278,0.6813135810749658,0.19,0.14,0.12,0.19
cascade_42,9,0.25925925925925924,0.8668665804953303,1.8888888888888888,0.8571428571428571,0.8835226340609272,0.09876543209876543,0.2222222222222222,0.16049382716049382,0.14814814814814814
cascade_43,11,0.18181818181818182,0.9194231341414819,2.5454545454545454,1.0723805294763609,0.5916079783099616,0.15702479338842976,0.09917355371900827,0.049586776859504134,0.18181818181818182
cascade_44,8,0.125,0.9221492657867462,1.625,1.3093073414159542,1.0690449676496976,0.015625,0.03125,0.03125,0.0625
cascade_45,10,0.12,0.9448628591719952,1.8,1.1653431646335017,1.024393828588099,0.05,0.02,0.06,0.08
cascade_46,10,0.15,0.8978974774776867,1.5,0.8461970117626565,1.1439589045541112,0.04,0.04,0.13,0.07
cascade_47,8,0.109375,0.9928327283568574,1.5,0.9537405261671773,0.7324227936704637,0.0625,0.0,0.015625,0.03125
cascade_48,6,0.2222222222222222,0.8227564541846621,1.6666666666666665,1.1291589790636214,1.02469507659596,0.027777777777777776,0.1111111111111111,0.05555555555555555,0.08333333333333333
cascade_49,12,0.1388888888888889,0.9296575630243515,2.0,1.0651504375183136,0.590839156700797,0.125,0.041666666666666664,0.041666666666666664,0.125
cascade_5,8,0.234375,0.9054265199808863,1.875,0.77746025264604,0.8280786712108251,0.15625,0.125,0.109375,0.09375
cascade_50,7,0.14285714285714285,0.9425315809842019,1.5714285714285714,0.816496580927726,1.4142135623730951,0.061224489795918366,0.0,0.12244897959183673,0.04081632653061224
cascade_51,6,0.16666666666666666,0.946394630357186,2.0,1.0954451150103321,1.0954451150103321,0.05555555555555555,0.027777777777777776,0.05555555555555555,0.05555555555555555
cascade_52,9,0.09876543209876543,0.926660859612604,1.3333333333333333,1.0439558180306292,1.0439558180306292,0.024691358024691357,0.012345679012345678,0.024691358024691357,0.024691358024691357
cascade_53,8,0.0625,NaN,1.125,1.0690449676496976,2.8284271247461903,0.0,0.0,0.09375,0.0
cascade_54,10,0.12,0.9443181287377528,1.6,0.9460770203292445,0.7657804862272345,0.06,0.02,0.03,0.05
cascade_55,9,0.09876543209876543,0.9040361484763405,1.3333333333333333,1.1858541225631423,1.3125,0.0,0.0,0.06172839506172839,0.04938271604938271
cascade_56,7,0.12244897959183673,0.9273257495909092,1.4285714285714286,1.0496913126495102,1.0496913126495104,0.04081632653061224,0.02040816326530612,0.02040816326530612,0.02040816326530612
cascade_57,7,0.08163265306122448,0.9335926644561658,1.2857142857142856,1.3768926368215255,1.3768926368215255,0.04081632653061224,0.0,0.02040816326530612,0.02040816326530612
cascade_58,8,0.125,0.926660859612604,1.5,0.9258200997725514,0.9258200997725514,0.0625,0.015625,0.03125,0.03125
cascade_59,9,0.08641975308641975,0.969155246954456,1.3333333333333333,1.0714285714285714,0.8571428571428571,0.04938271604938271,0.0,0.012345679012345678,0.024691358024691357
cascade_6,6,0.19444444444444445,0.9302224548319287,1.6666666666666665,0.8427360687858643,0.8427360687858642,0.1111111111111111,0.027777777777777776,0.05555555555555555,0.05555555555555555
cascade_60,10,0.17,0.911968726163685,1.7000000000000002,0.9217771979249536,0.834197936713045,0.1,0.06,0.09,0.11
cascade_61,9,0.16049382716049382,0.9272737693739274,1.8888888888888888,0.9230769230769231,0.9858465859981766,0.1111111111111111,0.06172839506172839,0.07407407407407407,0.06172839506172839
cascade_62,5,0.08,1.0,1.4,1.3693063937629153,1.3693063937629153,0.04,0.0,0.0,0.0
cascade_63,10,0.1,0.9372469000413188,1.4,1.0540925533894598,1.4142135623730951,0.07,0.03,0.06,0.02
cascade_64,7,0.12244897959183673,0.9248263807829842,1.5714285714285714,1.4174834246858972,1.0496913126495102,0.061224489795918366,0.04081632653061224,0.0,0.04081632653061224
cascade_65,12,0.09027777777777778,0.9450100279294026,1.5833333333333333,1.074923218044291,0.9195737722113434,0.04861111111111111,0.0,0.041666666666666664,0.05555555555555555
cascade_66,13,0.17751479289940827,0.8900718982796222,1.9230769230769231,1.1102218663819374,0.8913161304747291,0.0650887573964497,0.1242603550295858,0.14201183431952663,0.22485207100591717
cascade_67,6,0.16666666666666666,0.9639188533993056,1.6666666666666665,1.2649110640673518,0.6324555320336759,0.08333333333333333,0.027777777777777776,0.0,0.08333333333333333
cascade_68,10,0.13,0.9497047436864404,1.8,0.8919244682526196,1.0288411614225066,0.07,0.0,0.1,0.08
cascade_69,7,0.14285714285714285,0.961156796715986,1.5714285714285714,1.0,0.816496580927726,0.14285714285714285,0.02040816326530612,0.02040816326530612,0.04081632653061224
cascade_7,13,0.14201183431952663,0.9264163442610738,1.7692307692307692,0.9076258712829985,0.7282732622061889,0.1301775147928994,0.029585798816568046,0.09467455621301775,0.1301775147928994
cascade_70,8,0.296875,0.8617798586368351,2.125,0.9794080894997762,0.6728378141713411,0.109375,0.3125,0.03125,0.1875
cascade_71,14,0.17857142857142858,0.8839341321927066,1.7142857142857142,0.8264846780654334,0.9114654303752998,0.10714285714285714,0.1326530612244898,0.17346938775510204,0.14285714285714285
cascade_72,11,0.0743801652892562,0.9804021306891321,1.3636363636363638,0.9175921254250033,0.7370277311900888,0.049586776859504134,0.0,0.008264462809917356,0.01652892561983471
cascade_73,10,0.14,0.9258679049081591,1.6,0.9035079029052512,0.838419850555191,0.07,0.02,0.07,0.08
cascade_74,10,0.13,0.8660236482290038,1.5,0.8919244682526197,1.7409482253095336,0.0,0.06,0.19,0.02
cascade_75,7,0.08163265306122448,0.9870558585867127,1.4285714285714286,1.3768926368215255,0.9354143466934853,0.061224489795918366,0.0,0.0,0.02040816326530612
cascade_76,9,0.09876543209876543,0.9289520343467876,1.3333333333333333,1.0439558180306292,1.0439558180306292,0.04938271604938271,0.012345679012345678,0.024691358024691357,0.024691358024691357
cascade_77,8,0.0625,1.0,1.25,1.0690449676496976,1.0690449676496976,0.03125,0.0,0.0,0.0
cascade_78,10,0.12,0.9280031071831395,1.5,1.097134314340639,0.8606629658238704,0.06,0.01,0.05,0.08
cascade_79,9,0.16049382716049382,0.9402306984833345,1.5555555555555556,0.7825765365144541,0.70185721503441,0.12345679012345678,0.04938271604938271,0.037037037037037035,0.04938271604938271
cascade_8,10,0.08,0.9475788036278463,1.2,0.9860132971832694,1.2909944487358056,0.02,0.0,0.04,0.02
cascade_80,5,0.24,0.9248263807829842,1.8,1.0865337342004415,0.6972166887783964,0.12,0.08,0.0,0.08
cascade_81,8,0.1875,0.9402054113148632,1.75,0.7968190728895959,0.8728715609439694,0.078125,0.0625,0.078125,0.0625
cascade_82,8,0.171875,0.897685761292398,1.75,0.8638072284839422,0.9472510404576867,0.109375,0.046875,0.078125,0.0625
cascade_83,9,0.07407407407407407,0.9786600843501595,1.2222222222222223,1.0606601717798212,1.984313483298443,0.0,0.0,0.07407407407407407,0.012345679012345678
cascade_84,5,0.2,0.9182958340544894,1.6,1.0,1.0,0.08,0.0,0.08,0.08
cascade_85,12,0.13194444444444445,0.9150996285836529,1.5833333333333333,0.9505528616999283,1.0240128745098491,0.05555555555555555,0.034722222222222224,0.10416666666666667,0.09027777777777778
cascade_86,10,0.18,0.9012598116632329,1.7000000000000002,0.7768954430890012,0.9369711585684086,0.1,0.06,0.14,0.1
cascade_87,10,0.12,0.9171425501237248,1.9,1.2909944487358058,1.0243938285880987,0.03,0.04,0.04,0.08
cascade_88,11,0.08264462809917356,0.9538557985061975,1.2727272727272727,1.0382677881933928,1.0382677881933928,0.05785123966942149,0.0,0.03305785123966942,0.03305785123966942
cascade_89,8,0.1875,0.9048997191180818,1.75,0.7968190728895959,0.7968190728895956,0.140625,0.0625,0.0625,0.0625
cascade_9,10,0.1,0.941738618661651,1.3,1.0540925533894598,1.3333333333333333,0.0,0.0,0.08,0.05
cascade_90,9,0.13580246913580246,0.9103211974693789,1.6666666666666665,1.2120265114521256,0.8941961624048181,0.037037037037037035,0.024691358024691357,0.04938271604938271,0.09876543209876543
cascade_91,7,0.061224489795918366,0.9786600843501594,1.2857142857142856,1.2472191289246473,1.8358568490953675,0.04081632653061224,0.0,0.02040816326530612,0.0
cascade_92,10,0.12,0.9561837502065323,2.0,1.097134314340639,0.6573421981221795,0.09,0.01,0.03,0.08
cascade_93,8,0.1875,0.8836910945078656,1.875,0.9428090415820632,1.1268723396380222,0.046875,0.0625,0.140625,0.09375
cascade_94,8,0.09375,0.978081278530621,1.5,1.3801311186847085,0.9428090415820632,0.03125,0.0,0.015625,0.046875
cascade_95,11,0.1322314049586777,0.9589685588830583,1.8181818181818183,1.1239578506331986,1.1652521186421418,0.049586776859504134,0.024793388429752067,0.12396694214876033,0.11570247933884298
cascade_96,13,0.16568047337278108,0.9171287169165384,2.0,0.7545215179757535,0.8007224628952494,0.13609467455621302,0.07692307692307693,0.1242603550295858,0.11242603550295859
cascade_97,5,0.16,0.9475713327707453,1.8,1.6298006013006623,0.5590169943749475,0.04,0.0,0.0,0.12
cascade_98,10,0.27,0.8623585236393445,2.2,0.9410290864276298,0.6773267518195162,0.13,0.23,0.15,0.29
cascade_99,10,0.2,0.8915466031765902,1.7000000000000002,1.1055415967851334,0.816496580927726,0.07,0.07,0.15,0.25
ltm_1,9,0.1728395061728395,0.9597286510178445,1.8888888888888888,0.970219836229009,0.5669467095138409,0.0,0.0,0.0,0.012345679012345678
ltm_10,8,0.171875,0.9639641687571261,1.625,1.162174406295953,0.54110822483116,0.09375,0.03125,0.015625,0.09375
ltm_100,10,0.18,0.9292074227813655,2.0,1.073435314532551,0.5737753105492469,0.09,0.08,0.03,0.09
ltm_11,5,0.2,0.8844676237771905,1.6,1.0,1.0,0.04,0.0,0.0,0.0
ltm_12,3,0.1111111111111111,NaN,1.3333333333333333,1.7320508075688772,1.7320508075688772,0.0,0.0,0.0,0.0
ltm_13,6,0.16666666666666666,0.978081278530621,2.0,1.2649110640673518,0.0,0.027777777777777776,0.0,0.0,0.027777777777777776
ltm_14,4,0.125,1.0,1.25,1.1547005383792515,1.1547005383792515,0.0,0.0,0.0,0.0
ltm_15,8,0.109375,0.961156796715986,1.5,1.2868475730966893,0.7324227936704637,0.046875,0.0,0.015625,0.0625
ltm_16,4,0.1875,0.9786600843501594,1.75,1.2765694770084508,0.6666666666666667,0.0625,0.0,0.0,0.0625
ltm_17,3,0.2222222222222222,NaN,1.6666666666666665,1.7320508075688772,0.8660254037844386,0.0,0.0,0.0,0.1111111111111111
ltm_18,7,0.12244897959183673,0.8920354867053562,1.5714285714285714,1.707825127659933,1.0496913126495104,0.0,0.0,0.0,0.04081632653061224
ltm_19,8,0.125,0.9053067007866752,1.5,1.3093073414159542,0.9258200997725514,0.03125,0.03125,0.015625,0.0625
ltm_2,5,0.16,0.9475713327707453,1.8,1.6298006013006623,0.5590169943749475,0.04,0.0,0.0,0.12
ltm_20,5,0.16,0.9475713327707453,1.6,1.6298006013006623,0.5590169943749475,0.12,0.0,0.0,0.12
ltm_21,5,0.24,0.8920354867053565,1.8,1.3693063937629153,0.6972166887783964,0.04,0.08,0.0,0.16
ltm_22,8,0.109375,0.9479337187225417,1.375,1.2868475730966895,0.9537405261671773,0.046875,0.015625,0.015625,0.046875
ltm_23,4,0.1875,0.8504896251021614,1.5,1.2765694770084506,1.2765694770084508,0.0,0.0,0.0625,0.0625
ltm_24,3,0.2222222222222222,NaN,1.6666666666666665,1.7320508075688772,0.8660254037844386,0.0,0.0,0.0,0.1111111111111111
ltm_25,9,0.18518518518518517,0.9419305071170985,2.111111111111111,1.3747727084867518,0.4242640687119285,0.04938271604938271,0.024691358024691357,0.024691358024691357,0.18518518518518517
ltm_26,5,0.36,0.9438013676203958,2.4000000000000004,0.9128709291752768,0.24845199749997662,0.0,0.0,0.0,0.0
ltm_27,7,0.1836734693877551,0.9756464354508829,1.7142857142857142,0.974996043043569,0.37951669503554064,0.0,0.0,0.0,0.02040816326530612
ltm_28,9,0.13580246913580246,0.9113637427677628,1.4444444444444444,1.14090003618283,0.8941961624048181,0.0,0.012345679012345678,0.012345679012345678,0.024691358024691357
ltm_29,5,0.24,0.8920354867053565,1.8,1.3693063937629153,0.6972166887783964,0.04,0.08,0.0,0.16
ltm_3,5,0.12,NaN,1.6,2.23606797749979,0.9128709291752769,0.0,0.0,0.0,0.12
ltm_30,8,0.125,0.9463464947139073,1.625,1.3093073414159542,0.7559289460184544,0.03125,0.03125,0.0,0.0625
ltm_31,4,0.1875,0.9786600843501594,1.75,1.2765694770084508,0.6666666666666667,0.0625,0.0,0.0,0.0625
ltm_32,6,0.16666666666666666,0.8920354867053564,1.6666666666666665,1.5491933384829668,0.8944271909999159,0.0,0.0,0.0,0.05555555555555555
ltm_33,10,0.2,0.9231870039577158,2.0,1.130388330520878,0.4714045207910317,0.05,0.1,0.0,0.15
ltm_34,6,0.16666666666666666,0.8954490841325272,1.6666666666666665,1.2649110640673518,0.8944271909999159,0.027777777777777776,0.0,0.05555555555555555,0.1111111111111111
ltm_35,6,0.16666666666666666,0.978081278530621,1.6666666666666665,1.0954451150103321,0.6324555320336759,0.05555555555555555,0.027777777777777776,0.0,0.05555555555555555
ltm_36,6,0.2222222222222222,0.9757926063012365,2.0,1.224744871391589,0.7745966692414834,0.05555555555555555,0.05555555555555555,0.05555555555555555,0.16666666666666666
ltm_37,11,0.2396694214876033,0.865717799323915,2.090909090909091,0.8183391434036594,0.6408600048207368,0.03305785123966942,0.05785123966942149,0.09090909090909091,0.09090909090909091
ltm_38,8,0.140625,0.9653362451292702,1.375,1.0008814457418695,0.8809166301912132,0.015625,0.0,0.015625,0.0625
ltm_39,7,0.32653061224489793,0.9140117732058187,2.571428571428571,1.032669477616144,0.21347814095749162,0.061224489795918366,0.02040816326530612,0.0,0.16326530612244897
ltm_4,6,0.16666666666666666,0.9471307568930448,1.5,1.0954451150103321,0.8944271909999159,0.027777777777777776,0.0,0.0,0.027777777777777776
ltm_40,5,0.16,1.0,1.6,1.3693063937629153,0.5590169943749475,0.08,0.0,0.0,0.08
ltm_41,5,0.32,0.9236615576441367,2.2,0.9478594305064438,0.3423265984407288,0.04,0.0,0.0,0.04
ltm_42,8,0.203125,0.88192872186562,2.0,1.3537462500601753,0.5637694654233257,0.0,0.015625,0.0,0.125
ltm_43,6,0.3888888888888889,0.8850855307495744,2.5,1.0020387381000104,0.2213133340689952,0.027777777777777776,0.05555555555555555,0.0,0.1111111111111111
ltm_44,6,0.19444444444444445,0.8592397040791135,1.6666666666666665,1.2616801237611208,0.8427360687858643,0.05555555555555555,0.0,0.0,0.05555555555555555
ltm_45,8,0.03125,1.0,1.125,1.8516401995451028,1.8516401995451028,0.0,0.0,0.0,0.0
ltm_46,9,0.2222222222222222,0.9303348020732242,2.0,1.0897247358851685,0.4330127018922193,0.037037037037037035,0.0,0.0,0.07407407407407407
ltm_47,6,0.1388888888888889,0.9666959300280741,1.5,1.17983049630021,0.9033271832508972,0.0,0.0,0.0,0.0
ltm_48,6,0.16666666666666666,0.9786600843501597,1.8333333333333333,1.6733200530681511,0.0,0.0,0.0,0.0,0.08333333333333333
ltm_49,6,0.19444444444444445,0.927400214225491,1.8333333333333333,1.2616801237611208,0.6452337023220693,0.05555555555555555,0.0,0.0,0.05555555555555555
ltm_5,4,0.1875,0.8504896251021614,1.5,1.2765694770084508,1.2765694770084508,0.0,0.0,0.0625,0.0625
ltm_50,8,0.140625,0.9653536610626208,1.375,1.0008814457418695,0.7417981870189158,0.0,0.0,0.0,0.015625
ltm_51,7,0.12244897959183673,0.9471307568930448,1.4285714285714286,1.2472191289246473,1.0496913126495104,0.02040816326530612,0.02040816326530612,0.02040816326530612,0.04081632653061224
ltm_52,4,0.1875,NaN,1.75,2.0,0.6666666666666667,0.0,0.0,0.0,0.1875
ltm_53,4,0.125,1.0,1.25,1.1547005383792515,1.1547005383792515,0.0,0.0,0.0,0.0
ltm_54,7,0.10204081632653061,0.9888901044715886,1.4285714285714286,1.058300524425836,1.058300524425836,0.02040816326530612,0.0,0.02040816326530612,0.0
ltm_55,7,0.12244897959183673,0.9786600843501597,1.7142857142857142,1.8358568490953675,0.44095855184409843,0.0,0.0,0.0,0.061224489795918366
ltm_56,9,0.13580246913580246,0.9289436351283518,1.4444444444444444,1.0650340467145436,0.7951298038425408,0.024691358024691357,0.012345679012345678,0.0,0.06172839506172839
ltm_57,8,0.265625,0.8656179659708633,2.375,1.1915006302363766,0.39271668724530834,0.03125,0.03125,0.0,0.15625
ltm_58,5,0.28,0.9541333983634421,2.0,0.9583148474999098,0.6388765649999399,0.12,0.12,0.0,0.08
ltm_59,5,0.04,NaN,1.2,2.23606797749979,2.23606797749979,0.0,0.0,0.0,0.0
ltm_6,7,0.14285714285714285,0.9483375266737589,1.5714285714285714,1.1547005383792515,0.5773502691896257,0.061224489795918366,0.0,0.0,0.02040816326530612
ltm_60,7,0.10204081632653061,0.9909839046364357,1.4285714285714286,1.058300524425836,0.6831300510639732,0.02040816326530612,0.0,0.0,0.02040816326530612
ltm_61,5,0.16,0.9475713327707453,1.4,1.3693063937629153,1.0458250331675945,0.0,0.0,0.04,0.08
ltm_62,9,0.1728395061728395,0.9384506030923383,1.5555555555555556,0.9154289727125926,0.46702488680792936,0.024691358024691357,0.0,0.012345679012345678,0.04938271604938271
ltm_63,7,0.1836734693877551,0.9254165567979737,1.5714285714285714,1.0734353145325508,0.5879447357921311,0.0,0.02040816326530612,0.0,0.04081632653061224
ltm_64,4,0.0,0.0,1.0,NaN,NaN,0.0,0.0,0.0,0.0
ltm_65,5,0.08,1.0,1.2,1.3693063937629153,1.3693063937629153,0.0,0.0,0.0,0.0
ltm_66,4,0.125,NaN,1.5,2.0,1.1547005383792515,0.0,0.0,0.0,0.0625
ltm_67,6,0.05555555555555555,1.0,1.1666666666666667,1.5491933384829668,1.5491933384829668,0.0,0.0,0.0,0.0
ltm_68,6,0.19444444444444445,0.9117423470557797,1.8333333333333333,1.1392801164215363,0.6452337023220693,0.0,0.0,0.05555555555555555,0.05555555555555555
ltm_69,10,0.2,0.8990697787333445,1.9,0.9428090415820634,0.816496580927726,0.05,0.03,0.02,0.04
ltm_7,4,0.1875,0.8504896251021615,1.5,1.2765694770084508,1.2765694770084508,0.0,0.0,0.0625,0.0625
ltm_70,8,0.1875,0.9266077673557154,1.625,0.9428090415820632,0.7968190728895959,0.015625,0.0,0.0,0.015625
ltm_71,8,0.25,0.8458800453086304,1.75,0.8864052604279183,0.8017837257372732,0.078125,0.03125,0.09375,0.09375
ltm_72,7,0.2653061224489796,0.8818723625553884,2.142857142857143,1.260067935928781,0.3715737627228062,0.0,0.08163265306122448,0.02040816326530612,0.1836734693877551
ltm_73,8,0.140625,0.9337302889237267,1.5,1.2055134949871442,0.569662172854805,0.046875,0.0,0.015625,0.09375
ltm_74,3,0.2222222222222222,NaN,1.6666666666666665,1.7320508075688772,0.8660254037844386,0.0,0.0,0.0,0.1111111111111111
ltm_75,9,0.18518518518518517,0.8877506061745163,1.5555555555555556,0.99498743710662,0.7937253933193771,0.012345679012345678,0.012345679012345678,0.012345679012345678,0.0
ltm_76,7,0.12244897959183673,0.9579854990006569,1.4285714285714286,1.0496913126495104,0.8050764858994133,0.04081632653061224,0.02040816326530612,0.0,0.02040816326530612
ltm_77,7,0.14285714285714285,0.9541333983634424,1.7142857142857142,1.5275252316519468,0.5773502691896257,0.08163265306122448,0.02040816326530612,0.0,0.12244897959183673
ltm_78,7,0.2857142857142857,0.8948503183279274,2.142857142857143,1.0408329997330663,0.408248290463863,0.061224489795918366,0.12244897959183673,0.0,0.16326530612244897
ltm_79,4,0.125,1.0,1.25,1.1547005383792515,1.1547005383792515,0.0,0.0,0.0,0.0
ltm_8,7,0.12244897959183673,0.9761986470911234,1.4285714285714286,1.0496913126495104,0.8050764858994133,0.0,0.0,0.0,0.0
ltm_80,9,0.1728395061728395,0.9372116900665891,1.6666666666666665,0.8571428571428572,0.5669467095138409,0.024691358024691357,0.012345679012345678,0.024691358024691357,0.024691358024691357
ltm_81,7,0.16326530612244897,0.987011655655004,1.7142857142857142,0.9354143466934853,0.33071891388307384,0.0,0.0,0.0,0.0
ltm_82,6,0.08333333333333333,0.9786600843501594,1.5,1.6733200530681511,1.0954451150103321,0.027777777777777776,0.0,0.0,0.027777777777777776
ltm_83,6,0.08333333333333333,0.8504896251021614,1.3333333333333333,1.6733200530681511,1.6733200530681511,0.0,0.0,0.027777777777777776,0.027777777777777776
ltm_84,9,0.19753086419753085,0.8942174434618245,2.0,1.081177743250387,0.6147598616533125,0.04938271604938271,0.04938271604938271,0.012345679012345678,0.037037037037037035
ltm_85,8,0.25,0.8749670078687166,2.5,1.3363062095621219,0.2672612419124244,0.03125,0.0625,0.015625,0.25
ltm_86,7,0.061224489795918366,0.9786600843501594,1.4285714285714286,1.8358568490953675,1.247219128924647,0.02040816326530612,0.0,0.0,0.02040816326530612
ltm_87,5,0.12,0.9786600843501594,1.6,1.4907119849998598,0.9128709291752769,0.04,0.0,0.0,0.04
ltm_88,6,0.2222222222222222,0.8811586031821571,2.0,1.3133925536563698,0.6123724356957945,0.05555555555555555,0.05555555555555555,0.027777777777777776,0.19444444444444445
ltm_89,5,0.08,1.0,1.2,1.3693063937629153,1.3693063937629153,0.0,0.0,0.0,0.0
ltm_9,5,0.2,0.7894385203267943,1.8,1.4142135623730951,1.0,0.0,0.08,0.0,0.08
ltm_90,6,0.08333333333333333,0.9999999999999998,1.1666666666666667,1.0954451150103321,1.0954451150103321,0.0,0.0,0.0,0.0
ltm_91,10,0.2,0.8871157738549383,2.2,0.9128709291752769,0.5270462766947299,0.07,0.01,0.03,0.05
ltm_92,9,0.1111111111111111,0.9910461644983204,1.4444444444444444,1.3228756555322954,0.8660254037844386,0.0,0.0,0.0,0.07407407407407407
ltm_93,8,0.1875,0.9333457859710856,2.0,1.511857892036909,0.3563483225498992,0.046875,0.015625,0.0,0.1875
ltm_94,9,0.3333333333333333,0.8648740373712485,2.2222222222222223,0.7993052538854533,0.5773502691896258,0.14814814814814814,0.1728395061728395,0.04938271604938271,0.18518518518518517
ltm_95,6,0.1388888888888889,0.9594187282227442,1.5,1.5949921629901507,0.9033271832508971,0.0,0.0,0.027777777777777776,0.1111111111111111
ltm_96,6,0.1388888888888889,0.9666959300280741,1.8333333333333333,1.4028542333400142,0.4898979485566356,0.0,0.0,0.0,0.027777777777777776
ltm_97,8,0.109375,0.9274002142254908,1.5,1.5499459221263285,0.9537405261671773,0.015625,0.03125,0.0,0.0625
ltm_98,5,0.16,0.9870558585867127,1.4,1.0458250331675945,0.5590169943749475,0.0,0.0,0.0,0.04
ltm_99,7,0.14285714285714285,0.9483375266737589,1.7142857142857142,1.0,0.816496580927726,0.04081632653061224,0.0,0.02040816326530612,0.02040816326530612
maxent_1,15,0.17333333333333334,0.9247408375350944,1.4666666666666668,0.780142388980169,0.8818638526478628,0.10666666666666667,0.06222222222222222,0.14222222222222222,0.11555555555555555
maxent_10,15,0.18666666666666668,0.9232919235637375,1.4,0.6066925100487653,0.9273932871430011,0.18222222222222223,0.07111111111111111,0.13333333333333333,0.05333333333333334
maxent_100,5,0.08,1.0,1.4,1.3693063937629153,1.3693063937629153,0.04,0.0,0.0,0.0
maxent_11,14,0.09183673469387756,0.9383836948234692,1.3571428571428572,0.8314794192830979,1.3096181562194817,0.04081632653061224,0.00510204081632653,0.061224489795918366,0.030612244897959183
maxent_12,11,0.09090909090909091,0.9252533608145522,1.7272727272727273,1.61245154965971,1.0,0.024793388429752067,0.01652892561983471,0.0,0.04132231404958678
maxent_13,14,0.20408163265306123,0.8811613438488122,2.071428571428571,0.8774964387392121,0.9496963077337286,0.05612244897959184,0.10714285714285714,0.21428571428571427,0.18877551020408162
maxent_14,15,0.18222222222222223,0.9255516960603439,1.4,0.6255786817068129,0.7377796810855696,0.14666666666666667,0.057777777777777775,0.08,0.07555555555555556
maxent_15,15,0.15555555555555556,0.9266436706757468,2.0,0.8364857768130284,0.8206518066482897,0.11555555555555555,0.03111111111111111,0.035555555555555556,0.04888888888888889
maxent_16,4,0.125,1.0,1.25,1.1547005383792515,1.1547005383792515,0.0,0.0,0.0,0.0
maxent_17,13,0.16568047337278108,0.9116069538188307,2.076923076923077,0.8007224628952494,1.035509010856316,0.0650887573964497,0.09467455621301775,0.13609467455621302,0.0650887573964497
maxent_18,6,0.05555555555555555,1.0,1.3333333333333333,1.5491933384829668,1.5491933384829668,0.027777777777777776,0.0,0.0,0.0
maxent_19,14,0.14285714285714285,0.8975560233864512,1.5,0.8086075400626399,1.4005493427717788,0.025510204081632654,0.0663265306122449,0.22959183673469388,0.08163265306122448
maxent_2,5,0.0,0.0,1.0,NaN,NaN,0.0,0.0,0.0,0.0
maxent_20,10,0.07,0.9689453867561505,1.8,1.355261854357877,0.9642122253007899,0.0,0.0,0.0,0.01
maxent_21,10,0.1,0.9785964419399584,1.4,0.9428090415820634,0.816496580927726,0.07,0.01,0.01,0.01
maxent_22,10,0.05,0.935024437829149,1.6,1.9436506316151,1.4142135623730951,0.02,0.01,0.0,0.02
maxent_23,15,0.18666666666666668,0.9123948356149906,1.9333333333333333,0.6909451843767429,0.9075324569126187,0.08,0.07555555555555556,0.12444444444444444,0.08
maxent_24,14,0.14795918367346939,0.9076079400527638,1.7142857142857142,1.0451264990741764,0.7683247202175846,0.10714285714285714,0.10204081632653061,0.025510204081632654,0.10204081632653061
maxent_25,11,0.024793388429752067,0.9999999999999998,1.1818181818181819,1.7126976771553506,1.7126976771553506,0.008264462809917356,0.0,0.0,0.0
maxent_26,6,0.0,0.0,1.0,NaN,NaN,0.0,0.0,0.0,0.0
maxent_27,15,0.15555555555555556,0.9283238412776885,1.9333333333333333,0.7712017807220891,0.8970310602382002,0.09333333333333334,0.06666666666666667,0.11555555555555555,0.08888888888888889
maxent_28,10,0.06,0.9761986470911234,1.3,1.405456737852613,1.1653431646335017,0.03,0.01,0.0,0.01
maxent_29,15,0.20444444444444446,0.9221015731640623,1.8666666666666667,0.7840307990224776,0.657586237489312,0.19111111111111112,0.08888888888888889,0.10222222222222223,0.17333333333333334
maxent_3,10,0.06,0.9932046832267757,1.4,1.1653431646335017,0.8606629658238705,0.03,0.0,0.0,0.01
maxent_30,10,0.02,1.0,1.1,2.1081851067789197,2.1081851067789197,0.0,0.0,0.0,0.0
maxent_31,9,0.04938271604938271,0.9870558585867127,1.3333333333333333,1.6345871038277526,1.1858541225631423,0.012345679012345678,0.0,0.0,0.012345679012345678
maxent_32,5,0.0,0.0,1.0,NaN,NaN,0.0,0.0,0.0,0.0
maxent_33,15,0.16444444444444445,0.8992652888254706,2.0,0.9429074199453071,0.8374018045853874,0.12444444444444444,0.04,0.08,0.09333333333333334
maxent_34,10,0.17,0.9154532831251174,1.4,0.6820598874872975,0.6231470032184588,0.13,0.02,0.07,0.07
maxent_35,15,0.18222222222222223,0.9101558296021501,2.0,0.9920222270295714,0.8576313726442079,0.12,0.10666666666666667,0.07555555555555556,0.16444444444444445
maxent_36,12,0.125,0.9252627294741088,1.9166666666666665,1.348399724926484,0.828775414010748,0.08333333333333333,0.05555555555555555,0.034722222222222224,0.13194444444444445
maxent_37,6,0.0,0.0,1.0,NaN,NaN,0.0,0.0,0.0,0.0
maxent_38,8,0.09375,0.9893300421750798,1.375,1.1818736805705576,0.6172133998483675,0.03125,0.0,0.0,0.03125
maxent_39,10,0.1,0.9054221754079086,1.7000000000000002,1.699673171197595,0.9428090415820634,0.02,0.03,0.01,0.1
maxent_4,10,0.19,0.8806779761877287,2.2,1.3233699765365692,0.677202072477852,0.04,0.05,0.04,0.17
maxent_40,10,0.05,0.9909839046364357,1.2,1.0540925533894598,1.4142135623730951,0.03,0.0,0.01,0.0
maxent_41,15,0.18222222222222223,0.9127335341048085,2.0,0.799953257748949,0.8350383396224482,0.07555555555555556,0.04888888888888889,0.08,0.09777777777777778
maxent_42,5,0.16,0.8724293398564681,1.8,1.6298006013006623,1.0458250331675945,0.0,0.04,0.0,0.08
maxent_43,15,0.19111111111111112,0.9187486946176422,1.4666666666666668,0.7205550411548682,1.01159926640635,0.1288888888888889,0.057777777777777775,0.18222222222222223,0.07555555555555556
maxent_44,13,0.13609467455621302,0.9234499233473448,1.8461538461538463,1.2459132943299176,0.955697932467285,0.0650887573964497,0.047337278106508875,0.10650887573964497,0.17751479289940827
maxent_45,6,0.05555555555555555,NaN,1.3333333333333333,2.449489742783178,1.5491933384829668,0.0,0.0,0.0,0.027777777777777776
maxent_46,6,0.027777777777777776,NaN,1.1666666666666667,2.449489742783178,2.449489742783178,0.0,0.0,0.0,0.0
maxent_47,15,0.18666666666666668,0.9310775043558311,1.5333333333333332,0.6776309271789385,0.7294312653331231,0.15555555555555556,0.1111111111111111,0.12444444444444444,0.1288888888888889
maxent_48,14,0.15306122448979592,0.9399613906287602,1.8571428571428572,0.7515226708398921,0.7948552521024642,0.14285714285714285,0.025510204081632654,0.07142857142857142,0.08163265306122448
maxent_49,12,0.1111111111111111,0.8899881170822089,1.6666666666666665,1.577541239916207,0.9770084209183945,0.013888888888888888,0.034722222222222224,0.04861111111111111,0.1527777777777778
maxent_5,7,0.14285714285714285,0.9095595362351551,1.5714285714285714,1.5275252316519468,0.816496580927726,0.0,0.0,0.02040816326530612,0.08163265306122448
maxent_50,15,0.20444444444444446,0.9355702267032051,1.4,0.6340653652334306,0.8125733519725735,0.19111111111111112,0.1511111111111111,0.12,0.07111111111111111
maxent_51,13,0.17159763313609466,0.920565040423201,1.6923076923076923,0.6380086936265709,0.8009358378853058,0.17751479289940827,0.07692307692307693,0.09467455621301775,0.047337278106508875
maxent_52,14,0.17857142857142858,0.9201685339201408,2.142857142857143,0.8978607053178381,0.8412444993533733,0.1377551020408163,0.10204081632653061,0.0663265306122449,0.07653061224489796
maxent_53,15,0.1511111111111111,0.9384668768099006,1.5333333333333332,0.7903739955816771,0.754374292646451,0.1511111111111111,0.057777777777777775,0.07111111111111111,0.08444444444444445
maxent_54,15,0.14222222222222222,0.9423705841688438,1.4666666666666668,0.7896865901826405,0.865541995762523,0.18222222222222223,0.057777777777777775,0.1288888888888889,0.1111111111111111
maxent_55,15,0.14222222222222222,0.9226598621063629,1.5333333333333332,0.6831232436913771,1.0001394991985582,0.14222222222222222,0.057777777777777775,0.12,0.04888888888888889
maxent_56,6,0.1388888888888889,0.9666959300280741,1.5,1.17983049630021,0.9033271832508972,0.08333333333333333,0.027777777777777776,0.0,0.027777777777777776
maxent_57,9,0.13580246913580246,0.9252533608145522,1.6666666666666665,0.9833321660356332,1.14090003618283,0.04938271604938271,0.012345679012345678,0.06172839506172839,0.04938271604938271
maxent_58,6,0.05555555555555555,1.0,1.1666666666666667,1.5491933384829668,1.5491933384829668,0.0,0.0,0.0,0.0
maxent_59,15,0.19555555555555557,0.9276881903631544,1.8666666666666667,0.7112168430759023,0.7887004539996889,0.1511111111111111,0.07555555555555556,0.15555555555555556,0.1288888888888889
maxent_6,8,0.0625,0.9870558585867127,1.5,1.5118578920369088,1.0690449676496976,0.03125,0.0,0.0,0.015625
maxent_60,5,0.0,0.0,1.0,NaN,NaN,0.0,0.0,0.0,0.0
maxent_61,11,0.09090909090909091,0.9398032566048589,1.6363636363636362,1.0954451150103321,1.0,0.04132231404958678,0.008264462809917356,0.008264462809917356,0.024793388429752067
maxent_62,5,0.0,0.0,1.0,NaN,NaN,0.0,0.0,0.0,0.0
maxent_63,12,0.14583333333333334,0.9155628956564371,1.9166666666666665,0.9476070829586856,0.7360325878080392,0.08333333333333333,0.034722222222222224,0.020833333333333332,0.06944444444444445
maxent_64,7,0.14285714285714285,0.9282161452047881,1.7142857142857142,1.5275252316519468,0.816496580927726,0.061224489795918366,0.02040816326530612,0.02040816326530612,0.12244897959183673
maxent_65,7,0.04081632653061224,1.0,1.2857142857142856,1.707825127659933,1.707825127659933,0.02040816326530612,0.0,0.0,0.0
maxent_66,10,0.04,1.0,1.2,1.2909944487358056,1.2909944487358056,0.02,0.0,0.0,0.0
maxent_67,8,0.078125,0.9182958340544894,1.625,2.2526175250773743,0.8280786712108252,0.015625,0.0,0.0,0.09375
maxent_68,11,0.1652892561983471,0.9228003115776372,1.7272727272727273,1.1489125293076057,0.6422616289332564,0.06611570247933884,0.008264462809917356,0.04132231404958678,0.08264462809917356
maxent_69,12,0.22916666666666666,0.8769574586693096,2.083333333333333,0.8650488666531917,0.8075526281194121,0.09027777777777778,0.0763888888888889,0.09027777777777778,0.1111111111111111
maxent_7,13,0.07100591715976332,0.9555835067314397,1.5384615384615385,1.497296947217935,0.8228507357554791,0.029585798816568046,0.005917159763313609,0.011834319526627219,0.05917159763313609
maxent_70,12,0.1111111111111111,0.9201578634616416,1.9166666666666665,1.5447859516333116,0.8048150549829897,0.027777777777777776,0.04861111111111111,0.013888888888888888,0.13194444444444445
maxent_71,13,0.08284023668639054,0.9688734897758917,1.6153846153846154,1.2261326847222602,0.8007224628952494,0.08284023668639054,0.01775147928994083,0.011834319526627219,0.047337278106508875
maxent_72,15,0.16444444444444445,0.9199272492248026,2.0,0.8088780051754406,0.764098419483515,0.13777777777777778,0.04,0.035555555555555556,0.04888888888888889
maxent_73,15,0.21333333333333335,0.9102742659481792,1.5333333333333332,0.739509972887452,0.7488830969231065,0.17333333333333334,0.08888888888888889,0.13333333333333333,0.11555555555555555
maxent_74,15,0.15555555555555556,0.9480996186653714,1.4,0.6411542070369391,0.6808500945964194,0.1111111111111111,0.035555555555555556,0.035555555555555556,0.04
maxent_75,8,0.046875,0.9999999999999998,1.25,1.3801311186847085,1.3801311186847083,0.015625,0.0,0.0,0.0
maxent_76,12,0.05555555555555555,0.9697308656714675,1.4166666666666665,1.4770978917519928,0.9770084209183945,0.04861111111111111,0.0,0.006944444444444444,0.027777777777777776
maxent_77,10,0.07,0.948153136353159,1.2,1.1761037176408067,1.1761037176408067,0.03,0.01,0.0,0.0
maxent_78,15,0.16,0.9169879117411349,2.1333333333333333,0.8451542547285167,0.8740073734751264,0.12,0.08,0.14222222222222222,0.13777777777777778
maxent_79,10,0.09,0.9579752186668372,1.4,1.1049210289019482,1.330243333042072,0.04,0.01,0.05,0.03
maxent_8,15,0.19555555555555557,0.9104331171677884,2.0666666666666664,0.9936338090056395,0.6994474121822888,0.06666666666666667,0.04,0.06222222222222222,0.16
maxent_80,15,0.13333333333333333,0.9491578057634313,1.6,0.8660254037844386,0.6546536707079771,0.09777777777777778,0.03111111111111111,0.04,0.06222222222222222
maxent_81,15,0.16,0.9168336554915103,1.8666666666666667,1.018187776987305,0.9019379488036101,0.08444444444444445,0.06222222222222222,0.05333333333333334,0.06222222222222222
maxent_82,15,0.2,0.9090385097136207,1.6666666666666665,0.7867957924694431,0.7453559924999299,0.12444444444444444,0.10666666666666667,0.09777777777777778,0.08888888888888889
maxent_83,11,0.09917355371900827,0.8770201847653539,1.9090909090909092,2.2623119934163713,0.7619419633774973,0.0,0.0,0.01652892561983471,0.18181818181818182
maxent_84,15,0.17333333333333334,0.9435802457321297,1.4,0.6787438051288904,0.6941367779056595,0.2222222222222222,0.11555555555555555,0.09777777777777778,0.1111111111111111
maxent_85,15,0.1688888888888889,0.8848841264743481,1.9333333333333333,1.0847998252501165,0.8682501540659899,0.08444444444444445,0.08888888888888889,0.14222222222222222,0.19111111111111112
maxent_86,14,0.21428571428571427,0.9109634565039878,1.7857142857142856,0.7396002616336388,0.816496580927726,0.14285714285714285,0.11734693877551021,0.11734693877551021,0.10204081632653061
maxent_87,15,0.24444444444444444,0.9104431967773357,1.5333333333333332,0.6965931600989033,0.7827840605672538,0.14666666666666667,0.18666666666666668,0.1511111111111111,0.13333333333333333
maxent_88,15,0.1511111111111111,0.9037022455540406,1.6,0.9501281231083021,0.920398267509991,0.06222222222222222,0.022222222222222223,0.03111111111111111,0.035555555555555556
maxent_89,15,0.18222222222222223,0.9143252090910067,1.7333333333333334,0.7506264911224563,0.9116676631887409,0.14222222222222222,0.09777777777777778,0.12,0.09777777777777778
maxent_9,15,0.14666666666666667,0.9347660069255471,1.6,0.9596339325668137,0.7527987920098409,0.13777777777777778,0.08444444444444445,0.057777777777777775,0.08444444444444445
maxent_90,14,0.14285714285714285,0.930716533162776,1.7857142857142856,1.192927878405448,0.9198662110077999,0.04591836734693878,0.07653061224489796,0.10714285714285714,0.1836734693877551
maxent_91,15,0.1288888888888889,0.9449437882911631,1.7333333333333334,0.6015099058271789,1.0430678249830465,0.10222222222222223,0.035555555555555556,0.12444444444444444,0.057777777777777775
maxent_92,15,0.1288888888888889,0.9335339142898225,1.7333333333333334,1.0430678249830465,0.8170511719788857,0.11555555555555555,0.044444444444444446,0.035555555555555556,0.08
maxent_93,13,0.1893491124260355,0.9015180749888912,2.0,0.9176722703848762,0.7530320654969924,0.17751479289940827,0.10059171597633136,0.10059171597633136,0.15384615384615385
maxent_94,8,0.015625,NaN,1.125,2.8284271247461903,2.8284271247461903,0.0,0.0,0.0,0.0
maxent_95,14,0.20408163265306123,0.9364960332827204,1.6428571428571428,0.6563301233138935,0.8334358911250369,0.15306122448979592,0.08673469387755102,0.1377551020408163,0.09183673469387756
maxent_96,3,0.0,0.0,1.0,NaN,NaN,0.0,0.0,0.0,0.0
maxent_97,5,0.0,0.0,1.0,NaN,NaN,0.0,0.0,0.0,0.0
maxent_98,15,0.12,0.9321495320740828,1.7333333333333334,1.1915339216404008,0.7628961803617725,0.10222222222222223,0.04,0.04,0.1111111111111111
maxent_99,15,0.16444444444444445,0.9154647993954892,2.0,0.9795466477852449,0.8374018045853874,0.11555555555555555,0.09777777777777778,0.1288888888888889,0.1688888888888889
niche_1,9,0.1111111111111111,0.9467569070553321,1.4444444444444444,0.8660254037844386,1.118033988749895,0.12345679012345678,0.0,0.06172839506172839,0.037037037037037035
niche_10,7,0.1836734693877551,0.8851681837765162,1.5714285714285714,0.974996043043569,0.8654312181887349,0.08163265306122448,0.061224489795918366,0.04081632653061224,0.061224489795918366
niche_100,9,0.1728395061728395,0.7409156543859214,1.4444444444444444,0.9154289727125927,1.5114359978213447,0.0,0.04938271604938271,0.2716049382716049,0.09876543209876543
niche_11,9,0.12345679012345678,0.9666959300280741,1.4444444444444444,0.8351646544245032,1.1423659658795862,0.07407407407407407,0.0,0.08641975308641975,0.04938271604938271
niche_12,7,0.061224489795918366,NaN,1.1428571428571428,1.247219128924647,2.6457513110645907,0.0,0.0,0.061224489795918366,0.0
niche_13,6,0.1388888888888889,0.7894385203267943,1.5,1.17983049630021,1.5949921629901507,0.0,0.05555555555555555,0.05555555555555555,0.0
niche_14,9,0.09876543209876543,0.9315358403319767,1.2222222222222223,0.879452954966893,2.0625,0.0,0.0,0.16049382716049382,0.024691358024691357
niche_15,11,0.08264462809917356,0.9442427236871657,1.2727272727272727,1.0382677881933928,1.870294094520966,0.0,0.0,0.11570247933884298,0.03305785123966942
niche_16,9,0.07407407407407407,0.9893300421750798,1.5555555555555556,1.0606601717798212,1.0606601717798212,0.037037037037037035,0.0,0.012345679012345678,0.012345679012345678
niche_17,6,0.08333333333333333,0.8504896251021614,1.5,1.6733200530681511,1.6733200530681511,0.0,0.027777777777777776,0.0,0.0
niche_18,6,0.1388888888888889,0.9363667612628592,1.6666666666666665,1.17983049630021,0.9033271832508972,0.08333333333333333,0.0,0.027777777777777776,0.05555555555555555
niche_19,8,0.0625,0.9475713327707453,1.25,1.0690449676496976,2.138089935299395,0.046875,0.0,0.046875,0.0
niche_2,6,0.25,0.8485080512459683,1.8333333333333333,0.9189365834726814,0.9189365834726815,0.05555555555555555,0.1111111111111111,0.08333333333333333,0.08333333333333333
niche_20,11,0.19834710743801653,0.8000118559133507,1.6363636363636362,0.9574271077563382,1.2094822124455664,0.03305785123966942,0.1487603305785124,0.256198347107438,0.1487603305785124
niche_21,12,0.06944444444444445,0.9864252394084608,1.4166666666666665,0.8612886750783281,1.0018165319240662,0.04861111111111111,0.006944444444444444,0.013888888888888888,0.006944444444444444
niche_22,8,0.078125,0.9182958340544894,1.25,0.8280786712108252,2.2526175250773743,0.0625,0.0,0.09375,0.0
niche_23,9,0.06172839506172839,0.9888901044715886,1.2222222222222223,0.9486832980505137,1.5874507866387542,0.024691358024691357,0.0,0.024691358024691357,0.0
niche_24,10,0.24,0.8458608841609667,2.2,0.9254628471643156,0.6573421981221795,0.21,0.23,0.05,0.16
niche_25,7,0.061224489795918366,NaN,1.1428571428571428,1.247219128924647,2.6457513110645907,0.0,0.0,0.061224489795918366,0.0
niche_26,10,0.18,0.8511052538930259,2.0,1.330243333042072,0.8606629658238705,0.05,0.08,0.1,0.25
niche_27,10,0.07,0.9274002142254908,1.2,0.6900655593423543,2.238601766389173,0.01,0.0,0.1,0.0
niche_28,7,0.10204081632653061,0.7894385203267943,1.4285714285714286,1.3316656236958786,1.7549928774784245,0.0,0.04081632653061224,0.04081632653061224,0.0
niche_29,9,0.07407407407407407,0.9471307568930448,1.2222222222222223,1.0606601717798212,1.6770509831248424,0.04938271604938271,0.0,0.04938271604938271,0.012345679012345678
niche_3,7,0.10204081632653061,0.9182958340544897,1.4285714285714286,1.3316656236958784,1.3316656236958784,0.04081632653061224,0.0,0.04081632653061224,0.04081632653061224
niche_30,12,0.125,0.9300849316792059,1.6666666666666665,0.876171654230361,1.2870763988845637,0.0763888888888889,0.0,0.1736111111111111,0.09722222222222222
niche_31,10,0.1,0.9669927040140284,1.8,1.1547005383792515,1.4142135623730951,0.06,0.0,0.09,0.06
niche_32,8,0.203125,0.8862924722402323,2.0,0.9267326875739788,0.9833783437888833,0.0625,0.0625,0.140625,0.125
niche_33,8,0.109375,0.9127670217987247,1.5,1.132607095960131,1.1326070959601313,0.09375,0.0,0.046875,0.046875
niche_34,13,0.14792899408284024,0.9452715076638972,2.076923076923077,1.1907420655484826,0.7493997598078079,0.08875739644970414,0.05325443786982249,0.08875739644970414,0.20118343195266272
niche_35,5,0.08,1.0,1.4,1.3693063937629153,1.3693063937629153,0.04,0.0,0.0,0.0
niche_36,9,0.12345679012345678,0.9669927040140284,1.4444444444444444,1.0499999999999998,0.9486832980505137,0.08641975308641975,0.012345679012345678,0.04938271604938271,0.06172839506172839
niche_37,10,0.11,0.970284025531601,1.7000000000000002,0.7959954870644664,1.0004590314678288,0.07,0.01,0.05,0.03
niche_38,10,0.07,0.9817496705973651,1.4,0.96421222530079,1.6564311553262938,0.05,0.0,0.05,0.01
niche_39,8,0.109375,0.9425315809842019,1.5,0.9537405261671772,1.5499459221263285,0.03125,0.015625,0.078125,0.015625
niche_4,9,0.08641975308641975,0.9928327283568574,1.4444444444444444,0.8571428571428572,1.0714285714285712,0.037037037037037035,0.0,0.024691358024691357,0.012345679012345678
niche_40,9,0.14814814814814814,0.9762474661640148,1.8888888888888888,0.9185586535436918,0.75,0.19753086419753085,0.024691358024691357,0.04938271604938271,0.07407407407407407
niche_41,8,0.265625,0.7724363818618074,2.0,1.2686571070094534,0.6859943405700354,0.015625,0.1875,0.078125,0.359375
niche_42,4,0.125,NaN,1.25,1.1547005383792515,2.0,0.0,0.0,0.0625,0.0
niche_43,11,0.1487603305785124,0.8605726895835301,1.5454545454545454,0.9574271077563381,1.032496674433409,0.06611570247933884,0.049586776859504134,0.11570247933884298,0.09917355371900827
niche_44,10,0.08,0.9387359524518039,1.5,0.9860132971832694,1.4191155304938667,0.06,0.01,0.04,0.01
niche_45,11,0.0743801652892562,0.9337302889237267,1.1818181818181819,0.9175921254250035,1.5283332323599466,0.024793388429752067,0.0,0.05785123966942149,0.01652892561983471
niche_46,8,0.078125,0.9888901044715886,1.25,0.8280786712108251,1.465800610100647,0.03125,0.0,0.03125,0.0
niche_47,5,0.12,0.8504896251021614,1.6,1.49071198499986,1.49071198499986,0.0,0.04,0.0,0.0
niche_48,12,0.20833333333333334,0.8397985919678534,2.083333333333333,1.098759631253682,0.8612886750783281,0.06944444444444445,0.2013888888888889,0.13194444444444445,0.24305555555555555
niche_49,6,0.1111111111111111,NaN,1.3333333333333333,1.5491933384829668,1.5491933384829668,0.0,0.0,0.05555555555555555,0.05555555555555555
niche_5,13,0.16568047337278108,0.8741351159724126,2.230769230769231,1.0527135328820112,0.8007224628952494,0.13609467455621302,0.08875739644970414,0.11242603550295859,0.1893491124260355
niche_50,8,0.0625,0.9870558585867127,1.25,1.0690449676496976,1.5118578920369088,0.03125,0.0,0.015625,0.0
niche_51,12,0.1388888888888889,0.907170941842709,1.6666666666666665,1.0954451150103324,0.7816067367347155,0.1388888888888889,0.034722222222222224,0.0763888888888889,0.1388888888888889
niche_52,8,0.0625,0.9870558585867127,1.25,1.0690449676496976,1.5118578920369088,0.03125,0.0,0.015625,0.0
niche_53,6,0.05555555555555555,NaN,1.1666666666666667,1.5491933384829668,2.449489742783178,0.0,0.0,0.027777777777777776,0.0
niche_54,8,0.09375,0.9471307568930448,1.5,1.1818736805705576,1.3801311186847085,0.046875,0.0,0.046875,0.03125
niche_55,5,0.12,NaN,1.2,0.9128709291752769,2.23606797749979,0.0,0.0,0.12,0.0
niche_56,8,0.109375,0.9419285168991623,1.5,1.2868475730966893,1.132607095960131,0.0625,0.015625,0.03125,0.046875
niche_57,13,0.07100591715976332,0.9375582421015564,1.3076923076923077,1.0335797197299477,1.5612494995995994,0.08875739644970414,0.0,0.07100591715976332,0.029585798816568046
niche_58,7,0.10204081632653061,0.9182958340544897,1.4285714285714286,1.3316656236958786,1.3316656236958784,0.04081632653061224,0.0,0.04081632653061224,0.04081632653061224
niche_59,8,0.140625,0.9520932830942898,1.875,0.880916630191213,1.1079319597850887,0.078125,0.0,0.09375,0.0625
niche_6,7,0.14285714285714285,0.9431142303682516,1.8571428571428572,1.0,1.1547005383792515,0.08163265306122448,0.0,0.08163265306122448,0.061224489795918366
niche_60,9,0.13580246913580246,0.895944773397572,1.6666666666666665,1.2120265114521256,0.9833321660356332,0.04938271604938271,0.037037037037037035,0.04938271604938271,0.08641975308641975
niche_61,10,0.24,0.8617879722993417,1.9,0.9662515072736715,0.7136240321480628,0.17,0.13,0.17,0.28
niche_62,12,0.14583333333333334,0.899778822888023,1.6666666666666665,0.8484406738213545,1.0373363920891354,0.18055555555555555,0.05555555555555555,0.125,0.08333333333333333
niche_63,8,0.09375,0.946394630357186,1.25,1.1818736805705576,1.1818736805705576,0.0625,0.0,0.03125,0.03125
niche_64,4,0.125,1.0,1.5,1.1547005383792515,1.1547005383792515,0.0625,0.0,0.0,0.0
niche_65,13,0.10059171597633136,0.9360208675095046,1.6153846153846154,1.0060371397933572,1.0986517899128285,0.07692307692307693,0.023668639053254437,0.0650887573964497,0.05325443786982249
niche_66,6,0.2222222222222222,0.9511927170938568,2.0,1.02469507659596,0.7745966692414834,0.1111111111111111,0.05555555555555555,0.05555555555555555,0.1111111111111111
niche_67,6,0.05555555555555555,NaN,1.1666666666666667,1.5491933384829668,2.449489742783178,0.0,0.0,0.027777777777777776,0.0
niche_68,11,0.1322314049586777,0.93627266589532,1.6363636363636362,1.2051322541530451,0.7120612684313057,0.11570247933884298,0.024793388429752067,0.049586776859504134,0.1322314049586777
niche_69,10,0.07,0.9437775046596898,1.2,0.9642122253007899,2.3377024206921098,0.0,0.0,0.11,0.01
niche_7,7,0.14285714285714285,0.8866149078058183,1.8571428571428572,1.8257418583505538,0.816496580927726,0.0,0.02040816326530612,0.02040816326530612,0.1836734693877551
niche_70,8,0.21875,0.8896661186117004,2.125,1.1326070959601313,0.9035079029052513,0.0625,0.09375,0.125,0.203125
niche_71,10,0.14,0.9340546845874034,1.7000000000000002,1.0213147899774866,1.126872339638022,0.04,0.06,0.08,0.06
niche_72,10,0.14,0.9204235785828208,2.0,1.55036386629521,0.838419850555191,0.01,0.05,0.04,0.19
niche_73,13,0.17159763313609466,0.8688136193472615,2.076923076923077,1.1304175497144133,0.841713707809012,0.14792899408284024,0.16568047337278108,0.0650887573964497,0.16568047337278108
niche_74,6,0.16666666666666666,0.946394630357186,1.6666666666666665,1.0954451150103321,1.0954451150103321,0.027777777777777776,0.027777777777777776,0.05555555555555555,0.05555555555555555
niche_75,9,0.06172839506172839,0.9182958340544894,1.2222222222222223,0.9486832980505137,2.4,0.04938271604938271,0.0,0.07407407407407407,0.0
niche_76,10,0.08,0.9268073413995943,1.4,0.9860132971832694,1.4191155304938667,0.05,0.0,0.05,0.02
niche_77,12,0.125,0.9234781956787251,2.083333333333333,1.1191627462193567,0.7247430753394787,0.125,0.034722222222222224,0.041666666666666664,0.10416666666666667
niche_78,9,0.06172839506172839,0.9666959300280741,1.2222222222222223,0.9486832980505137,1.8248287590894656,0.012345679012345678,0.0,0.037037037037037035,0.0
niche_79,11,0.10743801652892562,0.9751500084745668,1.4545454545454546,0.8306267684118824,0.6352560868326946,0.10743801652892562,0.0,0.03305785123966942,0.049586776859504134
niche_8,8,0.046875,0.9786600843501594,1.25,1.3801311186847083,1.9840634910475863,0.03125,0.0,0.015625,0.0
niche_80,7,0.20408163265306123,0.8575931136138029,1.8571428571428572,1.1328430311977618,0.9780933834080806,0.061224489795918366,0.14285714285714285,0.02040816326530612,0.061224489795918366
niche_81,5,0.08,NaN,1.2,1.3693063937629153,2.23606797749979,0.0,0.0,0.04,0.0
niche_82,8,0.15625,0.9301664549111549,1.75,1.1904380946285518,0.931971796017148,0.09375,0.03125,0.0625,0.109375
niche_83,10,0.17,0.8658492603456018,1.8,1.1450040251495242,0.7362738570791603,0.12,0.06,0.07,0.17
niche_84,6,0.16666666666666666,0.9786600843501595,1.6666666666666665,1.0954451150103321,0.8944271909999159,0.1111111111111111,0.0,0.05555555555555555,0.08333333333333333
niche_85,11,0.1652892561983471,0.8381845126337671,1.5454545454545454,1.0670051546267245,1.2497999839974394,0.0,0.01652892561983471,0.2644628099173554,0.2066115702479339
niche_86,10,0.24,0.8489990387082245,2.2,1.097134314340639,0.7401618108041238,0.08,0.11,0.2,0.37
niche_87,10,0.1,0.9693486500234422,1.4,1.0540925533894598,0.816496580927726,0.07,0.02,0.01,0.03
niche_88,11,0.0743801652892562,0.9756924513643055,1.3636363636363638,0.9175921254250033,0.9175921254250035,0.06611570247933884,0.0,0.01652892561983471,0.01652892561983471
niche_89,8,0.078125,0.9909839046364357,1.375,1.190438094628552,0.8280786712108252,0.03125,0.0,0.0,0.015625
niche_9,8,0.078125,0.8648264518457696,1.25,1.190438094628552,2.2526175250773743,0.0,0.0,0.09375,0.015625
niche_90,7,0.061224489795918366,0.9999999999999998,1.2857142857142856,1.247219128924647,1.2472191289246473,0.02040816326530612,0.0,0.0,0.0
niche_91,9,0.06172839506172839,NaN,1.1111111111111112,0.9486832980505137,3.0,0.0,0.0,0.12345679012345678,0.0
niche_92,9,0.1111111111111111,0.9160645519366079,1.5555555555555556,1.4142135623730951,0.8660254037844386,0.08641975308641975,0.012345679012345678,0.024691358024691357,0.08641975308641975
niche_93,9,0.16049382716049382,0.8444707145922874,1.8888888888888888,1.2046507510281403,1.1006990785580142,0.04938271604938271,0.14814814814814814,0.012345679012345678,0.037037037037037035
niche_94,10,0.15,0.9181267951923283,1.6,1.1439589045541112,0.7200822998230956,0.09,0.07,0.02,0.1
niche_95,9,0.16049382716049382,0.9276430962600097,1.6666666666666665,0.7825765365144541,0.923076923076923,0.14814814814814814,0.012345679012345678,0.1111111111111111,0.08641975308641975
niche_96,10,0.16,0.8785715801994758,1.7000000000000002,1.2219065248845984,1.1486707293408518,0.0,0.08,0.12,0.14
niche_97,4,0.125,NaN,1.25,1.1547005383792515,2.0,0.0,0.0,0.0625,0.0
niche_98,4,0.125,1.0,1.5,1.1547005383792515,1.1547005383792515,0.0625,0.0,0.0,0.0
niche_99,7,0.08163265306122448,NaN,1.1428571428571428,0.9354143466934853,2.6457513110645907,0.0,0.0,0.12244897959183673,0.0
random_1,6,0.1111111111111111,0.8724293398564681,1.6666666666666665,1.816590212458495,1.224744871391589,0.0,0.027777777777777776,0.0,0.05555555555555555
random_10,15,0.09777777777777778,0.9448497321340154,1.4,0.849508504334963,0.8877362000069804,0.06666666666666667,0.017777777777777778,0.04,0.04888888888888889
random_100,15,0.1688888888888889,0.9411592134705126,2.0666666666666664,0.5351698856343741,0.6306383974089318,0.18222222222222223,0.04888888888888889,0.10222222222222223,0.08444444444444445
random_11,14,0.20918367346938777,0.9127833974241468,2.071428571428571,0.6058788549201364,0.5597098044598096,0.1989795918367347,0.12244897959183673,0.07142857142857142,0.09183673469387756
random_12,7,0.08163265306122448,0.9335926644561658,1.4285714285714286,1.3768926368215255,1.3768926368215255,0.02040816326530612,0.0,0.02040816326530612,0.02040816326530612
random_13,15,0.24,0.9062976976873942,1.9333333333333333,0.5826715823167509,0.41732751825825104,0.27111111111111114,0.11555555555555555,0.11555555555555555,0.18666666666666668
random_14,15,0.14666666666666667,0.9424311798179775,1.6666666666666665,0.5749595745760688,0.5211013674737371,0.20444444444444446,0.008888888888888889,0.08,0.08888888888888889
random_15,9,0.1111111111111111,0.9427815970993604,1.5555555555555556,1.0,1.0,0.07407407407407407,0.012345679012345678,0.037037037037037035,0.037037037037037035
random_16,4,0.1875,0.8504896251021614,1.5,1.2765694770084508,1.2765694770084508,0.0,0.0,0.0625,0.0625
random_17,12,0.11805555555555555,0.956220311612184,1.6666666666666665,1.0188534162169867,0.36347904744313214,0.05555555555555555,0.0,0.006944444444444444,0.0625
random_18,9,0.14814814814814814,0.9063930898864204,1.7777777777777777,1.125,0.9185586535436918,0.12345679012345678,0.07407407407407407,0.024691358024691357,0.06172839506172839
random_19,15,0.1111111111111111,0.9476081358784403,1.3333333333333333,0.5398412465054624,0.6279217421667402,0.1288888888888889,0.008888888888888889,0.06222222222222222,0.05333333333333334
random_2,15,0.14666666666666667,0.9482727977770294,1.5333333333333332,0.6473996665254295,0.6241877839323592,0.08,0.017777777777777778,0.022222222222222223,0.04888888888888889
random_20,15,0.17777777777777778,0.8995019979091873,1.8,0.5428101483418094,0.6123724356957945,0.23555555555555555,0.04,0.1111111111111111,0.10222222222222223
random_21,11,0.08264462809917356,0.9561270615384506,1.2727272727272727,0.9143303560529968,1.1489125293076057,0.03305785123966942,0.0,0.04132231404958678,0.024793388429752067
random_22,10,0.12,0.9675744823555393,1.6,1.0243938285880987,0.6573421981221795,0.13,0.01,0.03,0.07
random_23,15,0.12,0.9323169929596696,1.5333333333333332,0.8958064164776165,0.6706231801357971,0.08444444444444445,0.013333333333333334,0.04,0.07555555555555556
random_24,9,0.12345679012345678,0.9464824336514067,1.6666666666666665,1.142365965879586,1.1423659658795862,0.06172839506172839,0.024691358024691357,0.06172839506172839,0.06172839506172839
random_25,5,0.08,1.0,1.4,1.3693063937629153,1.3693063937629153,0.04,0.0,0.0,0.0
random_26,15,0.19111111111111112,0.935955880192684,1.6,0.5414874737524945,0.49097550038302107,0.25333333333333335,0.057777777777777775,0.09777777777777778,0.13333333333333333
random_27,3,0.0,0.0,1.0,NaN,NaN,0.0,0.0,0.0,0.0
random_28,13,0.10650887573964497,0.9586676434783946,1.3846153846153846,0.7539334439193438,0.5546288567359976,0.08284023668639054,0.005917159763313609,0.011834319526627219,0.023668639053254437
random_29,13,0.11834319526627218,0.9250753243739427,1.4615384615384617,0.9425143677065794,0.822850735755479,0.04142011834319527,0.047337278106508875,0.04142011834319527,0.05917159763313609
random_3,15,0.15555555555555556,0.9310944980965444,1.7333333333333334,0.7880299827064416,0.6613000712661082,0.14222222222222222,0.03111111111111111,0.057777777777777775,0.08444444444444445
random_30,15,0.1288888888888889,0.9273209198763348,1.4666666666666668,0.6324823896055942,0.8170511719788857,0.09777777777777778,0.013333333333333334,0.07555555555555556,0.03111111111111111
random_31,10,0.08,0.9786617349607107,1.4,0.9860132971832694,1.2909944487358056,0.04,0.0,0.03,0.0
random_32,15,0.12444444444444444,0.9497319409764877,1.3333333333333333,0.6674709676917567,0.7263019876466504,0.07555555555555556,0.0044444444444444444,0.04888888888888889,0.035555555555555556
random_33,10,0.12,0.9579227618983561,1.8,1.0243938285880987,0.9460770203292445,0.09,0.02,0.05,0.06
random_34,6,0.16666666666666666,0.9999999999999998,1.6666666666666665,0.8944271909999159,0.6324555320336759,0.1111111111111111,0.0,0.027777777777777776,0.05555555555555555
random_35,13,0.17159763313609466,0.9399727568236353,1.7692307692307692,0.638008693626571,0.5225778354790485,0.17159763313609466,0.01775147928994083,0.0650887573964497,0.07100591715976332
random_36,15,0.12444444444444444,0.9265481578359582,1.4666666666666668,0.6674709676917567,0.636018042540711,0.17333333333333334,0.02666666666666667,0.05333333333333334,0.05333333333333334
random_37,15,0.17333333333333334,0.9210088236685704,1.8,0.8451542547285166,0.45508306023843204,0.14222222222222222,0.06666666666666667,0.04,0.13333333333333333
random_38,15,0.14666666666666667,0.923196445117198,1.7333333333333334,0.6914898447778772,0.6473996665254295,0.17333333333333334,0.05333333333333334,0.057777777777777775,0.06666666666666667
random_39,8,0.03125,1.0,1.25,1.8516401995451028,1.8516401995451028,0.015625,0.0,0.0,0.0
random_4,9,0.04938271604938271,0.9870558585867127,1.2222222222222223,1.1858541225631423,1.6345871038277526,0.012345679012345678,0.0,0.012345679012345678,0.0
random_40,10,0.07,0.961156796715986,1.5,1.355261854357877,1.1761037176408067,0.02,0.0,0.01,0.01
random_41,15,0.26222222222222225,0.9092000321899254,2.2666666666666666,0.5390333020569251,0.3526308326344006,0.3688888888888889,0.14222222222222222,0.09333333333333334,0.1288888888888889
random_42,15,0.20444444444444446,0.9238165369621412,2.1333333333333333,0.5970491846309522,0.6459328707861033,0.13333333333333333,0.04888888888888889,0.10666666666666667,0.035555555555555556
random_43,14,0.1683673469387755,0.9116598847965924,1.7142857142857142,0.6138197947371069,0.6573839858720151,0.17346938775510204,0.05102040816326531,0.09693877551020408,0.09693877551020408
random_44,13,0.1242603550295858,0.9318947959504079,1.6923076923076923,0.693888666488711,0.693888666488711,0.08875739644970414,0.011834319526627219,0.04142011834319527,0.047337278106508875
random_45,6,0.16666666666666666,0.946394630357186,1.6666666666666665,1.0954451150103321,1.0954451150103321,0.027777777777777776,0.027777777777777776,0.05555555555555555,0.05555555555555555
random_46,15,0.14666666666666667,0.9249328209725433,1.6,0.8275081725752721,0.49196615389287807,0.17333333333333334,0.02666666666666667,0.05333333333333334,0.12444444444444444
random_47,15,0.1511111111111111,0.9227347688364733,1.4666666666666668,0.5394702734871245,0.5646533589019276,0.13333333333333333,0.02666666666666667,0.044444444444444446,0.044444444444444446
random_48,15,0.20444444444444446,0.9336170040574047,2.466666666666667,0.7235758265555777,0.4847108823633955,0.1511111111111111,0.057777777777777775,0.08444444444444445,0.1288888888888889
random_49,13,0.15976331360946747,0.9137341043194566,1.6923076923076923,0.7211926818239458,0.6046232487894262,0.15976331360946747,0.01775147928994083,0.047337278106508875,0.05917159763313609
random_5,15,0.1511111111111111,0.922478407492362,1.6666666666666665,0.5887602699420069,0.6119182095714597,0.15555555555555556,0.02666666666666667,0.06222222222222222,0.07111111111111111
random_50,15,0.14222222222222222,0.9468594683957394,1.4666666666666668,0.6355142391908192,0.6103186375047991,0.18222222222222223,0.02666666666666667,0.057777777777777775,0.06666666666666667
random_51,9,0.12345679012345678,0.9266775310118471,1.5555555555555556,1.0499999999999998,1.0499999999999998,0.08641975308641975,0.0,0.07407407407407407,0.07407407407407407
random_52,15,0.1111111111111111,0.9271312329444769,1.8666666666666667,0.7745966692414833,0.7050835816716038,0.1111111111111111,0.008888888888888889,0.05333333333333334,0.057777777777777775
random_53,11,0.09090909090909091,0.9705607256020001,1.4545454545454546,1.0954451150103321,0.8944271909999159,0.06611570247933884,0.01652892561983471,0.01652892561983471,0.03305785123966942
random_54,13,0.1301775147928994,0.9381611557539339,1.3846153846153846,0.7390150544398302,0.5597864606639747,0.05917159763313609,0.0,0.04142011834319527,0.05917159763313609
random_55,15,0.08888888888888889,0.9541284073705515,1.2,0.6123724356957945,0.7319250547113999,0.10222222222222223,0.0,0.03111111111111111,0.02666666666666667
random_56,6,0.08333333333333333,0.9786600843501594,1.5,1.6733200530681511,1.0954451150103321,0.027777777777777776,0.0,0.0,0.027777777777777776
random_57,15,0.13777777777777778,0.9257581354737187,1.6666666666666665,0.6711361008203104,0.8473500346170126,0.13777777777777778,0.044444444444444446,0.10666666666666667,0.06666666666666667
random_58,15,0.16,0.9145975373888736,1.9333333333333333,0.5634361698190111,0.5850315416812197,0.14666666666666667,0.022222222222222223,0.07555555555555556,0.04888888888888889
random_59,15,0.12,0.9430470234304105,1.4666666666666668,0.7027283689263065,0.791266259086636,0.09777777777777778,0.008888888888888889,0.05333333333333334,0.044444444444444446
random_6,15,0.19111111111111112,0.9011862387537019,1.7333333333333334,0.7083894784995473,0.5726923366001377,0.19555555555555557,0.08888888888888889,0.13777777777777778,0.1511111111111111
random_60,12,0.1388888888888889,0.9179104848925684,1.9166666666666665,0.9685978619539783,0.8612886750783282,0.125,0.006944444444444444,0.041666666666666664,0.06944444444444445
random_61,4,0.0,0.0,1.0,NaN,NaN,0.0,0.0,0.0,0.0
random_62,14,0.18877551020408162,0.9215087717909821,1.5714285714285714,0.5672209613871091,0.43541074160709253,0.18877551020408162,0.04081632653061224,0.08673469387755102,0.10714285714285714
random_63,10,0.07,0.9431142303682516,1.5,1.355261854357877,1.5133570078162575,0.01,0.01,0.03,0.02
random_64,14,0.1683673469387755,0.9295380032867546,1.5,0.6138197947371069,0.657383985872015,0.11734693877551021,0.030612244897959183,0.015306122448979591,0.030612244897959183
random_65,11,0.09090909090909091,0.955768939186639,1.4545454545454546,0.8944271909999159,0.8944271909999159,0.08264462809917356,0.008264462809917356,0.024793388429752067,0.024793388429752067
random_66,9,0.12345679012345678,0.9265338781738932,1.6666666666666665,0.9486832980505137,0.9486832980505137,0.012345679012345678,0.024691358024691357,0.037037037037037035,0.0
random_67,11,0.19834710743801653,0.9118986033266162,1.8181818181818183,0.8652231568278275,0.4499228328897696,0.12396694214876033,0.03305785123966942,0.03305785123966942,0.14049586776859505
random_68,15,0.14222222222222222,0.9429665142954214,1.4666666666666668,0.6355142391908192,0.5275607192541917,0.19111111111111112,0.017777777777777778,0.06222222222222222,0.06666666666666667
random_69,14,0.1326530612244898,0.9553660984454003,1.6428571428571428,0.6959143397864689,0.511141234745425,0.12244897959183673,0.00510204081632653,0.03571428571428571,0.0663265306122449
random_7,9,0.12345679012345678,0.9853399281250376,1.8888888888888888,0.8351646544245032,0.7035623639735143,0.07407407407407407,0.0,0.037037037037037035,0.037037037037037035
random_70,15,0.21777777777777776,0.9022262736249771,1.9333333333333333,0.5952450367497514,0.6063859603298112,0.21777777777777776,0.10666666666666667,0.15555555555555556,0.10666666666666667
random_71,15,0.1511111111111111,0.9177373903114815,1.9333333333333333,0.8077724262654061,0.5130525667349466,0.15555555555555556,0.02666666666666667,0.05333333333333334,0.08
random_72,14,0.1326530612244898,0.934287089982867,1.5,0.757303988439108,0.5920117603919887,0.14285714285714285,0.015306122448979591,0.05612244897959184,0.07653061224489796
random_73,9,0.09876543209876543,0.9495106369829256,1.6666666666666665,1.0439558180306292,0.879452954966893,0.024691358024691357,0.012345679012345678,0.012345679012345678,0.0
random_74,15,0.1288888888888889,0.9438461154510378,1.4,0.6324823896055941,0.6902706613113184,0.08,0.013333333333333334,0.06666666666666667,0.044444444444444446
random_75,5,0.12,0.9786600843501594,1.4,1.4907119849998598,0.9128709291752769,0.08,0.0,0.0,0.04
random_76,3,0.1111111111111111,NaN,1.3333333333333333,1.7320508075688772,1.7320508075688772,0.0,0.0,0.0,0.0
random_77,15,0.10222222222222223,0.941351747396848,1.4,0.8125733519725735,0.6913688004643169,0.08,0.0044444444444444444,0.04,0.03111111111111111
random_78,8,0.109375,0.9473109240088845,1.5,1.1326070959601313,0.9537405261671773,0.0625,0.0,0.03125,0.046875
random_79,15,0.17777777777777778,0.9348888776677,1.6666666666666665,0.6895262348681365,0.4629100498862757,0.17333333333333334,0.013333333333333334,0.09777777777777778,0.10666666666666667
random_8,11,0.1322314049586777,0.9444334283266367,1.7272727272727273,0.9408274283841856,0.7120612684313057,0.09090909090909091,0.01652892561983471,0.03305785123966942,0.049586776859504134
random_80,14,0.1683673469387755,0.9154707207067438,2.071428571428571,0.6573839858720151,0.6359750173128194,0.1989795918367347,0.030612244897959183,0.061224489795918366,0.061224489795918366
random_81,15,0.20444444444444446,0.9072116232573901,2.4,0.5970491846309524,0.5001350074278688,0.21777777777777776,0.07555555555555556,0.10222222222222223,0.13333333333333333
random_82,4,0.0,0.0,1.0,NaN,NaN,0.0,0.0,0.0,0.0
random_83,13,0.07100591715976332,0.9618931177233839,1.4615384615384617,1.0335797197299477,0.9341762067111242,0.0650887573964497,0.005917159763313609,0.01775147928994083,0.023668639053254437
random_84,15,0.17777777777777778,0.9368259324653552,1.6,0.6123724356957945,0.6895262348681365,0.10666666666666667,0.035555555555555556,0.13777777777777778,0.12
random_85,14,0.12244897959183673,0.9436739239695557,1.6428571428571428,0.7388776427394261,0.6236095644623236,0.12244897959183673,0.00510204081632653,0.05102040816326531,0.05612244897959184
random_86,15,0.12444444444444444,0.9481783644437289,1.4666666666666668,0.636018042540711,0.5305877152885848,0.1288888888888889,0.013333333333333334,0.057777777777777775,0.07111111111111111
random_87,12,0.13194444444444445,0.9383896075469171,1.9166666666666665,0.7832288901297763,0.5686336657127495,0.09027777777777778,0.0,0.041666666666666664,0.04861111111111111
random_88,14,0.10714285714285714,0.9552240116601153,1.5,0.7279522854655583,0.8573463331948967,0.07142857142857142,0.015306122448979591,0.05102040816326531,0.030612244897959183
random_89,13,0.11834319526627218,0.9370610372551654,1.5384615384615385,0.9043874538419175,0.8228507357554791,0.08284023668639054,0.005917159763313609,0.047337278106508875,0.04142011834319527
random_9,7,0.08163265306122448,0.9335926644561658,1.2857142857142856,1.3768926368215255,1.3768926368215255,0.0,0.0,0.02040816326530612,0.02040816326530612
random_90,7,0.20408163265306123,0.9469458928435375,1.7142857142857142,0.9780933834080806,0.3741657386773941,0.04081632653061224,0.02040816326530612,0.02040816326530612,0.04081632653061224
random_91,15,0.1111111111111111,0.9447058416356228,1.4,0.6279217421667401,0.7050835816716037,0.12444444444444444,0.008888888888888889,0.06222222222222222,0.044444444444444446
random_92,14,0.12244897959183673,0.928620501217778,1.3571428571428572,0.7388776427394261,0.8384458557303823,0.12244897959183673,0.01020408163265306,0.08163265306122448,0.07653061224489796
random_93,15,0.26222222222222225,0.9041477410400726,2.1333333333333333,0.5558997214865578,0.38993576850308426,0.23555555555555555,0.08444444444444445,0.08,0.1111111111111111
random_94,14,0.12755102040816327,0.934022978957094,1.4285714285714286,0.8557497837029773,0.8270801281989177,0.061224489795918366,0.00510204081632653,0.03571428571428571,0.025510204081632654
random_95,12,0.125,0.9633293980510219,1.9166666666666665,0.9211323729436764,0.6030226891555273,0.11805555555555555,0.027777777777777776,0.034722222222222224,0.0763888888888889
random_96,6,0.1111111111111111,0.9335926644561658,1.6666666666666665,1.224744871391589,1.224744871391589,0.05555555555555555,0.0,0.027777777777777776,0.027777777777777776
random_97,9,0.1728395061728395,0.9307346093241256,1.7777777777777777,0.7266782124777074,0.5669467095138409,0.16049382716049382,0.024691358024691357,0.037037037037037035,0.04938271604938271
random_98,12,0.2152777777777778,0.9135659493018736,2.0,0.7280999930288712,0.4507742527282509,0.1388888888888889,0.020833333333333332,0.034722222222222224,0.06944444444444445
random_99,14,0.2193877551020408,0.9129832217701083,1.7857142857142856,0.5776984430633858,0.3488968344987789,0.2857142857142857,0.08673469387755102,0.11224489795918367,0.15306122448979592
