fw_ID,model,S_initial,connectance_initial,prop_basal_initial,mx_tl_initial,mean_FCL_initial,closed_loops_initial,isolated_initial,illogical_initial
ltm_1,LTM,15,0.3377777777777778,0.0,1.7244444444444444,NaN,8040,0,0
ltm_laura_1,LTM_Laura,15,0.13333333333333333,0.2,1.1822222222222223,3.272727272727273,4,0,3
atn_1,ATN,15,0.1511111111111111,0.06666666666666667,1.2844444444444443,5.421052631578948,0,0,1
adbm_1,ADBM,15,0.13777777777777778,0.2,1.2355555555555555,3.2666666666666666,0,0,3
niche_1,Niche,15,0.2577777777777778,0.3333333333333333,1.4044444444444442,2.2439024390243905,0,0,
cascade_1,Cascade,15,0.21777777777777776,0.2,1.444444444444444,4.641221374045801,0,0,
random_1,Random,15,0.21777777777777776,0.06666666666666667,1.2177777777777774,NaN,942,0,
maxent_1,MaxEnt,15,0.14666666666666667,0.13333333333333333,1.28,4.194444444444445,7,0,
ltm_2,LTM,15,0.28,0.0,1.6133333333333335,NaN,2371,0,0
ltm_laura_2,LTM_Laura,15,0.12444444444444444,0.13333333333333333,1.2044444444444442,2.75,2,0,2
atn_2,ATN,15,0.12,0.13333333333333333,1.3111111111111111,5.109589041095891,0,0,2
adbm_2,ADBM,15,0.16444444444444445,0.3333333333333333,1.1688888888888889,5.012987012987013,0,3,4
niche_2,Niche,15,0.08888888888888889,0.5333333333333333,1.102222222222222,1.05,0,2,
cascade_2,Cascade,15,0.06666666666666667,0.4,1.0888888888888888,1.5384615384615385,0,2,
random_2,Random,15,0.08444444444444445,0.2,1.1377777777777778,3.7777777777777777,2,1,
maxent_2,MaxEnt,15,0.10666666666666667,0.3333333333333333,1.16,2.272727272727273,3,1,
ltm_3,LTM,15,0.25333333333333335,0.0,1.6577777777777776,NaN,157,0,0
ltm_laura_3,LTM_Laura,15,0.12,0.2,1.2044444444444442,3.4482758620689653,4,0,3
atn_3,ATN,15,0.12,0.13333333333333333,1.182222222222222,2.9411764705882355,0,0,2
adbm_3,ADBM,15,0.16,0.2,1.2222222222222219,3.8125,0,0,3
niche_3,Niche,15,0.2,0.2,1.413333333333333,3.9214285714285713,0,1,
cascade_3,Cascade,15,0.2577777777777778,0.2,1.4977777777777777,4.355704697986577,0,0,
random_3,Random,15,0.24444444444444444,0.0,1.4977777777777777,NaN,3251,0,
maxent_3,MaxEnt,15,0.18222222222222223,0.3333333333333333,1.3599999999999997,4.317073170731708,15,0,
ltm_4,LTM,15,0.2,0.0,1.3688888888888888,NaN,123,0,0
ltm_laura_4,LTM_Laura,15,0.1111111111111111,0.2,1.2088888888888887,3.176470588235294,1,1,2
atn_4,ATN,15,0.09333333333333334,0.13333333333333333,1.1688888888888889,5.345454545454546,0,1,1
adbm_4,ADBM,15,0.1511111111111111,0.3333333333333333,1.2977777777777777,3.347826086956522,0,4,3
niche_4,Niche,15,0.1111111111111111,0.3333333333333333,1.1466666666666667,1.4782608695652173,0,2,
cascade_4,Cascade,15,0.11555555555555555,0.2,1.191111111111111,3.0,0,0,
random_4,Random,15,0.13333333333333333,0.2,1.2266666666666666,4.545454545454546,4,0,
maxent_4,MaxEnt,15,0.09777777777777778,0.3333333333333333,1.1511111111111108,3.176470588235294,2,2,
ltm_5,LTM,15,0.24,0.0,1.4888888888888887,NaN,333,0,0
ltm_laura_5,LTM_Laura,15,0.12444444444444444,0.13333333333333333,1.1866666666666665,4.557377049180328,5,0,2
atn_5,ATN,15,0.09777777777777778,0.2,1.1466666666666667,2.25,0,0,3
adbm_5,ADBM,15,0.1288888888888889,0.13333333333333333,1.1822222222222223,2.4761904761904763,0,1,1
niche_5,Niche,15,0.24888888888888888,0.06666666666666667,1.4444444444444442,4.415841584158416,0,0,
cascade_5,Cascade,15,0.3022222222222222,0.13333333333333333,1.5422222222222222,5.644097222222222,0,0,
random_5,Random,15,0.28888888888888886,0.0,1.2888888888888885,NaN,16811,0,
maxent_5,MaxEnt,15,0.1688888888888889,0.13333333333333333,1.3155555555555554,2.6363636363636362,11,1,
ltm_6,LTM,15,0.3422222222222222,0.06666666666666667,1.6799999999999997,2.8181818181818183,3852,0,1
ltm_laura_6,LTM_Laura,15,0.16444444444444445,0.13333333333333333,1.3422222222222222,3.84375,5,1,1
atn_6,ATN,15,0.15555555555555556,0.26666666666666666,1.311111111111111,4.015075376884422,0,1,3
adbm_6,ADBM,15,0.27111111111111114,0.2,1.4888888888888887,4.427450980392157,0,2,2
niche_6,Niche,15,0.17777777777777778,0.13333333333333333,1.284444444444444,3.69811320754717,0,0,
cascade_6,Cascade,15,0.19111111111111112,0.13333333333333333,1.3066666666666664,2.8360655737704916,0,0,
random_6,Random,15,0.1688888888888889,0.06666666666666667,1.3466666666666665,3.8333333333333335,84,0,
maxent_6,MaxEnt,15,0.09777777777777778,0.2,1.1422222222222222,1.8571428571428572,1,1,
ltm_7,LTM,15,0.2577777777777778,0.0,1.5422222222222224,NaN,674,0,0
ltm_laura_7,LTM_Laura,15,0.1111111111111111,0.2,1.1466666666666663,1.4,3,1,3
atn_7,ATN,15,0.08888888888888889,0.3333333333333333,1.1244444444444446,1.9565217391304348,0,1,4
adbm_7,ADBM,15,0.15555555555555556,0.13333333333333333,1.231111111111111,2.7333333333333334,0,1,2
niche_7,Niche,15,0.06222222222222222,0.5333333333333333,1.0888888888888888,1.1176470588235294,0,5,
cascade_7,Cascade,15,0.09333333333333334,0.26666666666666666,1.1422222222222222,1.894736842105263,0,0,
random_7,Random,15,0.08444444444444445,0.26666666666666666,1.0977777777777777,3.375,1,0,
maxent_7,MaxEnt,15,0.06222222222222222,0.5333333333333333,1.102222222222222,1.5333333333333334,0,3,
ltm_8,LTM,15,0.24444444444444444,0.0,1.4711111111111108,NaN,13,0,0
ltm_laura_8,LTM_Laura,15,0.12444444444444444,0.06666666666666667,1.2,3.3636363636363638,2,0,1
atn_8,ATN,15,0.10666666666666667,0.06666666666666667,1.1955555555555553,5.142857142857143,0,0,1
adbm_8,ADBM,15,0.18666666666666668,0.13333333333333333,1.3066666666666664,3.9814814814814814,0,0,2
niche_8,Niche,15,0.27111111111111114,0.06666666666666667,1.4933333333333332,3.938202247191011,0,0,
cascade_8,Cascade,15,0.32,0.06666666666666667,1.6044444444444443,5.8197368421052635,0,0,
random_8,Random,15,0.28444444444444444,0.0,1.284444444444444,NaN,34267,0,
maxent_8,MaxEnt,15,0.16444444444444445,0.3333333333333333,1.2666666666666666,4.375,20,2,
ltm_9,LTM,15,0.20444444444444446,0.06666666666666667,1.431111111111111,1.5,113,0,1
ltm_laura_9,LTM_Laura,15,0.10666666666666667,0.3333333333333333,1.1155555555555556,1.4615384615384615,3,0,5
atn_9,ATN,15,0.11555555555555555,0.4,1.1466666666666667,1.391304347826087,0,1,5
adbm_9,ADBM,15,0.1288888888888889,0.26666666666666666,1.1777777777777776,3.5714285714285716,0,3,2
niche_9,Niche,15,0.2222222222222222,0.13333333333333333,1.4355555555555555,3.7636363636363637,0,0,
cascade_9,Cascade,15,0.24,0.13333333333333333,1.4977777777777777,4.877049180327869,0,0,
random_9,Random,15,0.24,0.06666666666666667,1.2399999999999995,NaN,1705,0,
maxent_9,MaxEnt,15,0.18222222222222223,0.06666666666666667,1.4844444444444445,4.0588235294117645,64,0,
ltm_10,LTM,15,0.32,0.0,1.613333333333333,NaN,239,0,0
ltm_laura_10,LTM_Laura,15,0.1288888888888889,0.13333333333333333,1.2311111111111113,3.8823529411764706,5,1,2
atn_10,ATN,15,0.09777777777777778,0.13333333333333333,1.1466666666666667,4.533333333333333,0,1,1
adbm_10,ADBM,15,0.13333333333333333,0.13333333333333333,1.2444444444444442,3.0344827586206895,0,1,2
niche_10,Niche,15,0.044444444444444446,0.4666666666666667,1.0666666666666667,1.3636363636363635,0,3,
cascade_10,Cascade,15,0.06666666666666667,0.4666666666666667,1.097777777777778,1.8333333333333333,0,3,
random_10,Random,15,0.05333333333333334,0.4666666666666667,1.0799999999999998,1.125,1,2,
maxent_10,MaxEnt,15,0.04,0.6666666666666666,1.0444444444444443,0.6923076923076923,0,5,
ltm_11,LTM,15,0.30666666666666664,0.0,1.68,NaN,19659,0,0
ltm_laura_11,LTM_Laura,15,0.11555555555555555,0.13333333333333333,1.2533333333333332,0.5,1,1,1
atn_11,ATN,15,0.1288888888888889,0.2,1.3511111111111112,5.555555555555555,0,1,2
adbm_11,ADBM,15,0.26666666666666666,0.2,1.6266666666666665,4.722408026755853,0,1,3
niche_11,Niche,15,0.16,0.26666666666666666,1.3733333333333333,3.1666666666666665,0,1,
cascade_11,Cascade,15,0.2222222222222222,0.13333333333333333,1.408888888888889,4.342696629213483,0,0,
random_11,Random,15,0.23555555555555555,0.0,1.2355555555555553,NaN,5209,0,
maxent_11,MaxEnt,15,0.17333333333333334,0.2,1.3644444444444446,3.3181818181818183,28,2,
ltm_12,LTM,15,0.28888888888888886,0.0,1.7822222222222224,NaN,1048,0,0
ltm_laura_12,LTM_Laura,15,0.1688888888888889,0.2,1.1733333333333331,1.3333333333333333,7,0,3
atn_12,ATN,15,0.12444444444444444,0.3333333333333333,1.284444444444444,4.792553191489362,0,3,4
adbm_12,ADBM,15,0.27111111111111114,0.13333333333333333,1.5955555555555556,4.897163120567376,0,1,2
niche_12,Niche,15,0.30666666666666664,0.2,1.5866666666666667,4.020703933747412,0,0,
cascade_12,Cascade,15,0.23555555555555555,0.13333333333333333,1.4533333333333336,4.182481751824818,0,0,
random_12,Random,15,0.2577777777777778,0.06666666666666667,1.2577777777777779,NaN,2443,0,
maxent_12,MaxEnt,15,0.2222222222222222,0.2,1.5422222222222224,4.631578947368421,542,1,
ltm_13,LTM,15,0.3022222222222222,0.13333333333333333,1.6755555555555557,2.625,6578,1,1
ltm_laura_13,LTM_Laura,15,0.1111111111111111,0.26666666666666666,1.2444444444444445,4.849206349206349,1,1,3
atn_13,ATN,15,0.12444444444444444,0.26666666666666666,1.2444444444444442,5.691428571428571,0,1,3
adbm_13,ADBM,15,0.22666666666666666,0.2,1.3111111111111111,5.715447154471545,0,1,2
niche_13,Niche,15,0.28444444444444444,0.13333333333333333,1.4622222222222223,3.68,0,0,
cascade_13,Cascade,15,0.22666666666666666,0.13333333333333333,1.4088888888888886,4.535564853556485,0,0,
random_13,Random,15,0.24,0.0,1.5199999999999998,NaN,2890,0,
maxent_13,MaxEnt,15,0.1688888888888889,0.4666666666666667,1.2311111111111113,2.861111111111111,10,1,
ltm_14,LTM,15,0.28444444444444444,0.0,1.6400000000000003,NaN,1754,0,0
ltm_laura_14,LTM_Laura,15,0.12,0.06666666666666667,1.1866666666666668,2.8333333333333335,3,0,1
atn_14,ATN,15,0.15555555555555556,0.13333333333333333,1.2577777777777779,4.7375,0,0,2
adbm_14,ADBM,15,0.1288888888888889,0.4,1.2,2.8055555555555554,0,3,5
niche_14,Niche,15,0.2577777777777778,0.13333333333333333,1.48,3.934010152284264,0,0,
cascade_14,Cascade,15,0.22666666666666666,0.13333333333333333,1.48,4.838383838383838,0,0,
random_14,Random,15,0.24888888888888888,0.0,1.551111111111111,NaN,5299,0,
maxent_14,MaxEnt,15,0.1288888888888889,0.26666666666666666,1.2355555555555555,4.685714285714286,2,0,
ltm_15,LTM,15,0.2222222222222222,0.06666666666666667,1.5333333333333334,0.0,683,1,0
ltm_laura_15,LTM_Laura,15,0.09777777777777778,0.2,1.2355555555555555,3.230769230769231,3,2,2
atn_15,ATN,15,0.11555555555555555,0.2,1.2533333333333334,4.55,0,2,2
adbm_15,ADBM,15,0.26222222222222225,0.2,1.5777777777777777,4.4801762114537445,0,2,2
niche_15,Niche,15,0.22666666666666666,0.13333333333333333,1.3688888888888888,2.988095238095238,0,0,
cascade_15,Cascade,15,0.27555555555555555,0.2,1.5733333333333333,4.873589164785553,0,0,
random_15,Random,15,0.27111111111111114,0.06666666666666667,1.2711111111111109,NaN,16724,0,
maxent_15,MaxEnt,15,0.15555555555555556,0.26666666666666666,1.3155555555555556,4.149253731343284,6,0,
ltm_16,LTM,15,0.3333333333333333,0.0,1.6311111111111107,NaN,489,0,0
ltm_laura_16,LTM_Laura,15,0.13777777777777778,0.2,1.1377777777777776,0.5,9,1,2
atn_16,ATN,15,0.13333333333333333,0.06666666666666667,1.2266666666666668,4.9603174603174605,0,0,1
adbm_16,ADBM,15,0.26666666666666666,0.06666666666666667,1.6266666666666665,4.676470588235294,0,0,1
niche_16,Niche,15,0.1288888888888889,0.4666666666666667,1.2266666666666666,2.210526315789474,0,1,
cascade_16,Cascade,15,0.1111111111111111,0.26666666666666666,1.1555555555555554,2.5789473684210527,0,0,
random_16,Random,15,0.11555555555555555,0.13333333333333333,1.2044444444444442,1.8,4,0,
maxent_16,MaxEnt,15,0.08,0.4666666666666667,1.1066666666666665,3.409090909090909,4,3,
ltm_17,LTM,15,0.3333333333333333,0.0,1.8311111111111107,NaN,19886,0,0
ltm_laura_17,LTM_Laura,15,0.2088888888888889,0.06666666666666667,1.4977777777777779,5.482758620689655,10,0,1
atn_17,ATN,15,0.16,0.06666666666666667,1.4044444444444442,6.145985401459854,0,0,1
adbm_17,ADBM,15,0.2222222222222222,0.13333333333333333,1.4799999999999998,5.571428571428571,0,1,1
niche_17,Niche,15,0.17777777777777778,0.4,1.2933333333333332,2.676056338028169,0,0,
cascade_17,Cascade,15,0.17333333333333334,0.13333333333333333,1.271111111111111,3.106382978723404,0,0,
random_17,Random,15,0.16444444444444445,0.0,1.2399999999999995,NaN,38,0,
maxent_17,MaxEnt,15,0.10222222222222223,0.13333333333333333,1.2177777777777776,0.0,3,2,
ltm_18,LTM,15,0.3288888888888889,0.06666666666666667,1.7155555555555557,4.287671232876712,1935,0,1
ltm_laura_18,LTM_Laura,15,0.16444444444444445,0.13333333333333333,1.311111111111111,2.735294117647059,11,0,2
atn_18,ATN,15,0.1511111111111111,0.13333333333333333,1.2755555555555556,3.293103448275862,0,1,1
adbm_18,ADBM,15,0.12,0.26666666666666666,1.2444444444444442,2.7142857142857144,0,1,3
niche_18,Niche,15,0.2088888888888889,0.26666666666666666,1.28,3.378787878787879,0,0,
cascade_18,Cascade,15,0.2,0.13333333333333333,1.3599999999999999,4.458015267175573,0,0,
random_18,Random,15,0.19555555555555557,0.06666666666666667,1.422222222222222,1.0,513,0,
maxent_18,MaxEnt,15,0.08,0.4,1.1155555555555556,1.8235294117647058,0,2,
ltm_19,LTM,15,0.3288888888888889,0.0,1.8133333333333332,NaN,13677,0,0
ltm_laura_19,LTM_Laura,15,0.17777777777777778,0.26666666666666666,1.1955555555555553,2.0,27,1,3
atn_19,ATN,15,0.17333333333333334,0.06666666666666667,1.3333333333333333,5.64367816091954,0,0,1
adbm_19,ADBM,15,0.1111111111111111,0.3333333333333333,1.1688888888888889,3.28,0,0,5
niche_19,Niche,15,0.16,0.2,1.3422222222222222,4.518134715025907,0,1,
cascade_19,Cascade,15,0.24,0.2,1.4177777777777778,3.7729468599033815,0,0,
random_19,Random,15,0.2311111111111111,0.06666666666666667,1.231111111111111,NaN,1845,0,
maxent_19,MaxEnt,15,0.1511111111111111,0.26666666666666666,1.208888888888889,3.652173913043478,7,0,
ltm_20,LTM,15,0.22666666666666666,0.0,1.5244444444444445,NaN,65,0,0
ltm_laura_20,LTM_Laura,15,0.09333333333333334,0.13333333333333333,1.1688888888888889,3.0,3,1,1
atn_20,ATN,15,0.08888888888888889,0.2,1.1644444444444444,3.6666666666666665,0,1,3
adbm_20,ADBM,15,0.16,0.2,1.3022222222222222,3.3,0,1,3
niche_20,Niche,15,0.21333333333333335,0.3333333333333333,1.3288888888888886,3.070588235294118,0,2,
cascade_20,Cascade,15,0.23555555555555555,0.13333333333333333,1.3688888888888888,5.051724137931035,0,0,
random_20,Random,15,0.2311111111111111,0.0,1.231111111111111,NaN,1766,0,
maxent_20,MaxEnt,15,0.15555555555555556,0.2,1.2844444444444443,3.983050847457627,17,1,
ltm_21,LTM,15,0.3022222222222222,0.0,1.6044444444444443,NaN,808,0,0
ltm_laura_21,LTM_Laura,15,0.08444444444444445,0.26666666666666666,1.111111111111111,1.9411764705882353,0,0,4
atn_21,ATN,15,0.10666666666666667,0.2,1.2,5.03030303030303,0,1,2
adbm_21,ADBM,15,0.16,0.3333333333333333,1.3288888888888886,3.830188679245283,0,2,4
niche_21,Niche,15,0.26666666666666666,0.13333333333333333,1.4044444444444442,2.658536585365854,0,0,
cascade_21,Cascade,15,0.18666666666666668,0.2,1.417777777777778,4.15748031496063,0,0,
random_21,Random,15,0.21777777777777776,0.0,1.2177777777777776,NaN,1339,0,
maxent_21,MaxEnt,15,0.1288888888888889,0.26666666666666666,1.4577777777777778,4.2272727272727275,13,0,
ltm_22,LTM,15,0.26666666666666666,0.06666666666666667,1.431111111111111,3.9444444444444446,30,0,1
ltm_laura_22,LTM_Laura,15,0.08888888888888889,0.26666666666666666,1.1733333333333331,3.12,0,2,3
atn_22,ATN,15,0.11555555555555555,0.13333333333333333,1.1777777777777776,3.8292682926829267,0,0,2
adbm_22,ADBM,15,0.18222222222222223,0.13333333333333333,1.3022222222222222,3.6538461538461537,0,0,2
niche_22,Niche,15,0.30666666666666664,0.06666666666666667,1.5377777777777772,4.75,0,0,
cascade_22,Cascade,15,0.3422222222222222,0.06666666666666667,1.662222222222222,7.030204962243797,0,0,
random_22,Random,15,0.29777777777777775,0.0,1.2977777777777775,NaN,66318,0,
maxent_22,MaxEnt,15,0.20444444444444446,0.06666666666666667,1.4888888888888887,3.871794871794872,37,0,
ltm_23,LTM,15,0.3022222222222222,0.06666666666666667,1.6622222222222225,4.340909090909091,9140,0,1
ltm_laura_23,LTM_Laura,15,0.13777777777777778,0.13333333333333333,1.2133333333333334,4.25,1,0,2
atn_23,ATN,15,0.13333333333333333,0.26666666666666666,1.2444444444444442,4.685185185185185,0,0,4
adbm_23,ADBM,15,0.2577777777777778,0.2,1.3199999999999998,5.815068493150685,0,0,3
niche_23,Niche,15,0.31555555555555553,0.13333333333333333,1.5688888888888888,4.476323119777159,0,0,
cascade_23,Cascade,15,0.29333333333333333,0.13333333333333333,1.6088888888888886,6.078186082877248,0,0,
random_23,Random,15,0.28888888888888886,0.0,1.2888888888888885,NaN,34957,0,
maxent_23,MaxEnt,15,0.1511111111111111,0.13333333333333333,1.2533333333333332,3.92,3,1,
ltm_24,LTM,15,0.25333333333333335,0.0,1.4888888888888887,NaN,37,0,0
ltm_laura_24,LTM_Laura,15,0.07555555555555556,0.3333333333333333,1.1066666666666667,1.4444444444444444,1,1,4
atn_24,ATN,15,0.07111111111111111,0.4,1.1155555555555554,2.263157894736842,0,2,5
adbm_24,ADBM,15,0.18666666666666668,0.26666666666666666,1.3377777777777777,2.8,0,2,3
niche_24,Niche,15,0.20444444444444446,0.2,1.3733333333333333,3.6134453781512605,0,1,
cascade_24,Cascade,15,0.2577777777777778,0.13333333333333333,1.5199999999999998,5.361556064073227,0,0,
random_24,Random,15,0.23555555555555555,0.0,1.2355555555555553,NaN,5629,0,
maxent_24,MaxEnt,15,0.1288888888888889,0.26666666666666666,1.1955555555555553,3.2058823529411766,2,0,
ltm_25,LTM,15,0.29777777777777775,0.0,1.7022222222222225,NaN,1098,0,0
ltm_laura_25,LTM_Laura,15,0.13777777777777778,0.0,1.2622222222222221,NaN,2,0,0
atn_25,ATN,15,0.12,0.2,1.2222222222222219,5.333333333333333,0,0,3
adbm_25,ADBM,15,0.24,0.2,1.3866666666666667,3.5073529411764706,0,1,3
niche_25,Niche,15,0.1688888888888889,0.13333333333333333,1.3333333333333333,4.972696245733788,0,0,
cascade_25,Cascade,15,0.10666666666666667,0.2,1.1777777777777776,3.193548387096774,0,0,
random_25,Random,15,0.13777777777777778,0.13333333333333333,1.28,5.0,111,0,
maxent_25,MaxEnt,15,0.08,0.4,1.1288888888888888,2.380952380952381,1,3,
ltm_26,LTM,15,0.24888888888888888,0.0,1.5200000000000002,NaN,382,0,0
ltm_laura_26,LTM_Laura,15,0.10666666666666667,0.13333333333333333,1.1733333333333331,3.772727272727273,0,0,2
atn_26,ATN,15,0.1288888888888889,0.26666666666666666,1.2577777777777779,4.2988505747126435,0,3,3
adbm_26,ADBM,15,0.21777777777777776,0.2,1.3688888888888888,4.184210526315789,0,1,2
niche_26,Niche,15,0.2577777777777778,0.26666666666666666,1.5022222222222221,4.108108108108108,0,0,
cascade_26,Cascade,15,0.24,0.06666666666666667,1.3466666666666665,6.204545454545454,0,0,
random_26,Random,15,0.23555555555555555,0.0,1.2355555555555555,NaN,3926,0,
maxent_26,MaxEnt,15,0.09777777777777778,0.3333333333333333,1.1688888888888889,2.1904761904761907,1,2,
ltm_27,LTM,15,0.3466666666666667,0.0,1.8222222222222224,NaN,4030,0,0
ltm_laura_27,LTM_Laura,15,0.14666666666666667,0.06666666666666667,1.3111111111111111,3.6315789473684212,4,0,1
atn_27,ATN,15,0.1688888888888889,0.06666666666666667,1.3066666666666669,4.5,0,0,1
adbm_27,ADBM,15,0.14222222222222222,0.2,1.3022222222222222,3.5294117647058822,0,1,3
niche_27,Niche,15,0.07555555555555556,0.4666666666666667,1.111111111111111,1.65,0,3,
cascade_27,Cascade,15,0.12,0.2,1.2577777777777777,2.925925925925926,0,0,
random_27,Random,15,0.11555555555555555,0.2,1.1999999999999997,3.4782608695652173,2,0,
maxent_27,MaxEnt,15,0.12,0.4666666666666667,1.2266666666666666,2.032258064516129,3,2,
ltm_28,LTM,15,0.28888888888888886,0.06666666666666667,1.5911111111111111,3.892857142857143,1153,0,1
ltm_laura_28,LTM_Laura,15,0.12444444444444444,0.2,1.1733333333333333,3.911111111111111,0,1,3
atn_28,ATN,15,0.10666666666666667,0.2,1.1511111111111108,4.8936170212765955,0,1,2
adbm_28,ADBM,15,0.21777777777777776,0.13333333333333333,1.2755555555555553,4.726315789473684,0,1,1
niche_28,Niche,15,0.08,0.26666666666666666,1.1288888888888886,1.6153846153846154,0,1,
cascade_28,Cascade,15,0.1511111111111111,0.2,1.2888888888888888,4.362068965517241,0,0,
random_28,Random,15,0.1288888888888889,0.2,1.2,4.133333333333334,1,0,
maxent_28,MaxEnt,15,0.10222222222222223,0.2,1.1199999999999999,1.0,5,2,
ltm_29,LTM,15,0.24888888888888888,0.0,1.5199999999999998,NaN,50,0,0
ltm_laura_29,LTM_Laura,15,0.08888888888888889,0.26666666666666666,1.1111111111111112,1.8333333333333333,0,0,4
atn_29,ATN,15,0.10222222222222223,0.26666666666666666,1.1733333333333333,2.5185185185185186,0,1,3
adbm_29,ADBM,15,0.17333333333333334,0.26666666666666666,1.1955555555555553,4.482758620689655,0,2,2
niche_29,Niche,15,0.23555555555555555,0.26666666666666666,1.3555555555555554,2.7981651376146788,0,1,
cascade_29,Cascade,15,0.18222222222222223,0.2,1.4622222222222219,4.041666666666667,0,0,
random_29,Random,15,0.19555555555555557,0.06666666666666667,1.3022222222222222,4.75,194,0,
maxent_29,MaxEnt,15,0.15555555555555556,0.06666666666666667,1.3199999999999998,2.1666666666666665,49,0,
ltm_30,LTM,15,0.3333333333333333,0.0,1.76,NaN,1792,0,0
ltm_laura_30,LTM_Laura,15,0.15555555555555556,0.2,1.2933333333333334,5.0,8,1,3
atn_30,ATN,15,0.14666666666666667,0.06666666666666667,1.2266666666666666,5.288461538461538,0,0,1
adbm_30,ADBM,15,0.19111111111111112,0.06666666666666667,1.208888888888889,4.222222222222222,0,0,1
niche_30,Niche,15,0.05333333333333334,0.5333333333333333,1.0666666666666667,1.2857142857142858,0,3,
cascade_30,Cascade,15,0.05333333333333334,0.5333333333333333,1.0577777777777775,0.9230769230769231,0,2,
random_30,Random,15,0.057777777777777775,0.4,1.1155555555555556,1.2222222222222223,2,4,
maxent_30,MaxEnt,15,0.035555555555555556,0.6666666666666666,1.0488888888888888,1.0,0,6,
ltm_31,LTM,15,0.2577777777777778,0.06666666666666667,1.6488888888888893,5.474074074074074,72,0,1
ltm_laura_31,LTM_Laura,15,0.06222222222222222,0.3333333333333333,1.0933333333333333,1.9090909090909092,0,1,5
atn_31,ATN,15,0.12444444444444444,0.13333333333333333,1.231111111111111,4.560975609756097,0,0,2
adbm_31,ADBM,15,0.24888888888888888,0.2,1.4044444444444446,3.782608695652174,0,0,3
niche_31,Niche,15,0.17333333333333334,0.3333333333333333,1.2933333333333332,3.6792452830188678,0,3,
cascade_31,Cascade,15,0.17333333333333334,0.06666666666666667,1.262222222222222,4.975,0,0,
random_31,Random,15,0.18666666666666668,0.06666666666666667,1.1866666666666665,NaN,382,0,
maxent_31,MaxEnt,15,0.12444444444444444,0.26666666666666666,1.2222222222222223,3.409090909090909,4,1,
ltm_32,LTM,15,0.3111111111111111,0.13333333333333333,1.6533333333333335,4.178571428571429,5645,1,1
ltm_laura_32,LTM_Laura,15,0.12444444444444444,0.13333333333333333,1.2,5.1875,4,1,2
atn_32,ATN,15,0.17777777777777778,0.13333333333333333,1.2177777777777776,5.166666666666667,0,1,1
adbm_32,ADBM,15,0.25333333333333335,0.13333333333333333,1.462222222222222,5.189655172413793,0,1,1
niche_32,Niche,15,0.1511111111111111,0.2,1.2444444444444442,3.0285714285714285,0,0,
cascade_32,Cascade,15,0.13333333333333333,0.26666666666666666,1.2044444444444442,2.7037037037037037,0,0,
random_32,Random,15,0.13333333333333333,0.06666666666666667,1.133333333333333,NaN,7,0,
maxent_32,MaxEnt,15,0.07111111111111111,0.5333333333333333,1.0933333333333333,1.25,0,3,
ltm_33,LTM,15,0.3377777777777778,0.0,1.6133333333333335,NaN,6921,0,0
ltm_laura_33,LTM_Laura,15,0.1688888888888889,0.2,1.2888888888888888,3.238095238095238,36,1,3
atn_33,ATN,15,0.16444444444444445,0.2,1.2666666666666666,4.622317596566524,0,1,3
adbm_33,ADBM,15,0.3333333333333333,0.13333333333333333,1.6399999999999997,5.022160664819944,0,0,2
niche_33,Niche,15,0.05333333333333334,0.4666666666666667,1.084444444444444,2.4,0,4,
cascade_33,Cascade,15,0.10222222222222223,0.26666666666666666,1.1866666666666668,3.3333333333333335,0,0,
random_33,Random,15,0.08,0.2,1.1644444444444444,3.7777777777777777,3,1,
maxent_33,MaxEnt,15,0.06666666666666667,0.5333333333333333,1.0844444444444443,1.4,0,3,
ltm_34,LTM,15,0.3022222222222222,0.06666666666666667,1.7422222222222221,3.0,6270,0,1
ltm_laura_34,LTM_Laura,15,0.16444444444444445,0.06666666666666667,1.2844444444444443,0.0,5,1,1
atn_34,ATN,15,0.14666666666666667,0.06666666666666667,1.32,5.523255813953488,0,0,1
adbm_34,ADBM,15,0.16,0.2,1.4266666666666663,5.109090909090909,0,1,3
niche_34,Niche,15,0.24,0.2,1.4177777777777778,3.270718232044199,0,0,
cascade_34,Cascade,15,0.24,0.13333333333333333,1.462222222222222,4.286458333333333,0,0,
random_34,Random,15,0.22666666666666666,0.06666666666666667,1.2266666666666666,NaN,842,0,
maxent_34,MaxEnt,15,0.18666666666666668,0.06666666666666667,1.533333333333333,4.0,128,0,
ltm_35,LTM,15,0.3022222222222222,0.0,1.7955555555555553,NaN,4544,0,0
ltm_laura_35,LTM_Laura,15,0.12,0.13333333333333333,1.1866666666666665,3.8,5,0,2
atn_35,ATN,15,0.12444444444444444,0.2,1.1466666666666663,5.320754716981132,0,0,3
adbm_35,ADBM,15,0.2088888888888889,0.13333333333333333,1.337777777777778,5.4186046511627906,0,0,2
niche_35,Niche,15,0.21333333333333335,0.26666666666666666,1.408888888888889,3.232394366197183,0,0,
cascade_35,Cascade,15,0.2222222222222222,0.06666666666666667,1.4444444444444442,6.8161764705882355,0,0,
random_35,Random,15,0.24444444444444444,0.0,1.2444444444444442,NaN,3948,0,
maxent_35,MaxEnt,15,0.16444444444444445,0.26666666666666666,1.1644444444444446,0.0,110,1,
ltm_36,LTM,15,0.28888888888888886,0.0,1.6222222222222225,NaN,342,0,0
ltm_laura_36,LTM_Laura,15,0.13777777777777778,0.13333333333333333,1.1866666666666665,0.0,4,1,1
atn_36,ATN,15,0.14666666666666667,0.3333333333333333,1.2266666666666668,2.4782608695652173,0,2,4
adbm_36,ADBM,15,0.15555555555555556,0.26666666666666666,1.2755555555555556,3.2564102564102564,0,3,3
niche_36,Niche,15,0.25333333333333335,0.13333333333333333,1.422222222222222,3.7039106145251397,0,0,
cascade_36,Cascade,15,0.28,0.06666666666666667,1.4977777777777774,5.208955223880597,0,0,
random_36,Random,15,0.28888888888888886,0.0,1.2888888888888885,NaN,40477,0,
maxent_36,MaxEnt,15,0.20444444444444446,0.06666666666666667,1.4,4.705882352941177,60,0,
ltm_37,LTM,15,0.3466666666666667,0.0,1.8755555555555554,NaN,7959,0,0
ltm_laura_37,LTM_Laura,15,0.16444444444444445,0.06666666666666667,1.328888888888889,4.833333333333333,6,0,1
atn_37,ATN,15,0.13777777777777778,0.13333333333333333,1.2711111111111113,3.5161290322580645,0,0,2
adbm_37,ADBM,15,0.08,0.4666666666666667,1.1422222222222222,2.1333333333333333,0,1,7
niche_37,Niche,15,0.1111111111111111,0.5333333333333333,1.1333333333333333,1.4666666666666666,0,1,
cascade_37,Cascade,15,0.18222222222222223,0.13333333333333333,1.311111111111111,4.021739130434782,0,0,
random_37,Random,15,0.14666666666666667,0.13333333333333333,1.3377777777777777,4.4324324324324325,14,0,
maxent_37,MaxEnt,15,0.13777777777777778,0.2,1.2577777777777777,2.909090909090909,26,2,
ltm_38,LTM,15,0.21777777777777776,0.06666666666666667,1.297777777777778,6.772151898734177,196,0,1
ltm_laura_38,LTM_Laura,15,0.1111111111111111,0.13333333333333333,1.1777777777777778,3.5357142857142856,1,0,2
atn_38,ATN,15,0.09333333333333334,0.3333333333333333,1.1733333333333333,2.1904761904761907,0,1,4
adbm_38,ADBM,15,0.15555555555555556,0.3333333333333333,1.2533333333333332,3.0425531914893615,0,0,5
niche_38,Niche,15,0.06222222222222222,0.3333333333333333,1.0800000000000003,1.3076923076923077,0,3,
cascade_38,Cascade,15,0.13333333333333333,0.2,1.2177777777777778,2.3225806451612905,0,0,
random_38,Random,15,0.1511111111111111,0.2,1.3777777777777775,5.678571428571429,28,0,
maxent_38,MaxEnt,15,0.11555555555555555,0.26666666666666666,1.1733333333333331,3.923076923076923,2,0,
ltm_39,LTM,15,0.28,0.0,1.5555555555555556,NaN,1051,0,0
ltm_laura_39,LTM_Laura,15,0.09777777777777778,0.26666666666666666,1.1155555555555554,5.0,6,2,2
atn_39,ATN,15,0.09333333333333334,0.2,1.1600000000000001,4.321428571428571,0,1,2
adbm_39,ADBM,15,0.1288888888888889,0.26666666666666666,1.1866666666666668,3.5757575757575757,0,1,3
niche_39,Niche,15,0.22666666666666666,0.13333333333333333,1.4044444444444444,3.663716814159292,0,1,
cascade_39,Cascade,15,0.24,0.13333333333333333,1.448888888888889,4.487562189054726,0,0,
random_39,Random,15,0.23555555555555555,0.0,1.2355555555555549,NaN,5553,0,
maxent_39,MaxEnt,15,0.1511111111111111,0.2,1.2933333333333334,0.0,18,3,
ltm_40,LTM,15,0.27555555555555555,0.0,1.6355555555555557,NaN,112,0,0
ltm_laura_40,LTM_Laura,15,0.13333333333333333,0.13333333333333333,1.2399999999999998,3.869565217391304,6,0,2
atn_40,ATN,15,0.12444444444444444,0.13333333333333333,1.2,5.666666666666667,0,0,2
adbm_40,ADBM,15,0.18666666666666668,0.2,1.3244444444444443,3.2982456140350878,0,1,3
niche_40,Niche,15,0.09333333333333334,0.26666666666666666,1.1155555555555554,1.7222222222222223,0,1,
cascade_40,Cascade,15,0.11555555555555555,0.3333333333333333,1.1999999999999997,2.5294117647058822,0,0,
random_40,Random,15,0.12,0.13333333333333333,1.2933333333333334,2.0,3,1,
maxent_40,MaxEnt,15,0.1111111111111111,0.26666666666666666,1.1955555555555555,3.65,4,1,
ltm_41,LTM,15,0.28,0.0,1.671111111111111,NaN,1844,0,0
ltm_laura_41,LTM_Laura,15,0.1111111111111111,0.26666666666666666,1.1866666666666665,2.875,2,1,3
atn_41,ATN,15,0.10222222222222223,0.13333333333333333,1.1733333333333331,4.454545454545454,0,0,2
adbm_41,ADBM,15,0.16,0.13333333333333333,1.3288888888888883,3.3658536585365852,0,0,2
niche_41,Niche,15,0.23555555555555555,0.13333333333333333,1.3555555555555556,3.090909090909091,0,0,
cascade_41,Cascade,15,0.28444444444444444,0.06666666666666667,1.6177777777777778,6.313278008298755,0,0,
random_41,Random,15,0.28,0.0,1.2799999999999998,NaN,26473,0,
maxent_41,MaxEnt,15,0.22666666666666666,0.13333333333333333,1.4888888888888892,5.189655172413793,28,0,
ltm_42,LTM,15,0.3022222222222222,0.06666666666666667,1.582222222222222,0.0,1416,1,0
ltm_laura_42,LTM_Laura,15,0.12444444444444444,0.06666666666666667,1.1866666666666668,4.975,2,0,1
atn_42,ATN,15,0.1288888888888889,0.26666666666666666,1.2533333333333332,5.345132743362832,0,1,3
adbm_42,ADBM,15,0.18666666666666668,0.4,1.1911111111111112,5.1891891891891895,0,3,3
niche_42,Niche,15,0.23555555555555555,0.2,1.3511111111111112,3.4709302325581395,0,1,
cascade_42,Cascade,15,0.29777777777777775,0.13333333333333333,1.4177777777777776,5.308333333333334,0,0,
random_42,Random,15,0.2577777777777778,0.0,1.2577777777777777,NaN,12016,0,
maxent_42,MaxEnt,15,0.15555555555555556,0.2,1.2666666666666666,2.5,7,1,
ltm_43,LTM,15,0.28444444444444444,0.0,1.6711111111111108,NaN,1124,0,0
ltm_laura_43,LTM_Laura,15,0.09333333333333334,0.26666666666666666,1.16,1.8333333333333333,2,0,4
atn_43,ATN,15,0.1288888888888889,0.2,1.2133333333333334,2.6875,0,0,3
adbm_43,ADBM,15,0.22666666666666666,0.2,1.3955555555555557,4.112,0,1,3
niche_43,Niche,15,0.27555555555555555,0.06666666666666667,1.5333333333333334,4.362980769230769,0,0,
cascade_43,Cascade,15,0.23555555555555555,0.06666666666666667,1.4666666666666663,4.901840490797546,0,0,
random_43,Random,15,0.2311111111111111,0.0,1.2311111111111108,NaN,5774,0,
maxent_43,MaxEnt,15,0.14222222222222222,0.13333333333333333,1.262222222222222,1.25,7,1,
ltm_44,LTM,15,0.22666666666666666,0.0,1.608888888888889,NaN,49,0,0
ltm_laura_44,LTM_Laura,15,0.12,0.2,1.1911111111111112,0.6666666666666666,2,1,3
atn_44,ATN,15,0.14222222222222222,0.13333333333333333,1.3066666666666664,5.283333333333333,0,0,2
adbm_44,ADBM,15,0.22666666666666666,0.13333333333333333,1.6222222222222222,4.568965517241379,0,0,2
niche_44,Niche,15,0.2311111111111111,0.13333333333333333,1.4355555555555557,4.1875,0,1,
cascade_44,Cascade,15,0.26666666666666666,0.13333333333333333,1.4355555555555557,5.2518796992481205,0,0,
random_44,Random,15,0.2577777777777778,0.06666666666666667,1.2577777777777774,NaN,5590,0,
maxent_44,MaxEnt,15,0.17777777777777778,0.3333333333333333,1.2488888888888885,4.029411764705882,43,0,
ltm_45,LTM,15,0.2311111111111111,0.0,1.4222222222222223,NaN,36,0,0
ltm_laura_45,LTM_Laura,15,0.08888888888888889,0.26666666666666666,1.1466666666666667,2.4761904761904763,1,1,4
atn_45,ATN,15,0.1111111111111111,0.13333333333333333,1.1644444444444444,5.176470588235294,0,1,1
adbm_45,ADBM,15,0.16444444444444445,0.2,1.208888888888889,4.098039215686274,0,2,2
niche_45,Niche,15,0.017777777777777778,0.7333333333333333,1.0222222222222221,0.3333333333333333,0,9,
cascade_45,Cascade,15,0.07555555555555556,0.4666666666666667,1.1244444444444446,1.9545454545454546,0,3,
random_45,Random,15,0.057777777777777775,0.4,1.111111111111111,2.0,0,1,
maxent_45,MaxEnt,15,0.05333333333333334,0.5333333333333333,1.071111111111111,1.0,1,5,
ltm_46,LTM,15,0.28,0.0,1.5288888888888887,NaN,65,0,0
ltm_laura_46,LTM_Laura,15,0.10222222222222223,0.2,1.1911111111111112,3.8333333333333335,3,1,2
atn_46,ATN,15,0.1288888888888889,0.26666666666666666,1.2044444444444442,2.2962962962962963,0,0,4
adbm_46,ADBM,15,0.22666666666666666,0.06666666666666667,1.2977777777777777,4.214285714285714,0,0,1
niche_46,Niche,15,0.25333333333333335,0.2,1.5555555555555558,4.654088050314465,0,0,
cascade_46,Cascade,15,0.21777777777777776,0.13333333333333333,1.3955555555555557,4.1375,0,0,
random_46,Random,15,0.2222222222222222,0.13333333333333333,1.4400000000000002,2.9166666666666665,434,0,
maxent_46,MaxEnt,15,0.12444444444444444,0.26666666666666666,1.1733333333333331,4.25,16,0,
ltm_47,LTM,15,0.2,0.0,1.44,NaN,77,0,0
ltm_laura_47,LTM_Laura,15,0.1111111111111111,0.06666666666666667,1.2177777777777776,2.3333333333333335,4,0,1
atn_47,ATN,15,0.11555555555555555,0.26666666666666666,1.1733333333333331,2.9166666666666665,0,0,4
adbm_47,ADBM,15,0.16444444444444445,0.3333333333333333,1.2177777777777776,3.018867924528302,0,1,5
niche_47,Niche,15,0.17777777777777778,0.13333333333333333,1.3777777777777775,3.963636363636364,0,1,
cascade_47,Cascade,15,0.18666666666666668,0.26666666666666666,1.3466666666666667,3.3968253968253967,0,0,
random_47,Random,15,0.18666666666666668,0.06666666666666667,1.1866666666666665,NaN,442,0,
maxent_47,MaxEnt,15,0.11555555555555555,0.26666666666666666,1.1555555555555554,2.3125,1,1,
ltm_48,LTM,15,0.24888888888888888,0.0,1.6799999999999997,NaN,473,0,0
ltm_laura_48,LTM_Laura,15,0.1288888888888889,0.2,1.1822222222222223,2.1818181818181817,2,0,3
atn_48,ATN,15,0.09777777777777778,0.4,1.151111111111111,2.1333333333333333,0,2,6
adbm_48,ADBM,15,0.19555555555555557,0.3333333333333333,1.32,2.8,0,1,4
niche_48,Niche,15,0.14666666666666667,0.4,1.2577777777777777,2.595744680851064,0,1,
cascade_48,Cascade,15,0.19111111111111112,0.06666666666666667,1.3866666666666667,4.618421052631579,0,0,
random_48,Random,15,0.17333333333333334,0.06666666666666667,1.1955555555555553,NaN,64,0,
maxent_48,MaxEnt,15,0.07555555555555556,0.4,1.102222222222222,1.5,0,1,
ltm_49,LTM,15,0.27555555555555555,0.0,1.5022222222222221,NaN,153,0,0
ltm_laura_49,LTM_Laura,15,0.10222222222222223,0.2,1.1733333333333331,1.8,2,1,2
atn_49,ATN,15,0.09333333333333334,0.3333333333333333,1.16,3.558139534883721,0,2,3
adbm_49,ADBM,15,0.1511111111111111,0.13333333333333333,1.1866666666666668,4.371428571428571,0,0,2
niche_49,Niche,15,0.2088888888888889,0.4,1.3688888888888888,3.152046783625731,0,2,
cascade_49,Cascade,15,0.1511111111111111,0.2,1.2577777777777777,3.671875,0,0,
random_49,Random,15,0.14222222222222222,0.0,1.262222222222222,NaN,33,0,
maxent_49,MaxEnt,15,0.08888888888888889,0.5333333333333333,1.1199999999999999,1.5833333333333333,0,3,
ltm_50,LTM,15,0.3022222222222222,0.0,1.751111111111111,NaN,77,0,0
ltm_laura_50,LTM_Laura,15,0.14666666666666667,0.06666666666666667,1.2755555555555556,1.5,14,0,1
atn_50,ATN,15,0.13777777777777778,0.13333333333333333,1.2755555555555556,5.46,0,0,2
adbm_50,ADBM,15,0.2577777777777778,0.13333333333333333,1.4711111111111108,3.92,0,0,2
niche_50,Niche,15,0.18222222222222223,0.26666666666666666,1.293333333333333,3.073170731707317,0,1,
cascade_50,Cascade,15,0.22666666666666666,0.06666666666666667,1.4399999999999997,4.477611940298507,0,0,
random_50,Random,15,0.2311111111111111,0.0,1.2311111111111108,NaN,3821,0,
maxent_50,MaxEnt,15,0.2088888888888889,0.13333333333333333,1.4311111111111112,5.262376237623762,14,0,
ltm_51,LTM,15,0.25333333333333335,0.0,1.6622222222222223,NaN,926,0,0
ltm_laura_51,LTM_Laura,15,0.09333333333333334,0.2,1.2133333333333334,3.1363636363636362,0,1,3
atn_51,ATN,15,0.11555555555555555,0.13333333333333333,1.3066666666666664,4.160714285714286,0,0,2
adbm_51,ADBM,15,0.2088888888888889,0.2,1.48,3.3434343434343434,0,0,3
niche_51,Niche,15,0.30666666666666664,0.06666666666666667,1.5377777777777777,3.655844155844156,0,0,
cascade_51,Cascade,15,0.26666666666666666,0.13333333333333333,1.5199999999999998,5.234536082474227,0,0,
random_51,Random,15,0.26222222222222225,0.0,1.2622222222222217,NaN,17715,0,
maxent_51,MaxEnt,15,0.1688888888888889,0.2,1.2933333333333332,3.727272727272727,64,1,
ltm_52,LTM,15,0.3022222222222222,0.06666666666666667,1.635555555555556,5.118518518518519,1057,0,1
ltm_laura_52,LTM_Laura,15,0.1111111111111111,0.13333333333333333,1.2488888888888887,1.3333333333333333,2,1,2
atn_52,ATN,15,0.14666666666666667,0.13333333333333333,1.1822222222222223,5.3375,0,1,1
adbm_52,ADBM,15,0.1688888888888889,0.2,1.2977777777777777,3.5384615384615383,0,0,3
niche_52,Niche,15,0.27555555555555555,0.3333333333333333,1.5111111111111113,4.116504854368932,0,0,
cascade_52,Cascade,15,0.28888888888888886,0.06666666666666667,1.5644444444444443,4.888020833333333,0,0,
random_52,Random,15,0.28444444444444444,0.0,1.2844444444444443,NaN,39310,0,
maxent_52,MaxEnt,15,0.17333333333333334,0.26666666666666666,1.24,3.9130434782608696,1,0,
ltm_53,LTM,15,0.29333333333333333,0.0,1.5599999999999998,NaN,1044,0,0
ltm_laura_53,LTM_Laura,15,0.12444444444444444,0.26666666666666666,1.2844444444444443,3.1666666666666665,2,1,3
atn_53,ATN,15,0.14666666666666667,0.06666666666666667,1.3955555555555557,6.9397590361445785,0,0,1
adbm_53,ADBM,15,0.21777777777777776,0.06666666666666667,1.4622222222222219,6.043956043956044,0,0,1
niche_53,Niche,15,0.10666666666666667,0.3333333333333333,1.1377777777777778,1.75,0,1,
cascade_53,Cascade,15,0.08444444444444445,0.26666666666666666,1.1066666666666667,1.375,0,1,
random_53,Random,15,0.07555555555555556,0.3333333333333333,1.1244444444444441,1.8181818181818181,1,2,
maxent_53,MaxEnt,15,0.06222222222222222,0.4666666666666667,1.1422222222222222,2.090909090909091,1,2,
ltm_54,LTM,15,0.29777777777777775,0.0,1.8088888888888888,NaN,534,0,0
ltm_laura_54,LTM_Laura,15,0.12444444444444444,0.13333333333333333,1.1822222222222223,4.526315789473684,7,0,2
atn_54,ATN,15,0.1288888888888889,0.26666666666666666,1.208888888888889,2.48,0,0,4
adbm_54,ADBM,15,0.12,0.2,1.1733333333333331,4.05,0,0,3
niche_54,Niche,15,0.26222222222222225,0.06666666666666667,1.4755555555555555,3.7048192771084336,0,0,
cascade_54,Cascade,15,0.23555555555555555,0.13333333333333333,1.4177777777777778,4.712765957446808,0,0,
random_54,Random,15,0.24,0.0,1.2399999999999998,NaN,6515,0,
maxent_54,MaxEnt,15,0.18222222222222223,0.2,1.3644444444444443,5.261904761904762,10,1,
ltm_55,LTM,15,0.23555555555555555,0.0,1.4533333333333331,NaN,24,0,0
ltm_laura_55,LTM_Laura,15,0.08444444444444445,0.26666666666666666,1.16,3.090909090909091,1,1,4
atn_55,ATN,15,0.11555555555555555,0.13333333333333333,1.2133333333333334,4.176470588235294,0,0,2
adbm_55,ADBM,15,0.14222222222222222,0.26666666666666666,1.2488888888888887,3.0425531914893615,0,2,3
niche_55,Niche,15,0.08888888888888889,0.4,1.1244444444444441,1.3333333333333333,0,2,
cascade_55,Cascade,15,0.11555555555555555,0.3333333333333333,1.1999999999999997,2.3461538461538463,0,1,
random_55,Random,15,0.12444444444444444,0.13333333333333333,1.1244444444444441,NaN,13,0,
maxent_55,MaxEnt,15,0.10666666666666667,0.3333333333333333,1.1377777777777778,2.8260869565217392,2,1,
ltm_56,LTM,15,0.28888888888888886,0.06666666666666667,1.608888888888889,4.407407407407407,276,0,1
ltm_laura_56,LTM_Laura,15,0.10222222222222223,0.06666666666666667,1.2177777777777776,7.101694915254237,1,0,1
atn_56,ATN,15,0.09777777777777778,0.06666666666666667,1.1644444444444444,5.402985074626866,0,0,1
adbm_56,ADBM,15,0.1511111111111111,0.26666666666666666,1.2577777777777779,3.86,0,3,3
niche_56,Niche,15,0.2222222222222222,0.13333333333333333,1.4844444444444445,4.402654867256637,0,0,
cascade_56,Cascade,15,0.29333333333333333,0.13333333333333333,1.5955555555555554,5.225225225225225,0,0,
random_56,Random,15,0.28,0.06666666666666667,1.2799999999999998,NaN,14192,0,
maxent_56,MaxEnt,15,0.16,0.2,1.2488888888888887,3.814814814814815,5,0,
ltm_57,LTM,15,0.35555555555555557,0.0,1.8755555555555552,NaN,958,0,0
ltm_laura_57,LTM_Laura,15,0.12,0.13333333333333333,1.1377777777777778,2.3846153846153846,6,0,2
atn_57,ATN,15,0.1288888888888889,0.06666666666666667,1.2133333333333334,4.463917525773196,0,0,1
adbm_57,ADBM,15,0.16444444444444445,0.13333333333333333,1.3644444444444446,3.723404255319149,0,1,2
niche_57,Niche,15,0.05333333333333334,0.5333333333333333,1.0711111111111111,1.0769230769230769,0,3,
cascade_57,Cascade,15,0.07555555555555556,0.3333333333333333,1.102222222222222,1.6666666666666667,0,0,
random_57,Random,15,0.057777777777777775,0.4,1.0933333333333333,2.3636363636363638,0,2,
maxent_57,MaxEnt,15,0.057777777777777775,0.5333333333333333,1.0622222222222222,0.875,0,4,
ltm_58,LTM,15,0.3111111111111111,0.0,1.6622222222222227,NaN,11462,0,0
ltm_laura_58,LTM_Laura,15,0.13333333333333333,0.13333333333333333,1.1911111111111112,4.6,4,1,2
atn_58,ATN,15,0.12,0.13333333333333333,1.3066666666666664,4.0,0,0,2
adbm_58,ADBM,15,0.24888888888888888,0.06666666666666667,1.4444444444444444,4.37948717948718,0,0,1
niche_58,Niche,15,0.28444444444444444,0.2,1.4844444444444447,3.5205047318611986,0,0,
cascade_58,Cascade,15,0.26222222222222225,0.13333333333333333,1.5199999999999998,4.2844827586206895,0,0,
random_58,Random,15,0.29333333333333333,0.0,1.293333333333333,NaN,19079,0,
maxent_58,MaxEnt,15,0.21333333333333335,0.13333333333333333,1.368888888888889,5.5092592592592595,42,0,
ltm_59,LTM,15,0.2088888888888889,0.06666666666666667,1.4177777777777778,5.247706422018348,9,0,1
ltm_laura_59,LTM_Laura,15,0.09333333333333334,0.13333333333333333,1.142222222222222,2.0,3,0,2
atn_59,ATN,15,0.09777777777777778,0.13333333333333333,1.2355555555555557,4.384615384615385,0,0,2
adbm_59,ADBM,15,0.17777777777777778,0.2,1.5777777777777777,3.606060606060606,0,0,3
niche_59,Niche,15,0.07555555555555556,0.2,1.1377777777777778,2.3636363636363638,0,1,
cascade_59,Cascade,15,0.09777777777777778,0.26666666666666666,1.1555555555555554,2.5217391304347827,0,1,
random_59,Random,15,0.11555555555555555,0.13333333333333333,1.24,3.1875,2,0,
maxent_59,MaxEnt,15,0.08444444444444445,0.4,1.111111111111111,1.9285714285714286,1,1,
ltm_60,LTM,15,0.25333333333333335,0.06666666666666667,1.6933333333333336,5.0,148,0,1
ltm_laura_60,LTM_Laura,15,0.09333333333333334,0.13333333333333333,1.1555555555555557,0.0,2,2,1
atn_60,ATN,15,0.1111111111111111,0.13333333333333333,1.1555555555555554,5.064516129032258,0,1,1
adbm_60,ADBM,15,0.1111111111111111,0.2,1.1466666666666663,3.5714285714285716,0,2,1
niche_60,Niche,15,0.1111111111111111,0.3333333333333333,1.191111111111111,2.5416666666666665,0,0,
cascade_60,Cascade,15,0.1511111111111111,0.2,1.2399999999999995,2.6875,0,0,
random_60,Random,15,0.16444444444444445,0.06666666666666667,1.3599999999999999,5.5,53,0,
maxent_60,MaxEnt,15,0.08888888888888889,0.4,1.1377777777777778,2.0,0,2,
ltm_61,LTM,15,0.24,0.06666666666666667,1.5955555555555556,0.0,1706,1,0
ltm_laura_61,LTM_Laura,15,0.10222222222222223,0.26666666666666666,1.1244444444444441,3.7777777777777777,4,1,3
atn_61,ATN,15,0.11555555555555555,0.3333333333333333,1.1688888888888889,2.5789473684210527,0,2,3
adbm_61,ADBM,15,0.16444444444444445,0.26666666666666666,1.1777777777777776,4.679245283018868,0,2,2
niche_61,Niche,15,0.3377777777777778,0.13333333333333333,1.6933333333333331,5.693028095733611,0,0,
cascade_61,Cascade,15,0.3022222222222222,0.06666666666666667,1.5511111111111116,4.263803680981595,0,0,
random_61,Random,15,0.28888888888888886,0.0,1.2888888888888888,NaN,26472,0,
maxent_61,MaxEnt,15,0.16444444444444445,0.13333333333333333,1.3022222222222222,4.6,15,0,
ltm_62,LTM,15,0.28888888888888886,0.0,1.6355555555555557,NaN,132,0,0
ltm_laura_62,LTM_Laura,15,0.09777777777777778,0.4,1.168888888888889,2.7058823529411766,5,3,3
atn_62,ATN,15,0.09333333333333334,0.26666666666666666,1.168888888888889,3.3333333333333335,0,2,2
adbm_62,ADBM,15,0.10666666666666667,0.26666666666666666,1.2177777777777774,3.4210526315789473,0,2,2
niche_62,Niche,15,0.08444444444444445,0.5333333333333333,1.1466666666666667,1.8888888888888888,0,3,
cascade_62,Cascade,15,0.10666666666666667,0.26666666666666666,1.1644444444444442,2.2222222222222223,0,1,
random_62,Random,15,0.13777777777777778,0.13333333333333333,1.293333333333333,4.555555555555555,11,0,
maxent_62,MaxEnt,15,0.12444444444444444,0.3333333333333333,1.1377777777777776,3.9411764705882355,15,2,
ltm_63,LTM,15,0.28888888888888886,0.0,1.6933333333333331,NaN,1076,0,0
ltm_laura_63,LTM_Laura,15,0.14222222222222222,0.13333333333333333,1.2666666666666666,4.191919191919192,1,0,2
atn_63,ATN,15,0.1688888888888889,0.06666666666666667,1.311111111111111,4.9734513274336285,0,0,1
adbm_63,ADBM,15,0.10666666666666667,0.2,1.2533333333333332,3.3125,0,1,2
niche_63,Niche,15,0.24,0.06666666666666667,1.3733333333333335,3.0495049504950495,0,0,
cascade_63,Cascade,15,0.24888888888888888,0.13333333333333333,1.4222222222222223,4.709090909090909,0,0,
random_63,Random,15,0.23555555555555555,0.0,1.5155555555555555,NaN,4019,0,
maxent_63,MaxEnt,15,0.16444444444444445,0.2,1.3066666666666669,3.5652173913043477,29,0,
ltm_64,LTM,15,0.26666666666666666,0.0,1.6222222222222225,NaN,37,0,0
ltm_laura_64,LTM_Laura,15,0.11555555555555555,0.13333333333333333,1.2044444444444444,3.227272727272727,2,0,2
atn_64,ATN,15,0.12,0.2,1.1422222222222222,1.8518518518518519,0,1,3
adbm_64,ADBM,15,0.17777777777777778,0.13333333333333333,1.208888888888889,3.8867924528301887,0,1,2
niche_64,Niche,15,0.013333333333333334,0.8,1.0133333333333332,0.23076923076923078,0,10,
cascade_64,Cascade,15,0.07111111111111111,0.26666666666666666,1.0977777777777777,1.7692307692307692,0,0,
random_64,Random,15,0.04888888888888889,0.4666666666666667,1.0622222222222222,1.2222222222222223,0,2,
maxent_64,MaxEnt,15,0.04888888888888889,0.5333333333333333,1.0844444444444443,0.6666666666666666,1,6,
ltm_65,LTM,15,0.28,0.0,1.6977777777777776,NaN,2271,0,0
ltm_laura_65,LTM_Laura,15,0.1111111111111111,0.13333333333333333,1.1822222222222223,1.6666666666666667,7,0,2
atn_65,ATN,15,0.1288888888888889,0.26666666666666666,1.3066666666666662,4.269230769230769,0,0,4
adbm_65,ADBM,15,0.14666666666666667,0.3333333333333333,1.1955555555555553,4.3076923076923075,0,0,5
niche_65,Niche,15,0.1688888888888889,0.13333333333333333,1.3111111111111111,3.8461538461538463,0,0,
cascade_65,Cascade,15,0.20444444444444446,0.3333333333333333,1.3511111111111112,4.9298245614035086,0,0,
random_65,Random,15,0.19555555555555557,0.0,1.3022222222222222,NaN,601,0,
maxent_65,MaxEnt,15,0.19555555555555557,0.13333333333333333,1.3377777777777775,3.772727272727273,61,0,
ltm_66,LTM,15,0.3244444444444444,0.0,1.5733333333333335,NaN,12745,0,0
ltm_laura_66,LTM_Laura,15,0.11555555555555555,0.13333333333333333,1.1555555555555554,5.361111111111111,2,0,2
atn_66,ATN,15,0.14222222222222222,0.13333333333333333,1.2577777777777777,4.889655172413793,0,0,2
adbm_66,ADBM,15,0.24888888888888888,0.13333333333333333,1.3555555555555552,4.868263473053892,0,1,2
niche_66,Niche,15,0.25333333333333335,0.06666666666666667,1.5199999999999998,4.863787375415282,0,0,
cascade_66,Cascade,15,0.24,0.2,1.4177777777777778,4.396449704142012,0,0,
random_66,Random,15,0.25333333333333335,0.0,1.2533333333333332,NaN,5668,0,
maxent_66,MaxEnt,15,0.2088888888888889,0.13333333333333333,1.5466666666666666,3.759259259259259,181,0,
ltm_67,LTM,15,0.23555555555555555,0.0,1.4133333333333336,NaN,346,0,0
ltm_laura_67,LTM_Laura,15,0.1111111111111111,0.06666666666666667,1.2133333333333334,1.0,7,0,1
atn_67,ATN,15,0.11555555555555555,0.26666666666666666,1.1644444444444444,1.9583333333333333,0,1,3
adbm_67,ADBM,15,0.17777777777777778,0.26666666666666666,1.2355555555555553,4.2063492063492065,0,3,3
niche_67,Niche,15,0.21777777777777776,0.06666666666666667,1.3244444444444443,3.0,0,0,
cascade_67,Cascade,15,0.29333333333333333,0.13333333333333333,1.5466666666666664,5.691124260355029,0,0,
random_67,Random,15,0.2577777777777778,0.0,1.2577777777777777,NaN,21404,0,
maxent_67,MaxEnt,15,0.21777777777777776,0.13333333333333333,1.862222222222222,4.15,274,0,
ltm_68,LTM,15,0.26222222222222225,0.0,1.6177777777777778,NaN,506,0,0
ltm_laura_68,LTM_Laura,15,0.09333333333333334,0.3333333333333333,1.2488888888888887,3.5789473684210527,0,2,3
atn_68,ATN,15,0.08888888888888889,0.26666666666666666,1.2222222222222219,5.472222222222222,0,2,2
adbm_68,ADBM,15,0.13333333333333333,0.4,1.16,4.6,0,3,3
niche_68,Niche,15,0.1111111111111111,0.26666666666666666,1.16,2.1724137931034484,0,0,
cascade_68,Cascade,15,0.09333333333333334,0.2,1.1466666666666667,2.56,0,0,
random_68,Random,15,0.10222222222222223,0.26666666666666666,1.1955555555555553,3.823529411764706,3,0,
maxent_68,MaxEnt,15,0.08,0.4,1.12,2.4545454545454546,4,2,
ltm_69,LTM,15,0.3022222222222222,0.0,1.5022222222222223,NaN,2444,0,0
ltm_laura_69,LTM_Laura,15,0.12444444444444444,0.13333333333333333,1.1733333333333331,3.25,2,0,2
atn_69,ATN,15,0.14666666666666667,0.13333333333333333,1.2800000000000002,4.166666666666667,0,0,2
adbm_69,ADBM,15,0.2222222222222222,0.2,1.4488888888888887,3.6122448979591835,0,0,3
niche_69,Niche,15,0.3333333333333333,0.13333333333333333,1.6622222222222223,4.269607843137255,0,0,
cascade_69,Cascade,15,0.27111111111111114,0.06666666666666667,1.44,5.861538461538461,0,0,
random_69,Random,15,0.26666666666666666,0.0,1.2666666666666664,NaN,9491,0,
maxent_69,MaxEnt,15,0.14666666666666667,0.3333333333333333,1.3688888888888888,4.84375,12,0,
ltm_70,LTM,15,0.3466666666666667,0.0,1.88,NaN,12685,0,0
ltm_laura_70,LTM_Laura,15,0.1111111111111111,0.2,1.208888888888889,4.333333333333333,0,1,3
atn_70,ATN,15,0.13777777777777778,0.06666666666666667,1.302222222222222,5.565217391304348,0,0,1
adbm_70,ADBM,15,0.17777777777777778,0.2,1.3155555555555554,4.529411764705882,0,1,3
niche_70,Niche,15,0.2,0.3333333333333333,1.328888888888889,2.4714285714285715,0,1,
cascade_70,Cascade,15,0.24444444444444444,0.06666666666666667,1.4266666666666665,5.260188087774295,0,0,
random_70,Random,15,0.22666666666666666,0.06666666666666667,1.2266666666666666,NaN,1759,0,
maxent_70,MaxEnt,15,0.1511111111111111,0.26666666666666666,1.2933333333333332,3.2666666666666666,10,0,
ltm_71,LTM,15,0.27555555555555555,0.0,1.3199999999999998,NaN,5373,0,0
ltm_laura_71,LTM_Laura,15,0.12,0.13333333333333333,1.1644444444444444,2.9047619047619047,4,0,2
atn_71,ATN,15,0.1288888888888889,0.2,1.1733333333333331,2.675,0,0,3
adbm_71,ADBM,15,0.10222222222222223,0.4,1.1066666666666665,4.892857142857143,0,3,4
niche_71,Niche,15,0.19555555555555557,0.4,1.3688888888888893,4.083333333333333,0,1,
cascade_71,Cascade,15,0.2,0.13333333333333333,1.3199999999999998,4.535087719298246,0,0,
random_71,Random,15,0.21777777777777776,0.0,1.2177777777777776,NaN,1829,0,
maxent_71,MaxEnt,15,0.17777777777777778,0.2,1.431111111111111,4.28169014084507,5,0,
ltm_72,LTM,15,0.28444444444444444,0.0,1.711111111111111,NaN,962,0,0
ltm_laura_72,LTM_Laura,15,0.18222222222222223,0.06666666666666667,1.3733333333333333,0.0,3,1,0
atn_72,ATN,15,0.11555555555555555,0.2,1.2355555555555555,4.633540372670807,0,1,2
adbm_72,ADBM,15,0.12,0.4,1.2,2.5277777777777777,0,3,4
niche_72,Niche,15,0.035555555555555556,0.6666666666666666,1.0355555555555553,0.5714285714285714,0,6,
cascade_72,Cascade,15,0.08444444444444445,0.4,1.182222222222222,3.59375,0,0,
random_72,Random,15,0.07111111111111111,0.26666666666666666,1.0933333333333333,3.5833333333333335,0,1,
maxent_72,MaxEnt,15,0.06222222222222222,0.6,1.0666666666666664,0.625,1,4,
ltm_73,LTM,15,0.36,0.06666666666666667,1.7555555555555558,0.0,127604,1,0
ltm_laura_73,LTM_Laura,15,0.17333333333333334,0.06666666666666667,1.3066666666666669,5.2105263157894735,6,0,1
atn_73,ATN,15,0.18222222222222223,0.13333333333333333,1.3644444444444448,5.720670391061453,0,0,2
adbm_73,ADBM,15,0.22666666666666666,0.2,1.391111111111111,5.630872483221476,0,0,3
niche_73,Niche,15,0.16444444444444445,0.26666666666666666,1.3244444444444445,2.8823529411764706,0,1,
cascade_73,Cascade,15,0.18666666666666668,0.06666666666666667,1.3511111111111112,5.195652173913044,0,0,
random_73,Random,15,0.20444444444444446,0.0,1.4222222222222218,NaN,1008,0,
maxent_73,MaxEnt,15,0.10666666666666667,0.26666666666666666,1.1999999999999997,3.5319148936170213,1,1,
ltm_74,LTM,15,0.3022222222222222,0.06666666666666667,1.7111111111111115,0.0,1564,1,0
ltm_laura_74,LTM_Laura,15,0.14666666666666667,0.06666666666666667,1.2533333333333332,5.444444444444445,7,0,1
atn_74,ATN,15,0.10222222222222223,0.3333333333333333,1.1422222222222225,3.2051282051282053,0,2,3
adbm_74,ADBM,15,0.21333333333333335,0.13333333333333333,1.3377777777777775,4.103448275862069,0,0,2
niche_74,Niche,15,0.07111111111111111,0.3333333333333333,1.0888888888888888,1.6428571428571428,0,2,
cascade_74,Cascade,15,0.04,0.5333333333333333,1.0666666666666667,1.1111111111111112,0,3,
random_74,Random,15,0.05333333333333334,0.3333333333333333,1.0799999999999998,1.2222222222222223,1,2,
maxent_74,MaxEnt,15,0.04,0.6,1.0488888888888888,1.1666666666666667,0,5,
ltm_75,LTM,15,0.27555555555555555,0.0,1.631111111111111,NaN,1051,0,0
ltm_laura_75,LTM_Laura,15,0.09333333333333334,0.2,1.1777777777777776,3.2857142857142856,1,1,2
atn_75,ATN,15,0.10666666666666667,0.4,1.1777777777777776,3.66,0,2,5
adbm_75,ADBM,15,0.2311111111111111,0.3333333333333333,1.4355555555555555,3.624,0,2,4
niche_75,Niche,15,0.08444444444444445,0.26666666666666666,1.111111111111111,2.25,0,1,
cascade_75,Cascade,15,0.1288888888888889,0.2,1.2133333333333334,2.8636363636363638,0,0,
random_75,Random,15,0.09777777777777778,0.13333333333333333,1.1555555555555554,5.4,1,1,
maxent_75,MaxEnt,15,0.08,0.26666666666666666,1.1066666666666665,2.0,0,1,
ltm_76,LTM,15,0.2088888888888889,0.06666666666666667,1.4933333333333332,4.166666666666667,64,0,1
ltm_laura_76,LTM_Laura,15,0.12,0.2,1.2,4.395348837209302,0,1,2
atn_76,ATN,15,0.11555555555555555,0.06666666666666667,1.208888888888889,6.4035087719298245,0,0,1
adbm_76,ADBM,15,0.12,0.2,1.1244444444444446,4.782608695652174,0,1,2
niche_76,Niche,15,0.09777777777777778,0.4666666666666667,1.1377777777777776,1.5833333333333333,0,2,
cascade_76,Cascade,15,0.13333333333333333,0.3333333333333333,1.2355555555555555,2.9444444444444446,0,0,
random_76,Random,15,0.15555555555555556,0.06666666666666667,1.1555555555555552,NaN,75,0,
maxent_76,MaxEnt,15,0.11555555555555555,0.2,1.16,4.0,11,0,
ltm_77,LTM,15,0.2577777777777778,0.06666666666666667,1.6444444444444446,4.375,385,0,1
ltm_laura_77,LTM_Laura,15,0.11555555555555555,0.26666666666666666,1.1999999999999997,3.759259259259259,0,2,3
atn_77,ATN,15,0.14666666666666667,0.26666666666666666,1.271111111111111,3.3095238095238093,0,2,3
adbm_77,ADBM,15,0.27555555555555555,0.2,1.5466666666666666,3.678391959798995,0,1,3
niche_77,Niche,15,0.1288888888888889,0.4666666666666667,1.1733333333333331,1.9534883720930232,0,0,
cascade_77,Cascade,15,0.07555555555555556,0.4666666666666667,1.1288888888888886,1.7333333333333334,0,2,
random_77,Random,15,0.10666666666666667,0.06666666666666667,1.133333333333333,3.6,5,0,
maxent_77,MaxEnt,15,0.1111111111111111,0.4666666666666667,1.1822222222222223,2.9310344827586206,2,1,
ltm_78,LTM,15,0.28,0.06666666666666667,1.564444444444444,5.133956386292835,13,0,1
ltm_laura_78,LTM_Laura,15,0.10666666666666667,0.26666666666666666,1.1777777777777778,3.625,2,2,3
atn_78,ATN,15,0.13777777777777778,0.06666666666666667,1.2755555555555556,5.2631578947368425,0,0,1
adbm_78,ADBM,15,0.19111111111111112,0.13333333333333333,1.3911111111111112,4.284090909090909,0,0,2
niche_78,Niche,15,0.10222222222222223,0.4,1.1555555555555557,1.7692307692307692,0,1,
cascade_78,Cascade,15,0.16444444444444445,0.26666666666666666,1.3244444444444445,3.2794117647058822,0,1,
random_78,Random,15,0.18666666666666668,0.2,1.3644444444444441,4.818181818181818,143,0,
maxent_78,MaxEnt,15,0.1511111111111111,0.3333333333333333,1.2355555555555555,4.590163934426229,11,2,
ltm_79,LTM,15,0.25333333333333335,0.0,1.5111111111111108,NaN,588,0,0
ltm_laura_79,LTM_Laura,15,0.12,0.06666666666666667,1.2444444444444442,5.2727272727272725,2,0,1
atn_79,ATN,15,0.10222222222222223,0.2,1.1733333333333331,2.8285714285714287,0,0,3
adbm_79,ADBM,15,0.21333333333333335,0.13333333333333333,1.2977777777777777,4.842696629213483,0,1,2
niche_79,Niche,15,0.3111111111111111,0.26666666666666666,1.591111111111111,4.283482142857143,0,0,
cascade_79,Cascade,15,0.28888888888888886,0.13333333333333333,1.5288888888888892,5.63849765258216,0,0,
random_79,Random,15,0.27555555555555555,0.0,1.2755555555555553,NaN,18881,0,
maxent_79,MaxEnt,15,0.11555555555555555,0.26666666666666666,1.2,4.611111111111111,7,1,
ltm_80,LTM,15,0.28,0.0,1.666666666666667,NaN,720,0,0
ltm_laura_80,LTM_Laura,15,0.13333333333333333,0.13333333333333333,1.3377777777777777,4.591836734693878,2,0,2
atn_80,ATN,15,0.1288888888888889,0.13333333333333333,1.2888888888888888,4.523809523809524,0,0,2
adbm_80,ADBM,15,0.18222222222222223,0.13333333333333333,1.422222222222222,4.197368421052632,0,0,2
niche_80,Niche,15,0.24444444444444444,0.2,1.5066666666666666,3.6666666666666665,0,0,
cascade_80,Cascade,15,0.22666666666666666,0.2,1.5288888888888887,4.45945945945946,0,0,
random_80,Random,15,0.2,0.0,1.3866666666666667,NaN,538,0,
maxent_80,MaxEnt,15,0.1511111111111111,0.3333333333333333,1.2444444444444442,3.593220338983051,3,1,
ltm_81,LTM,15,0.24444444444444444,0.06666666666666667,1.4622222222222223,3.54,120,0,1
ltm_laura_81,LTM_Laura,15,0.08888888888888889,0.26666666666666666,1.1377777777777776,2.466666666666667,2,1,3
atn_81,ATN,15,0.11555555555555555,0.3333333333333333,1.1777777777777776,2.35,0,1,4
adbm_81,ADBM,15,0.1511111111111111,0.13333333333333333,1.222222222222222,2.625,0,0,2
niche_81,Niche,15,0.035555555555555556,0.6666666666666666,1.0399999999999998,0.5714285714285714,0,7,
cascade_81,Cascade,15,0.08444444444444445,0.4,1.1199999999999999,1.7777777777777777,0,2,
random_81,Random,15,0.06666666666666667,0.4,1.0888888888888888,1.5714285714285714,0,1,
maxent_81,MaxEnt,15,0.044444444444444446,0.6666666666666666,1.0622222222222222,1.25,0,4,
ltm_82,LTM,15,0.30666666666666664,0.0,1.6977777777777778,NaN,616,0,0
ltm_laura_82,LTM_Laura,15,0.1288888888888889,0.13333333333333333,1.2311111111111113,4.666666666666667,1,0,2
atn_82,ATN,15,0.16,0.06666666666666667,1.2711111111111109,5.695121951219512,0,0,1
adbm_82,ADBM,15,0.1288888888888889,0.26666666666666666,1.1466666666666667,4.28,0,0,4
niche_82,Niche,15,0.26222222222222225,0.2,1.311111111111111,4.546583850931677,0,0,
cascade_82,Cascade,15,0.21777777777777776,0.13333333333333333,1.382222222222222,4.934579439252336,0,0,
random_82,Random,15,0.26666666666666666,0.0,1.2666666666666664,NaN,21555,0,
maxent_82,MaxEnt,15,0.1511111111111111,0.3333333333333333,1.2666666666666666,3.5535714285714284,2,1,
ltm_83,LTM,15,0.3377777777777778,0.0,1.5822222222222222,NaN,64892,0,0
ltm_laura_83,LTM_Laura,15,0.18666666666666668,0.0,1.2399999999999998,NaN,16,0,0
atn_83,ATN,15,0.15555555555555556,0.26666666666666666,1.182222222222222,5.465454545454546,0,0,4
adbm_83,ADBM,15,0.23555555555555555,0.26666666666666666,1.2533333333333332,5.853503184713376,0,0,4
niche_83,Niche,15,0.1288888888888889,0.06666666666666667,1.2133333333333334,2.652173913043478,0,0,
cascade_83,Cascade,15,0.18222222222222223,0.26666666666666666,1.3422222222222222,4.009615384615385,0,0,
random_83,Random,15,0.18222222222222223,0.06666666666666667,1.2222222222222219,3.8,112,0,
maxent_83,MaxEnt,15,0.17333333333333334,0.26666666666666666,1.346666666666667,3.7777777777777777,64,2,
ltm_84,LTM,15,0.3333333333333333,0.06666666666666667,1.8177777777777775,6.002252252252252,674,0,1
ltm_laura_84,LTM_Laura,15,0.17333333333333334,0.06666666666666667,1.328888888888889,3.2222222222222223,2,0,1
atn_84,ATN,15,0.19555555555555557,0.06666666666666667,1.3822222222222222,5.313253012048193,0,0,1
adbm_84,ADBM,15,0.24444444444444444,0.06666666666666667,1.6088888888888888,5.0675675675675675,0,0,1
niche_84,Niche,15,0.16444444444444445,0.2,1.28,2.925925925925926,0,0,
cascade_84,Cascade,15,0.17777777777777778,0.13333333333333333,1.328888888888889,3.8823529411764706,0,0,
random_84,Random,15,0.1688888888888889,0.0,1.2888888888888888,NaN,67,0,
maxent_84,MaxEnt,15,0.18222222222222223,0.06666666666666667,1.1822222222222218,0.0,421,1,
ltm_85,LTM,15,0.26666666666666666,0.06666666666666667,1.528888888888889,4.52054794520548,7,0,1
ltm_laura_85,LTM_Laura,15,0.12,0.26666666666666666,1.1422222222222222,2.0,21,1,3
atn_85,ATN,15,0.07555555555555556,0.26666666666666666,1.102222222222222,4.722222222222222,0,2,2
adbm_85,ADBM,15,0.1111111111111111,0.3333333333333333,1.2044444444444444,4.666666666666667,0,3,4
niche_85,Niche,15,0.23555555555555555,0.2,1.3599999999999999,2.966386554621849,0,0,
cascade_85,Cascade,15,0.2311111111111111,0.26666666666666666,1.4088888888888889,3.636842105263158,0,0,
random_85,Random,15,0.23555555555555555,0.0,1.2355555555555553,NaN,3278,0,
maxent_85,MaxEnt,15,0.1688888888888889,0.13333333333333333,1.3244444444444443,4.055555555555555,58,0,
ltm_86,LTM,15,0.27111111111111114,0.0,1.5466666666666666,NaN,304,0,0
ltm_laura_86,LTM_Laura,15,0.14222222222222222,0.2,1.3244444444444445,1.5,4,2,3
atn_86,ATN,15,0.08888888888888889,0.3333333333333333,1.1688888888888884,4.216216216216216,0,1,4
adbm_86,ADBM,15,0.21777777777777776,0.2,1.4,3.1485148514851486,0,1,3
niche_86,Niche,15,0.09777777777777778,0.13333333333333333,1.151111111111111,3.076923076923077,0,0,
cascade_86,Cascade,15,0.12444444444444444,0.26666666666666666,1.16,2.926829268292683,0,0,
random_86,Random,15,0.12444444444444444,0.06666666666666667,1.2177777777777776,NaN,11,0,
maxent_86,MaxEnt,15,0.08444444444444445,0.3333333333333333,1.0977777777777777,1.8461538461538463,1,0,
ltm_87,LTM,15,0.26222222222222225,0.0,1.4666666666666666,NaN,66,0,0
ltm_laura_87,LTM_Laura,15,0.10222222222222223,0.0,1.2,NaN,1,0,0
atn_87,ATN,15,0.10222222222222223,0.26666666666666666,1.173333333333333,3.7358490566037736,0,0,4
adbm_87,ADBM,15,0.26222222222222225,0.2,1.5066666666666664,3.6785714285714284,0,0,3
niche_87,Niche,15,0.05333333333333334,0.6,1.0844444444444443,1.1428571428571428,0,4,
cascade_87,Cascade,15,0.035555555555555556,0.6,1.0488888888888888,0.9166666666666666,0,6,
random_87,Random,15,0.05333333333333334,0.4666666666666667,1.0844444444444443,1.75,0,2,
maxent_87,MaxEnt,15,0.03111111111111111,0.8,1.0355555555555553,0.5833333333333334,0,6,
ltm_88,LTM,15,0.26222222222222225,0.0,1.6222222222222225,NaN,2284,0,0
ltm_laura_88,LTM_Laura,15,0.12,0.26666666666666666,1.191111111111111,4.27710843373494,2,2,3
atn_88,ATN,15,0.13777777777777778,0.06666666666666667,1.2799999999999998,5.116666666666666,0,0,1
adbm_88,ADBM,15,0.23555555555555555,0.2,1.4444444444444442,4.717054263565892,0,1,2
niche_88,Niche,15,0.06666666666666667,0.2,1.0888888888888888,1.75,0,1,
cascade_88,Cascade,15,0.06222222222222222,0.5333333333333333,1.1022222222222224,1.4615384615384615,0,3,
random_88,Random,15,0.06222222222222222,0.3333333333333333,1.0755555555555556,1.1428571428571428,2,3,
maxent_88,MaxEnt,15,0.06222222222222222,0.6,1.0844444444444443,1.736842105263158,0,4,
ltm_89,LTM,15,0.24444444444444444,0.0,1.5155555555555558,NaN,87,0,0
ltm_laura_89,LTM_Laura,15,0.11555555555555555,0.13333333333333333,1.1911111111111112,1.0,4,1,1
atn_89,ATN,15,0.11555555555555555,0.2,1.1644444444444446,2.608695652173913,0,0,3
adbm_89,ADBM,15,0.19555555555555557,0.2,1.3422222222222224,3.5348837209302326,0,1,3
niche_89,Niche,15,0.14666666666666667,0.2,1.262222222222222,2.515151515151515,0,2,
cascade_89,Cascade,15,0.18222222222222223,0.13333333333333333,1.3288888888888886,4.142857142857143,0,0,
random_89,Random,15,0.17333333333333334,0.06666666666666667,1.311111111111111,2.6666666666666665,50,0,
maxent_89,MaxEnt,15,0.08444444444444445,0.4666666666666667,1.151111111111111,2.4210526315789473,1,3,
ltm_90,LTM,15,0.3244444444444444,0.0,1.6844444444444444,NaN,3615,0,0
ltm_laura_90,LTM_Laura,15,0.12444444444444444,0.13333333333333333,1.2399999999999998,4.5,2,1,2
atn_90,ATN,15,0.12444444444444444,0.2,1.248888888888889,3.685185185185185,0,0,3
adbm_90,ADBM,15,0.1688888888888889,0.13333333333333333,1.208888888888889,5.441860465116279,0,0,2
niche_90,Niche,15,0.2,0.13333333333333333,1.3066666666666664,3.590551181102362,0,1,
cascade_90,Cascade,15,0.2222222222222222,0.13333333333333333,1.4933333333333332,4.25984251968504,0,0,
random_90,Random,15,0.2311111111111111,0.0,1.4311111111111112,NaN,961,0,
maxent_90,MaxEnt,15,0.08888888888888889,0.26666666666666666,1.1377777777777776,1.5,5,3,
ltm_91,LTM,15,0.28,0.06666666666666667,1.6,5.069306930693069,432,0,1
ltm_laura_91,LTM_Laura,15,0.14222222222222222,0.0,1.2133333333333334,NaN,7,0,0
atn_91,ATN,15,0.1288888888888889,0.26666666666666666,1.1866666666666668,3.5588235294117645,0,0,4
adbm_91,ADBM,15,0.26666666666666666,0.06666666666666667,1.528888888888889,3.6363636363636362,0,0,1
niche_91,Niche,15,0.24,0.26666666666666666,1.533333333333333,4.09375,0,0,
cascade_91,Cascade,15,0.19111111111111112,0.13333333333333333,1.382222222222222,4.641221374045801,0,0,
random_91,Random,15,0.2088888888888889,0.06666666666666667,1.208888888888889,0.0,979,1,
maxent_91,MaxEnt,15,0.18666666666666668,0.2,1.2488888888888887,3.5714285714285716,13,0,
ltm_92,LTM,15,0.21777777777777776,0.13333333333333333,1.2977777777777777,5.467213114754099,30,1,1
ltm_laura_92,LTM_Laura,15,0.12444444444444444,0.06666666666666667,1.1866666666666665,0.0,6,1,1
atn_92,ATN,15,0.10222222222222223,0.26666666666666666,1.1733333333333331,4.0,0,0,4
adbm_92,ADBM,15,0.2577777777777778,0.2,1.3155555555555554,4.925465838509317,0,0,3
niche_92,Niche,15,0.24,0.13333333333333333,1.4311111111111112,3.557142857142857,0,0,
cascade_92,Cascade,15,0.21777777777777776,0.13333333333333333,1.4266666666666665,4.722222222222222,0,0,
random_92,Random,15,0.22666666666666666,0.0,1.2266666666666666,NaN,1061,0,
maxent_92,MaxEnt,15,0.16444444444444445,0.13333333333333333,1.3866666666666665,5.177777777777778,7,0,
ltm_93,LTM,15,0.29333333333333333,0.0,1.6133333333333335,NaN,681,0,0
ltm_laura_93,LTM_Laura,15,0.13333333333333333,0.06666666666666667,1.2266666666666666,3.55,1,0,1
atn_93,ATN,15,0.15555555555555556,0.13333333333333333,1.271111111111111,3.761904761904762,0,1,1
adbm_93,ADBM,15,0.2311111111111111,0.06666666666666667,1.3777777777777775,3.7421875,0,0,1
niche_93,Niche,15,0.14222222222222222,0.3333333333333333,1.271111111111111,3.388888888888889,0,1,
cascade_93,Cascade,15,0.15555555555555556,0.26666666666666666,1.231111111111111,2.3142857142857145,0,0,
random_93,Random,15,0.1511111111111111,0.0,1.182222222222222,NaN,63,0,
maxent_93,MaxEnt,15,0.13777777777777778,0.2,1.2666666666666666,3.475,5,1,
ltm_94,LTM,15,0.21333333333333335,0.0,1.5733333333333335,NaN,104,0,0
ltm_laura_94,LTM_Laura,15,0.1288888888888889,0.06666666666666667,1.2355555555555555,3.0,2,0,1
atn_94,ATN,15,0.12444444444444444,0.2,1.182222222222222,5.04,0,1,2
adbm_94,ADBM,15,0.1511111111111111,0.26666666666666666,1.1999999999999997,2.7,0,1,3
niche_94,Niche,15,0.08,0.6,1.102222222222222,2.238095238095238,0,1,
cascade_94,Cascade,15,0.14222222222222222,0.26666666666666666,1.2577777777777777,2.4444444444444446,0,0,
random_94,Random,15,0.13333333333333333,0.06666666666666667,1.1555555555555552,3.0,24,0,
maxent_94,MaxEnt,15,0.09333333333333334,0.3333333333333333,1.1288888888888888,2.5714285714285716,2,1,
ltm_95,LTM,15,0.25333333333333335,0.0,1.6,NaN,1092,0,0
ltm_laura_95,LTM_Laura,15,0.1111111111111111,0.13333333333333333,1.1955555555555553,4.947368421052632,1,0,2
atn_95,ATN,15,0.10222222222222223,0.2,1.1644444444444446,5.75,0,0,3
adbm_95,ADBM,15,0.23555555555555555,0.2,1.4799999999999998,4.7153846153846155,0,1,2
niche_95,Niche,15,0.11555555555555555,0.26666666666666666,1.1777777777777776,2.0434782608695654,0,0,
cascade_95,Cascade,15,0.16,0.2,1.3022222222222222,2.5714285714285716,0,0,
random_95,Random,15,0.15555555555555556,0.06666666666666667,1.1955555555555553,5.571428571428571,129,0,
maxent_95,MaxEnt,15,0.11555555555555555,0.3333333333333333,1.2533333333333332,3.588235294117647,10,3,
ltm_96,LTM,15,0.24888888888888888,0.0,1.728888888888889,NaN,1255,0,0
ltm_laura_96,LTM_Laura,15,0.11555555555555555,0.06666666666666667,1.1955555555555553,1.0,2,0,1
atn_96,ATN,15,0.08444444444444445,0.4,1.182222222222222,3.3658536585365852,0,5,4
adbm_96,ADBM,15,0.19111111111111112,0.26666666666666666,1.431111111111111,4.2682926829268295,0,2,3
niche_96,Niche,15,0.31555555555555553,0.2,1.613333333333333,4.361194029850746,0,0,
cascade_96,Cascade,15,0.30666666666666664,0.06666666666666667,1.6488888888888888,5.3890625,0,0,
random_96,Random,15,0.29333333333333333,0.0,1.2933333333333332,NaN,27804,0,
maxent_96,MaxEnt,15,0.19111111111111112,0.2,1.2577777777777779,4.048780487804878,20,1,
ltm_97,LTM,15,0.38666666666666666,0.0,1.8577777777777778,NaN,15989,0,0
ltm_laura_97,LTM_Laura,15,0.11555555555555555,0.13333333333333333,1.151111111111111,2.5,4,0,2
atn_97,ATN,15,0.17777777777777778,0.06666666666666667,1.3199999999999998,5.302158273381295,0,0,1
adbm_97,ADBM,15,0.10222222222222223,0.26666666666666666,1.2533333333333332,3.3333333333333335,0,2,3
niche_97,Niche,15,0.10666666666666667,0.4,1.151111111111111,1.68,0,2,
cascade_97,Cascade,15,0.1111111111111111,0.3333333333333333,1.1955555555555555,2.375,0,0,
random_97,Random,15,0.1288888888888889,0.06666666666666667,1.2044444444444442,5.5,8,0,
maxent_97,MaxEnt,15,0.11555555555555555,0.13333333333333333,1.1777777777777776,4.357142857142857,2,0,
ltm_98,LTM,15,0.2577777777777778,0.0,1.3688888888888888,NaN,63,0,0
ltm_laura_98,LTM_Laura,15,0.11555555555555555,0.06666666666666667,1.222222222222222,4.9411764705882355,1,0,1
atn_98,ATN,15,0.09333333333333334,0.06666666666666667,1.1688888888888889,5.0,0,0,1
adbm_98,ADBM,15,0.18666666666666668,0.2,1.4355555555555555,4.4868421052631575,0,2,2
niche_98,Niche,15,0.08888888888888889,0.4,1.111111111111111,2.0,0,2,
cascade_98,Cascade,15,0.10222222222222223,0.3333333333333333,1.1466666666666663,2.4615384615384617,0,0,
random_98,Random,15,0.13777777777777778,0.0,1.2444444444444442,NaN,27,0,
maxent_98,MaxEnt,15,0.1288888888888889,0.3333333333333333,1.2355555555555555,4.461538461538462,2,0,
ltm_99,LTM,15,0.26666666666666666,0.06666666666666667,1.5199999999999998,3.6,575,0,1
ltm_laura_99,LTM_Laura,15,0.10222222222222223,0.2,1.1777777777777776,3.84,2,1,2
atn_99,ATN,15,0.1111111111111111,0.3333333333333333,1.1688888888888889,2.6666666666666665,0,1,4
adbm_99,ADBM,15,0.20444444444444446,0.2,1.2355555555555555,5.158536585365853,0,1,2
niche_99,Niche,15,0.1111111111111111,0.3333333333333333,1.1377777777777778,1.3076923076923077,0,1,
cascade_99,Cascade,15,0.2222222222222222,0.26666666666666666,1.417777777777778,3.618181818181818,0,0,
random_99,Random,15,0.15555555555555556,0.0,1.2844444444444443,NaN,12,0,
maxent_99,MaxEnt,15,0.10666666666666667,0.3333333333333333,1.2044444444444442,4.297297297297297,3,2,
ltm_100,LTM,15,0.24,0.0,1.3155555555555554,NaN,38,0,0
ltm_laura_100,LTM_Laura,15,0.08444444444444445,0.26666666666666666,1.1244444444444441,3.6842105263157894,1,0,4
atn_100,ATN,15,0.11555555555555555,0.2,1.1777777777777776,2.357142857142857,0,0,3
adbm_100,ADBM,15,0.19555555555555557,0.2,1.2888888888888888,5.764705882352941,0,1,2
niche_100,Niche,15,0.1288888888888889,0.4,1.2044444444444444,2.076923076923077,0,1,
cascade_100,Cascade,15,0.22666666666666666,0.06666666666666667,1.431111111111111,4.1,0,0,
random_100,Random,15,0.2311111111111111,0.06666666666666667,1.2311111111111108,NaN,3131,0,
maxent_100,MaxEnt,15,0.21333333333333335,0.06666666666666667,1.4444444444444444,5.742857142857143,127,0,
