model,richness,connectance,diameter,complexity,trophic_level,distance,generality,vulnerability,redundancy,S1,S2,S4,S5
LTM,15,0.7466666666666667,14,0.7490177373878539,6.0,1.0,0.23910288476798683,0.26828197602316134,10.266666666666667,0.013333333333333334,0.14222222222222222,0.022222222222222223,0.044444444444444446
ATN,15,0.8711111111111111,14,0.7200066202123834,6.0,1.0,0.11737862419225496,0.07355740597371851,12.133333333333333,0.0,0.044444444444444446,0.0,0.0
ADBM,15,0.8355555555555556,14,0.7079279356201039,6.0,1.0,0.24288191610278456,0.17288695285448544,11.6,0.0,0.2222222222222222,0.0,0.0
LTM,15,0.7822222222222223,14,0.7505935792834838,5.0,1.0,0.1918402615469788,0.19717511349992223,10.8,0.02666666666666667,0.044444444444444446,0.044444444444444446,0.017777777777777778
ATN,15,0.8888888888888888,14,0.7031331089697397,5.0,1.0,0.12247448713915891,0.08813544770895049,12.4,0.0,0.04888888888888889,0.0,0.0
ADBM,15,0.8622222222222222,14,0.6861495291428343,5.0,1.0,0.2034520569430632,0.16393280835751842,12.0,0.0,0.1688888888888889,0.0,0.0
LTM,15,0.7244444444444444,14,0.780709162232047,4.0,1.0,0.2713591023135067,0.21118913470010436,9.933333333333334,0.008888888888888889,0.13777777777777778,0.022222222222222223,0.08888888888888889
ATN,15,0.88,14,0.7036041721863662,4.0,1.0,0.10001311733461406,0.09582659576267814,12.266666666666667,0.0,0.017777777777777778,0.0,0.0
ADBM,15,0.7644444444444445,14,0.7143097663154133,4.0,1.0,0.366852106722522,0.2396650776715373,10.533333333333333,0.0,0.44,0.0,0.0
LTM,15,0.76,14,0.7734493481148549,2.0,1.0,0.192754479148609,0.1548012187136066,10.466666666666667,0.03111111111111111,0.11555555555555555,0.017777777777777778,0.035555555555555556
ATN,15,0.8888888888888888,14,0.6859322080420119,2.0,1.0,0.09682458365518547,0.12886870394763372,12.4,0.0,0.04,0.0,0.0
ADBM,15,0.7822222222222223,14,0.7224785458616108,2.0,1.0,0.3063894912786626,0.21480622290854645,10.8,0.0,0.28888888888888886,0.0,0.0
LTM,15,0.7288888888888889,14,0.7820877766371295,2.0,1.0,0.2665846804649276,0.1402817703761096,10.0,0.017777777777777778,0.1511111111111111,0.02666666666666667,0.057777777777777775
ATN,15,0.8755555555555555,14,0.6925543873857178,2.0,1.0,0.1109641817163658,0.14059565413401384,12.2,0.0,0.06666666666666667,0.0,0.0
ADBM,15,0.8755555555555555,14,0.6791957125372169,2.0,1.0,0.16747972514978485,0.14636803625227227,12.2,0.0,0.08888888888888889,0.0,0.0
LTM,15,0.7155555555555555,14,0.7959583202886078,1.0,1.0,0.22675972719305612,0.17770613238421917,9.8,0.008888888888888889,0.19555555555555557,0.022222222222222223,0.10666666666666667
ATN,15,0.8577777777777778,14,0.7244435816209671,1.0,1.0,0.11326395750323348,0.10119272746193557,11.933333333333334,0.0,0.057777777777777775,0.0,0.0
ADBM,15,0.8888888888888888,14,0.6923014372402289,1.0,1.0,0.14078859531733595,0.11220198623146438,12.4,0.0,0.057777777777777775,0.0,0.0
LTM,15,0.72,14,0.7873680382801914,3.0,1.0,0.28258624747569483,0.18584538401781464,9.866666666666667,0.05333333333333334,0.2311111111111111,0.044444444444444446,0.06222222222222222
ATN,15,0.88,14,0.7206122112566257,3.0,1.0,0.10001311733461403,0.09144861547306322,12.266666666666667,0.0,0.057777777777777775,0.0,0.0
ADBM,15,0.8266666666666667,14,0.7142106087471402,3.0,1.0,0.25465781364692996,0.16071325338683692,11.466666666666667,0.0,0.20444444444444446,0.0,0.0
LTM,15,0.7288888888888889,14,0.7566942849108499,7.0,1.0,0.20875958490561206,0.2144078431610519,10.0,0.044444444444444446,0.18666666666666668,0.022222222222222223,0.07111111111111111
ATN,15,0.9022222222222223,14,0.700485199539898,2.0,1.0,0.07833242566837091,0.06764596673158577,12.6,0.0,0.008888888888888889,0.0,0.0
ADBM,15,0.7911111111111111,14,0.7019196301266918,2.0,1.0,0.2968580395665754,0.24018789874383265,10.933333333333334,0.0,0.4222222222222222,0.0,0.0
LTM,15,0.76,14,0.7653426322731365,6.0,1.0,0.24318527044123037,0.19837532075493625,10.466666666666667,0.04888888888888889,0.09777777777777778,0.03111111111111111,0.013333333333333334
ATN,15,0.8711111111111111,14,0.7097753187047942,2.0,1.0,0.14012378822971333,0.08416710677170311,12.133333333333333,0.0,0.04888888888888889,0.0,0.0
ADBM,15,0.8133333333333334,14,0.7059109264374452,2.0,1.0,0.2722073198322303,0.19147974073572435,11.266666666666667,0.0,0.30666666666666664,0.0,0.0
LTM,15,0.7466666666666667,14,0.740863204858573,1.0,1.0,0.29651154481725084,0.12716779163892364,10.266666666666667,0.013333333333333334,0.13777777777777778,0.022222222222222223,0.04
ATN,15,0.8711111111111111,14,0.7124508985031058,1.0,1.0,0.13086084668356804,0.09358157805388898,12.133333333333333,0.0,0.07555555555555556,0.0,0.0
ADBM,15,0.8977777777777778,14,0.67689171618174,1.0,1.0,0.1507957800766363,0.11179791871917048,12.533333333333333,0.0,0.07555555555555556,0.0,0.0
LTM,15,0.7244444444444444,14,0.7621036591732675,1.0,1.0,0.23036789393274343,0.1295211442728215,9.933333333333334,0.04,0.1688888888888889,0.013333333333333334,0.017777777777777778
ATN,15,0.8622222222222222,14,0.732845753568549,1.0,1.0,0.10724339755376092,0.09454633659052693,12.0,0.0,0.08,0.0,0.0
ADBM,15,0.7866666666666666,14,0.720242015656444,1.0,1.0,0.28505690368545156,0.2291943741636655,10.866666666666667,0.0,0.4222222222222222,0.0,0.0
LTM,15,0.7466666666666667,14,0.7448518916011135,3.0,1.0,0.23184832178575032,0.14396888836247412,10.266666666666667,0.07111111111111111,0.12444444444444444,0.013333333333333334,0.03111111111111111
ATN,15,0.8622222222222222,14,0.7163764381552523,3.0,1.0,0.15315934049567392,0.0989598670240491,12.0,0.0,0.06222222222222222,0.0,0.0
ADBM,15,0.8755555555555555,14,0.6743163711518322,3.0,1.0,0.1970189707200466,0.13761869758097417,12.2,0.0,0.08444444444444445,0.0,0.0
LTM,15,0.7422222222222222,14,0.7762284682554309,2.0,1.0,0.2116481203017625,0.15507875549670572,10.2,0.035555555555555556,0.15555555555555556,0.02666666666666667,0.02666666666666667
ATN,15,0.8577777777777778,14,0.7335749654771825,2.0,1.0,0.13093249163649998,0.08747120733748254,11.933333333333334,0.0,0.10666666666666667,0.0,0.0
ADBM,15,0.8355555555555556,14,0.7012803626584603,2.0,1.0,0.24659781647180753,0.15631162692071088,11.6,0.0,0.2311111111111111,0.0,0.0
LTM,15,0.7155555555555555,14,0.773205211728354,5.0,1.0,0.2738258074752118,0.25016046369456946,9.8,0.057777777777777775,0.2311111111111111,0.07555555555555556,0.02666666666666667
ATN,15,0.8577777777777778,14,0.7296915077465007,5.0,1.0,0.12064228689822415,0.13736504171324407,11.933333333333334,0.0,0.08444444444444445,0.0,0.0
ADBM,15,0.7066666666666667,14,0.7256745476842599,5.0,1.0,0.3770214127939307,0.3490019626497499,9.666666666666666,0.0,0.7288888888888889,0.0,0.0
LTM,15,0.7555555555555555,14,0.7585222848021256,4.0,1.0,0.24657816388439008,0.19061002054140766,10.4,0.017777777777777778,0.10222222222222223,0.04888888888888889,0.03111111111111111
ATN,15,0.8755555555555555,14,0.7131177142363085,4.0,1.0,0.1250039110345478,0.10323073936094523,12.2,0.0,0.05333333333333334,0.0,0.0
ADBM,15,0.7777777777777778,14,0.7168722606691081,4.0,1.0,0.33144264572509047,0.19074810523343547,10.733333333333333,0.0,0.36,0.0,0.0
LTM,15,0.76,14,0.7233477129201697,1.0,1.0,0.3505637697908478,0.14752945015299684,10.466666666666667,0.0,0.03111111111111111,0.0,0.1288888888888889
ATN,15,0.8533333333333334,14,0.7043607987423903,3.0,1.0,0.18009948887450275,0.15114425908241247,11.866666666666667,0.0,0.12444444444444444,0.0,0.0
ADBM,15,0.8133333333333334,14,0.7138178670391371,3.0,1.0,0.24823251267894816,0.19147974073572435,11.266666666666667,0.0,0.26222222222222225,0.0,0.0
LTM,15,0.72,14,0.7769882061433454,8.0,1.0,0.1858453840178146,0.18252051122391896,9.866666666666667,0.09777777777777778,0.04888888888888889,0.035555555555555556,0.04888888888888889
ATN,15,0.8622222222222222,14,0.7051193697446855,5.0,1.0,0.13851915386482996,0.13540129419137828,12.0,0.0,0.08888888888888889,0.0,0.0
ADBM,15,0.7288888888888889,14,0.7327263911409573,7.0,1.0,0.37307763407955075,0.28604738592431866,10.0,0.0,0.6044444444444445,0.0,0.0
LTM,15,0.7111111111111111,14,0.7610006386544641,3.0,1.0,0.24464122783607603,0.24464122783607603,9.733333333333333,0.03111111111111111,0.1288888888888889,0.06666666666666667,0.02666666666666667
ATN,15,0.84,14,0.733072225746569,3.0,1.0,0.14005824550278692,0.09390602830316852,11.666666666666666,0.0,0.12444444444444444,0.0,0.0
ADBM,15,0.7333333333333333,14,0.7289333040012864,3.0,1.0,0.3977504631458066,0.2639272913363841,10.066666666666666,0.0,0.6133333333333333,0.0,0.0
LTM,15,0.7066666666666667,14,0.7830970124344918,3.0,1.0,0.23327435604764207,0.15866374827775132,9.666666666666666,0.05333333333333334,0.13777777777777778,0.044444444444444446,0.044444444444444446
ATN,15,0.9066666666666666,14,0.695957681156878,3.0,1.0,0.08700117328087675,0.0913322063835469,12.666666666666666,0.0,0.02666666666666667,0.0,0.0
ADBM,15,0.7822222222222223,14,0.7019290506283432,3.0,1.0,0.28352215795169655,0.2626222518494385,10.8,0.0,0.3111111111111111,0.0,0.0
LTM,15,0.72,14,0.761374492836301,2.0,1.0,0.2804108013595525,0.16856647959866658,9.866666666666667,0.008888888888888889,0.12444444444444444,0.05333333333333334,0.08
ATN,15,0.8622222222222222,14,0.7377880514628383,2.0,1.0,0.12213651539890555,0.09895986702404912,12.0,0.0,0.07111111111111111,0.0,0.0
ADBM,15,0.7822222222222223,14,0.7282705040737861,2.0,1.0,0.3063894912786626,0.2049171406536022,10.8,0.0,0.3688888888888889,0.0,0.0
LTM,15,0.7644444444444445,14,0.7618853545852675,3.0,1.0,0.18312964694078882,0.2280501618148813,10.533333333333333,0.02666666666666667,0.04888888888888889,0.057777777777777775,0.017777777777777778
ATN,15,0.88,14,0.7078267143277641,3.0,1.0,0.11524830746297952,0.11524830746297955,12.266666666666667,0.0,0.04,0.0,0.0
ADBM,15,0.8133333333333334,14,0.7011138277468966,3.0,1.0,0.24236330178913829,0.22808188448084474,11.266666666666667,0.0,0.24,0.0,0.0
LTM,15,0.7733333333333333,14,0.7921027482808949,9.0,1.0,0.18374120100057403,0.12534985862068443,10.666666666666666,0.0,0.035555555555555556,0.04888888888888889,0.035555555555555556
ATN,15,0.8933333333333333,14,0.6896392109252382,3.0,1.0,0.10851181791044323,0.11211784072609726,12.466666666666667,0.0,0.017777777777777778,0.0,0.0
ADBM,15,0.7511111111111111,14,0.7317975612086659,3.0,1.0,0.3155334211918913,0.29335372946302435,10.333333333333334,0.0,0.5022222222222222,0.0,0.0
LTM,15,0.7288888888888889,14,0.7830785031402692,11.0,1.0,0.21717689257487693,0.14855683767119682,10.0,0.08,0.10666666666666667,0.008888888888888889,0.022222222222222223
ATN,15,0.9333333333333333,14,0.6471505241246673,1.0,1.0,0.05399492471560387,0.09352195295828242,13.066666666666666,0.0,0.0044444444444444444,0.0,0.0
ADBM,15,0.84,14,0.6971732098951158,1.0,1.0,0.21380225970654276,0.18685137482496747,11.666666666666666,0.0,0.17333333333333334,0.0,0.0
LTM,15,0.7733333333333333,14,0.7639035344794299,2.0,1.0,0.20555806781976674,0.14860200127091974,10.666666666666666,0.02666666666666667,0.06222222222222222,0.013333333333333334,0.044444444444444446
ATN,15,0.8755555555555555,14,0.7125007478098897,2.0,1.0,0.1109641817163658,0.0903985035083244,12.2,0.0,0.04,0.0,0.0
ADBM,15,0.8311111111111111,14,0.7030310157406807,2.0,1.0,0.2365322656529496,0.17902177029110722,11.533333333333333,0.0,0.22666666666666666,0.0,0.0
LTM,15,0.7111111111111111,14,0.7651184851207906,2.0,1.0,0.21456455072674852,0.21456455072674852,9.733333333333333,0.022222222222222223,0.15555555555555556,0.0044444444444444444,0.0044444444444444444
ATN,15,0.9022222222222223,14,0.6963409929709758,2.0,1.0,0.09620786404016538,0.07833242566837091,12.6,0.0,0.035555555555555556,0.0,0.0
ADBM,15,0.7688888888888888,14,0.7290350426341411,2.0,1.0,0.3258525184386854,0.22194467286318537,10.6,0.0,0.4088888888888889,0.0,0.0
LTM,15,0.7111111111111111,14,0.7886686778117383,3.0,1.0,0.252222265925456,0.14465939058946117,9.733333333333333,0.06222222222222222,0.10222222222222223,0.04888888888888889,0.04
ATN,15,0.8666666666666667,14,0.6990892662817808,3.0,1.0,0.13943491802691774,0.10878565864408418,12.066666666666666,0.0,0.08444444444444445,0.0,0.0
ADBM,15,0.8488888888888889,14,0.7028731837721737,3.0,1.0,0.18169015694233673,0.179249067667646,11.8,0.0,0.20444444444444446,0.0,0.0
LTM,15,0.72,14,0.7548039840735453,2.0,1.0,0.40692612264706357,0.22463417688205053,9.866666666666667,0.0,0.30666666666666664,0.0044444444444444444,0.1511111111111111
ATN,15,0.8488888888888889,14,0.702743542088962,7.0,1.0,0.1555649845872291,0.1309648253140511,11.8,0.0,0.09333333333333334,0.0,0.0
ADBM,15,0.7466666666666667,14,0.7263443638797945,7.0,1.0,0.3361156957551144,0.29069322493035193,10.266666666666667,0.0,0.5866666666666667,0.0,0.0
LTM,15,0.7511111111111111,14,0.767235221704837,2.0,1.0,0.2107515407235492,0.1659368864760246,10.333333333333334,0.017777777777777778,0.044444444444444446,0.035555555555555556,0.044444444444444446
ATN,15,0.8755555555555555,14,0.7157726182994585,2.0,1.0,0.1109641817163658,0.0991380527926577,12.2,0.0,0.04888888888888889,0.0,0.0
ADBM,15,0.8133333333333334,14,0.7074103603214594,2.0,1.0,0.2423633017891383,0.22808188448084468,11.266666666666667,0.0,0.3288888888888889,0.0,0.0
LTM,15,0.7066666666666667,14,0.7743164709663434,1.0,1.0,0.3244593420119496,0.1626210579945914,9.666666666666666,0.013333333333333334,0.2,0.035555555555555556,0.07111111111111111
ATN,15,0.8888888888888888,14,0.7032443498887895,1.0,1.0,0.11220198623146437,0.07319250547114003,12.4,0.0,0.03111111111111111,0.0,0.0
ADBM,15,0.8,14,0.7198705941591673,1.0,1.0,0.303746448146978,0.18093671611393647,11.066666666666666,0.0,0.3022222222222222,0.0,0.0
LTM,15,0.7555555555555555,14,0.7655505103429953,4.0,1.0,0.244312466556414,0.15877683720748895,10.4,0.013333333333333334,0.1511111111111111,0.057777777777777775,0.035555555555555556
ATN,15,0.8844444444444445,14,0.7161548886403255,4.0,1.0,0.10059220692476499,0.09647343820434941,12.333333333333334,0.0,0.06666666666666667,0.0,0.0
ADBM,15,0.7555555555555555,14,0.722269274130659,4.0,1.0,0.33626573066751003,0.2661027568667061,10.4,0.0,0.5288888888888889,0.0,0.0
LTM,15,0.7555555555555555,14,0.767616042163166,6.0,1.0,0.2397168374049733,0.09817917181132708,10.4,0.0,0.12444444444444444,0.008888888888888889,0.08444444444444445
ATN,15,0.8844444444444445,14,0.7093694040479955,6.0,1.0,0.09647343820434941,0.100592206924765,12.333333333333334,0.0,0.057777777777777775,0.0,0.0
ADBM,15,0.84,14,0.7050335308125695,6.0,1.0,0.25769655680103143,0.14005824550278692,11.666666666666666,0.0,0.1511111111111111,0.0,0.0
LTM,15,0.8,14,0.7244523457936263,1.0,1.0,0.1992047682223989,0.13729241184131902,11.066666666666666,0.03111111111111111,0.08444444444444445,0.013333333333333334,0.0044444444444444444
ATN,15,0.9022222222222223,14,0.6859680424366759,1.0,1.0,0.10017958450298628,0.09620786404016538,12.6,0.0,0.02666666666666667,0.0,0.0
ADBM,15,0.7733333333333333,14,0.7181480812923337,1.0,1.0,0.3335597441818758,0.218088114494371,10.666666666666666,0.0,0.36444444444444446,0.0,0.0
LTM,15,0.7422222222222222,14,0.7769574870597092,1.0,1.0,0.2734239534570269,0.22227244400788582,10.2,0.035555555555555556,0.13333333333333333,0.05333333333333334,0.04888888888888889
ATN,15,0.8622222222222222,14,0.7176178186468993,1.0,1.0,0.14156836336610204,0.09895986702404909,12.0,0.0,0.08444444444444445,0.0,0.0
ADBM,15,0.76,14,0.7224491679818119,1.0,1.0,0.3458283370558464,0.2542346797577094,10.466666666666667,0.0,0.5155555555555555,0.0,0.0
LTM,15,0.7422222222222222,14,0.7879515218930099,2.0,1.0,0.21435357464190255,0.13522862024714027,10.2,0.044444444444444446,0.022222222222222223,0.035555555555555556,0.06222222222222222
ATN,15,0.8844444444444445,14,0.6984052817802711,2.0,1.0,0.11204372155133765,0.10454883982627954,12.333333333333334,0.0,0.044444444444444446,0.0,0.0
ADBM,15,0.8755555555555555,14,0.677283996432848,2.0,1.0,0.15727851152111336,0.1649885641453972,12.2,0.0,0.12444444444444444,0.0,0.0
LTM,15,0.7377777777777778,14,0.7458558008841935,1.0,1.0,0.3319505913127593,0.18851530780325115,10.133333333333333,0.0,0.17777777777777778,0.035555555555555556,0.11555555555555555
ATN,15,0.8488888888888889,14,0.7152770766847542,1.0,1.0,0.16112924678544874,0.10892784882423891,11.8,0.0,0.10222222222222223,0.0,0.0
ADBM,15,0.7511111111111111,14,0.7240235164481483,1.0,1.0,0.3742674548857302,0.24529974065703725,10.333333333333334,0.0,0.48444444444444446,0.0,0.0
LTM,15,0.7733333333333333,14,0.7644999642911489,4.0,1.0,0.18943112605983992,0.1521322321840617,10.666666666666666,0.0044444444444444444,0.11555555555555555,0.022222222222222223,0.044444444444444446
ATN,15,0.8888888888888888,14,0.6763511002826719,2.0,1.0,0.1085620296683619,0.14078859531733592,12.4,0.0,0.06666666666666667,0.0,0.0
ADBM,15,0.8666666666666667,14,0.6874160715584184,4.0,1.0,0.1993226060133742,0.1300237314966948,12.066666666666666,0.0,0.08888888888888889,0.0,0.0
LTM,15,0.7288888888888889,14,0.7705242315824317,3.0,1.0,0.29019522034855594,0.16016982361663043,10.0,0.03111111111111111,0.14222222222222222,0.044444444444444446,0.057777777777777775
ATN,15,0.8666666666666667,14,0.7056672354576097,3.0,1.0,0.13943491802691776,0.1087856586440842,12.066666666666666,0.0,0.05333333333333334,0.0,0.0
ADBM,15,0.7511111111111111,14,0.7321878411011016,3.0,1.0,0.3493845379917613,0.24066811424977766,10.333333333333334,0.0,0.4711111111111111,0.0,0.0
LTM,15,0.7288888888888889,14,0.7654401291747475,1.0,1.0,0.23310143591473653,0.23310143591473653,10.0,0.04,0.16444444444444445,0.035555555555555556,0.044444444444444446
ATN,15,0.8711111111111111,14,0.7225261852931737,1.0,1.0,0.11001968700432566,0.08899891463769483,12.133333333333333,0.0,0.05333333333333334,0.0,0.0
ADBM,15,0.7377777777777778,14,0.7292833525497484,1.0,1.0,0.36699695874072924,0.2677651066400335,10.133333333333333,0.0,0.5733333333333334,0.0,0.0
LTM,15,0.7688888888888888,14,0.7546303747143632,3.0,1.0,0.21705183069963685,0.19350908118171706,10.6,0.008888888888888889,0.1688888888888889,0.017777777777777778,0.022222222222222223
ATN,15,0.8666666666666667,14,0.7234956771690102,3.0,1.0,0.13637004006583356,0.10071594933968876,12.066666666666666,0.0,0.08444444444444445,0.0,0.0
ADBM,15,0.8222222222222222,14,0.7101601162770197,3.0,1.0,0.23271958557404848,0.20935045114634687,11.4,0.0,0.31555555555555553,0.0,0.0
LTM,15,0.7466666666666667,14,0.7741108311082951,2.0,1.0,0.22937915319044877,0.13156935671660847,10.266666666666667,0.057777777777777775,0.12444444444444444,0.03111111111111111,0.05333333333333334
ATN,15,0.8933333333333333,14,0.7114661091630428,2.0,1.0,0.10091394086310641,0.0735530418365046,12.466666666666667,0.0,0.03111111111111111,0.0,0.0
ADBM,15,0.7911111111111111,14,0.7244219583343369,2.0,1.0,0.3166993578083852,0.17695673749334648,10.933333333333334,0.0,0.3111111111111111,0.0,0.0
LTM,15,0.7777777777777778,14,0.7574234679238828,7.0,1.0,0.20404081224408144,0.17645686792830437,10.733333333333333,0.022222222222222223,0.07555555555555556,0.013333333333333334,0.0044444444444444444
ATN,15,0.8622222222222222,14,0.7202329844526372,7.0,1.0,0.11115391058168976,0.09895986702404909,12.0,0.0,0.07111111111111111,0.0,0.0
ADBM,15,0.7955555555555556,14,0.7195150939834304,7.0,1.0,0.2945191691079855,0.18594686045562328,11.0,0.0,0.3244444444444444,0.0,0.0
LTM,15,0.7911111111111111,14,0.7367627911889104,2.0,1.0,0.24849176223090771,0.1650931789949081,10.933333333333334,0.0,0.10222222222222223,0.03111111111111111,0.04
ATN,15,0.8977777777777778,14,0.7253360734438913,2.0,1.0,0.06798084775500947,0.06191653870045488,12.533333333333333,0.0,0.008888888888888889,0.0,0.0
ADBM,15,0.7955555555555556,14,0.7266025121199249,2.0,1.0,0.2620769345898786,0.2380045631747575,11.0,0.0,0.36444444444444446,0.0,0.0
LTM,15,0.7155555555555555,14,0.7772276240058701,2.0,1.0,0.21840302036281073,0.11392539936995179,9.8,0.07111111111111111,0.10222222222222223,0.03111111111111111,0.04
ATN,15,0.9066666666666666,14,0.6952775750124391,2.0,1.0,0.09133220638354693,0.0776174504281982,12.666666666666666,0.0,0.022222222222222223,0.0,0.0
ADBM,15,0.8444444444444444,14,0.6961808045023945,2.0,1.0,0.21239769762143662,0.1782050059322005,11.733333333333333,0.0,0.20444444444444446,0.0,0.0
LTM,15,0.72,14,0.7850125027016007,3.0,1.0,0.28688765527462345,0.17913393669026664,9.866666666666667,0.06666666666666667,0.1688888888888889,0.044444444444444446,0.057777777777777775
ATN,15,0.8711111111111111,14,0.7169776239334325,3.0,1.0,0.11737862419225496,0.11001968700432568,12.133333333333333,0.0,0.044444444444444446,0.0,0.0
ADBM,15,0.7955555555555556,14,0.726832148088177,3.0,1.0,0.2696238778274302,0.2315958445309458,11.0,0.0,0.29333333333333333,0.0,0.0
LTM,15,0.7022222222222222,14,0.7571499159788516,5.0,1.0,0.28450858057228284,0.15993652459395252,9.6,0.044444444444444446,0.17777777777777778,0.044444444444444446,0.08
ATN,15,0.8888888888888888,14,0.7198448937870557,5.0,1.0,0.09258200997725517,0.08813544770895052,12.4,0.0,0.02666666666666667,0.0,0.0
ADBM,15,0.7733333333333333,14,0.7239588074234196,5.0,1.0,0.33036159032719414,0.23450811221957663,10.666666666666666,0.0,0.4222222222222222,0.0,0.0
LTM,15,0.7066666666666667,14,0.7472768839402895,4.0,1.0,0.2848101444644648,0.26395834333897766,9.666666666666666,0.07111111111111111,0.29777777777777775,0.017777777777777778,0.04
ATN,15,0.8488888888888889,14,0.7104898759726732,4.0,1.0,0.14069484738103152,0.12045136304545534,11.8,0.0,0.09333333333333334,0.0,0.0
ADBM,15,0.7777777777777778,14,0.7153989651682942,4.0,1.0,0.33302220659809395,0.2091214442032571,10.733333333333333,0.0,0.4088888888888889,0.0,0.0
LTM,15,0.7333333333333333,14,0.7672353450326906,3.0,1.0,0.25482359571881275,0.17854191019308466,10.066666666666666,0.05333333333333334,0.14666666666666667,0.044444444444444446,0.035555555555555556
ATN,15,0.8622222222222222,14,0.7117264125430578,1.0,1.0,0.14455326708478425,0.10724339755376092,12.0,0.0,0.06222222222222222,0.0,0.0
ADBM,15,0.7111111111111111,14,0.7309645328403779,1.0,1.0,0.38923861117388064,0.3260457077948253,9.733333333333333,0.0,0.7422222222222222,0.0,0.0
LTM,15,0.7288888888888889,14,0.7525534750972119,3.0,1.0,0.25746276239597443,0.29428459836042686,10.0,0.022222222222222223,0.16,0.09777777777777778,0.013333333333333334
ATN,15,0.8533333333333334,14,0.7263115295666592,3.0,1.0,0.1327139865731674,0.11512318712703239,11.866666666666667,0.0,0.06666666666666667,0.0,0.0
ADBM,15,0.7644444444444445,14,0.7333695492892003,3.0,1.0,0.34074926190913024,0.19182270845643962,10.533333333333333,0.0,0.4311111111111111,0.0,0.0
LTM,15,0.7644444444444445,14,0.7636487847577312,1.0,1.0,0.28710403332634005,0.15413635494567504,10.533333333333333,0.022222222222222223,0.1688888888888889,0.02666666666666667,0.05333333333333334
ATN,15,0.8933333333333333,14,0.7036726227105022,1.0,1.0,0.10091394086310641,0.0836734194897594,12.466666666666667,0.0,0.013333333333333334,0.0,0.0
ADBM,15,0.8,14,0.7055671928455133,1.0,1.0,0.2886751345948129,0.2398743057096415,11.066666666666666,0.0,0.3688888888888889,0.0,0.0
LTM,15,0.7244444444444444,14,0.7636400337508802,1.0,1.0,0.30095314301008713,0.12952114427282146,9.933333333333334,0.035555555555555556,0.10222222222222223,0.02666666666666667,0.1111111111111111
ATN,15,0.8933333333333333,14,0.7109946905102106,1.0,1.0,0.09689183597016426,0.07355304183650462,12.466666666666667,0.0,0.02666666666666667,0.0,0.0
ADBM,15,0.7955555555555556,14,0.7106736537419572,1.0,1.0,0.30456627316245694,0.20640171175319738,11.0,0.0,0.35555555555555557,0.0,0.0
LTM,15,0.7244444444444444,14,0.7677383661176254,9.0,1.0,0.32230492114266746,0.15888436912852671,9.933333333333334,0.044444444444444446,0.10666666666666667,0.013333333333333334,0.09333333333333334
ATN,15,0.8711111111111111,14,0.7244183154824232,9.0,1.0,0.10614907717055935,0.0735574059737185,12.133333333333333,0.0,0.05333333333333334,0.0,0.0
ADBM,15,0.8133333333333334,14,0.7205814587352545,9.0,1.0,0.2632447678662593,0.18639979680167593,11.266666666666667,0.0,0.29777777777777775,0.0,0.0
LTM,15,0.7022222222222222,14,0.7451577388864872,1.0,1.0,0.25842190347026023,0.31663647639219944,9.6,0.02666666666666667,0.20444444444444446,0.013333333333333334,0.035555555555555556
ATN,15,0.84,14,0.731936667255558,1.0,1.0,0.17179770453402093,0.13680819164624358,11.666666666666666,0.0,0.1111111111111111,0.0,0.0
ADBM,15,0.7511111111111111,14,0.7210790294226842,1.0,1.0,0.3461484274669622,0.26514271579812515,10.333333333333334,0.0,0.5377777777777778,0.0,0.0
LTM,15,0.7022222222222222,14,0.7714833061021262,3.0,1.0,0.25339049592440804,0.22656358838732737,9.6,0.03111111111111111,0.11555555555555555,0.05333333333333334,0.09777777777777778
ATN,15,0.8355555555555556,14,0.7128175718625426,3.0,1.0,0.1675441450734877,0.1880065749489061,11.6,0.0,0.14666666666666667,0.0,0.0
ADBM,15,0.7511111111111111,14,0.7267240263376574,3.0,1.0,0.3525909484623538,0.2755498387142871,10.333333333333334,0.0,0.56,0.0,0.0
LTM,15,0.7111111111111111,14,0.7445812196427758,1.0,1.0,0.252222265925456,0.21747074926461785,9.733333333333333,0.1288888888888889,0.13333333333333333,0.022222222222222223,0.02666666666666667
ATN,15,0.8711111111111111,14,0.7170405205444779,1.0,1.0,0.11001968700432567,0.1276238858927743,12.133333333333333,0.0,0.07555555555555556,0.0,0.0
ADBM,15,0.7688888888888888,14,0.7251057398492576,1.0,1.0,0.29470052316256734,0.26596774961482045,10.6,0.0,0.5111111111111111,0.0,0.0
LTM,15,0.7466666666666667,14,0.7633140048030068,7.0,1.0,0.25965327857141784,0.1760019215373504,10.266666666666667,0.07555555555555556,0.09777777777777778,0.035555555555555556,0.04
ATN,15,0.8577777777777778,14,0.7239290529749409,2.0,1.0,0.12416714560383109,0.09683516629724967,11.933333333333334,0.0,0.08888888888888889,0.0,0.0
ADBM,15,0.7644444444444445,14,0.7157367446177509,2.0,1.0,0.3244150323098425,0.2794329032720445,10.533333333333333,0.0,0.5466666666666666,0.0,0.0
LTM,15,0.7511111111111111,14,0.7580286608062905,1.0,1.0,0.24529974065703725,0.19407150040063256,10.333333333333334,0.044444444444444446,0.08,0.04,0.022222222222222223
ATN,15,0.8533333333333334,14,0.727093007174589,1.0,1.0,0.12597277731716483,0.09430638470659647,11.866666666666667,0.0,0.08,0.0,0.0
ADBM,15,0.7644444444444445,14,0.7208896926495931,1.0,1.0,0.36088015972832904,0.22805016181488127,10.533333333333333,0.0,0.4666666666666667,0.0,0.0
LTM,15,0.7155555555555555,14,0.7615730165895416,1.0,1.0,0.2760807931816495,0.20064817506634955,9.8,0.04,0.2,0.022222222222222223,0.03111111111111111
ATN,15,0.88,14,0.7108616638741896,1.0,1.0,0.11524830746297955,0.09582659576267817,12.266666666666667,0.0,0.04888888888888889,0.0,0.0
ADBM,15,0.8711111111111111,14,0.6971568574583297,1.0,1.0,0.18626691876572465,0.12762388589277432,12.133333333333333,0.0,0.08888888888888889,0.0,0.0
LTM,15,0.8444444444444444,14,0.6958558955988065,1.0,1.0,0.1540894852024,0.22062256768603328,11.733333333333333,0.0,0.07555555555555556,0.013333333333333334,0.0044444444444444444
ATN,15,0.8666666666666667,14,0.698874478584866,1.0,1.0,0.14537095115739504,0.14824986333222018,12.066666666666666,0.0,0.05333333333333334,0.0,0.0
ADBM,15,0.7911111111111111,14,0.6964056693696195,1.0,1.0,0.2662301571616594,0.2737451840233289,10.933333333333334,0.0,0.37333333333333335,0.0,0.0
LTM,15,0.7066666666666667,14,0.744222401896528,1.0,1.0,0.2936026436066403,0.22775881589517635,9.666666666666666,0.044444444444444446,0.13777777777777778,0.07111111111111111,0.04
ATN,15,0.8666666666666667,14,0.7047288830276763,1.0,1.0,0.13943491802691776,0.12673145708429442,12.066666666666666,0.0,0.07111111111111111,0.0,0.0
ADBM,15,0.8177777777777778,14,0.7085021789194518,1.0,1.0,0.2676714181935426,0.19110264281745934,11.333333333333334,0.0,0.28888888888888886,0.0,0.0
LTM,15,0.7733333333333333,14,0.7553088756981184,8.0,1.0,0.14860200127091977,0.20812443521455773,10.666666666666666,0.013333333333333334,0.09777777777777778,0.03111111111111111,0.013333333333333334
ATN,15,0.8977777777777778,14,0.6729924932901027,8.0,1.0,0.12820867409876166,0.11526713550176865,12.533333333333333,0.0,0.017777777777777778,0.0,0.0
ADBM,15,0.8622222222222222,14,0.6910487595117293,8.0,1.0,0.17156952588431218,0.17156952588431215,12.0,0.0,0.13333333333333333,0.0,0.0
LTM,15,0.7111111111111111,14,0.7594206256787147,3.0,1.0,0.24206145913796356,0.2203386192723762,9.733333333333333,0.08888888888888889,0.09777777777777778,0.03111111111111111,0.017777777777777778
ATN,15,0.8888888888888888,14,0.6946717082396334,3.0,1.0,0.10856202966836191,0.11914876655437343,12.4,0.0,0.07555555555555556,0.0,0.0
ADBM,15,0.8133333333333334,14,0.7109726689364868,3.0,1.0,0.26141538664872743,0.2012553225165698,11.266666666666667,0.0,0.32,0.0,0.0
LTM,15,0.7422222222222222,14,0.764221794754019,5.0,1.0,0.22227244400788582,0.16234061930210733,10.2,0.02666666666666667,0.09777777777777778,0.013333333333333334,0.03111111111111111
ATN,15,0.8755555555555555,14,0.7214100619572593,5.0,1.0,0.11463542934656053,0.06348802445427348,12.2,0.0,0.05333333333333334,0.0,0.0
ADBM,15,0.8355555555555556,14,0.7038917307610704,5.0,1.0,0.2294027516260407,0.18800657494890602,11.6,0.0,0.23555555555555555,0.0,0.0
LTM,15,0.76,14,0.7555140990168117,4.0,1.0,0.2606395794400066,0.13589415249850587,10.466666666666667,0.017777777777777778,0.17333333333333334,0.022222222222222223,0.05333333333333334
ATN,15,0.8844444444444445,14,0.7169761821093062,4.0,1.0,0.10836109875802925,0.0666116910820505,12.333333333333334,0.0,0.04,0.0,0.0
ADBM,15,0.8355555555555556,14,0.699318683891515,4.0,1.0,0.26093277824810746,0.141018367290724,11.6,0.0,0.18666666666666668,0.0,0.0
LTM,15,0.7422222222222222,14,0.7542598485383841,4.0,1.0,0.2776071227347294,0.12177518355752223,10.2,0.0044444444444444444,0.13333333333333333,0.022222222222222223,0.057777777777777775
ATN,15,0.8577777777777778,14,0.7325896225602653,4.0,1.0,0.1241671456038311,0.08747120733748254,11.933333333333334,0.0,0.07111111111111111,0.0,0.0
ADBM,15,0.7911111111111111,14,0.7124869974792528,4.0,1.0,0.2899426951341697,0.23376650702729918,10.933333333333334,0.0,0.4266666666666667,0.0,0.0
LTM,15,0.7333333333333333,14,0.7894769668722055,10.0,1.0,0.21458067067348446,0.17520438393807844,10.066666666666666,0.08444444444444445,0.13333333333333333,0.03111111111111111,0.044444444444444446
ATN,15,0.8622222222222222,14,0.7177872172543566,10.0,1.0,0.11115391058168976,0.08991642922158856,12.0,0.0,0.06222222222222222,0.0,0.0
ADBM,15,0.8088888888888889,14,0.7111957980814373,10.0,1.0,0.2677288063524866,0.2132567979771933,11.2,0.0,0.32,0.0,0.0
LTM,15,0.7022222222222222,14,0.7515253247067903,3.0,1.0,0.2845085805722829,0.17529964471139708,9.6,0.06222222222222222,0.12,0.008888888888888889,0.06222222222222222
ATN,15,0.8311111111111111,14,0.7439191192699856,2.0,1.0,0.14177247620671712,0.10443955294199771,11.533333333333333,0.0,0.1511111111111111,0.0,0.0
ADBM,15,0.7688888888888888,14,0.7186831108404291,2.0,1.0,0.37202012419635583,0.2016622805663374,10.6,0.0,0.44,0.0,0.0
LTM,15,0.7111111111111111,14,0.7679467851676384,1.0,1.0,0.3082297525501762,0.18638058701025093,9.733333333333333,0.07555555555555556,0.12444444444444444,0.04,0.08
ATN,15,0.8933333333333333,14,0.6683914654317923,1.0,1.0,0.1047817686593229,0.18453046075410492,12.466666666666667,0.0,0.044444444444444446,0.0,0.0
ADBM,15,0.7822222222222223,14,0.7193735280874687,1.0,1.0,0.36082261632087637,0.20236937717204445,10.8,0.0,0.27111111111111114,0.0,0.0
LTM,15,0.7022222222222222,14,0.7907033708570023,7.0,1.0,0.24565023564461508,0.20255989857185988,9.6,0.04888888888888889,0.12444444444444444,0.035555555555555556,0.07111111111111111
ATN,15,0.8533333333333334,14,0.7341665664535518,3.0,1.0,0.11512318712703239,0.08956429753454856,11.866666666666667,0.0,0.09333333333333334,0.0,0.0
ADBM,15,0.76,14,0.7250435818657278,3.0,1.0,0.3598477353663454,0.23397033669683387,10.466666666666667,0.0,0.4444444444444444,0.0,0.0
LTM,15,0.7644444444444445,14,0.7826151027916062,4.0,1.0,0.20812236607673093,0.14317308415003438,10.533333333333333,0.013333333333333334,0.11555555555555555,0.04,0.044444444444444446
ATN,15,0.8977777777777778,14,0.6982404896773503,4.0,1.0,0.09252072819489703,0.07872020995385791,12.533333333333333,0.0,0.02666666666666667,0.0,0.0
ADBM,15,0.8666666666666667,14,0.6946099158080631,4.0,1.0,0.2116632998270134,0.13002373149669483,12.066666666666666,0.0,0.12444444444444444,0.0,0.0
LTM,15,0.7155555555555555,14,0.7666827503671263,2.0,1.0,0.3217161759993771,0.18116153292383735,9.8,0.04,0.1288888888888889,0.03111111111111111,0.12444444444444444
ATN,15,0.8622222222222222,14,0.7212390610878701,2.0,1.0,0.11493144633358857,0.0798553267259261,12.0,0.0,0.04888888888888889,0.0,0.0
ADBM,15,0.8044444444444444,14,0.7086313176027013,2.0,1.0,0.29126481364822865,0.21120793088407067,11.133333333333333,0.0,0.29777777777777775,0.0,0.0
LTM,15,0.7022222222222222,14,0.7713693652212917,1.0,1.0,0.29342018668797354,0.11271205817177161,9.6,0.10666666666666667,0.09333333333333334,0.03111111111111111,0.057777777777777775
ATN,15,0.8444444444444444,14,0.7312778266981729,1.0,1.0,0.14516341786697615,0.14516341786697615,11.733333333333333,0.0,0.11555555555555555,0.0,0.0
ADBM,15,0.8622222222222222,14,0.6968358577495106,1.0,1.0,0.16906228643147886,0.14747776965906842,12.0,0.0,0.16,0.0,0.0
LTM,15,0.7377777777777778,14,0.7709792549887513,4.0,1.0,0.18851530780325118,0.2805296550765935,10.133333333333333,0.09333333333333334,0.09777777777777778,0.07555555555555556,0.022222222222222223
ATN,15,0.8622222222222222,14,0.7221553997412986,4.0,1.0,0.11115391058168976,0.11115391058168976,12.0,0.0,0.07111111111111111,0.0,0.0
ADBM,15,0.7822222222222223,14,0.7159193604193987,4.0,1.0,0.2995393822177807,0.26262225184943855,10.8,0.0,0.4177777777777778,0.0,0.0
LTM,15,0.7466666666666667,14,0.7734186327868338,4.0,1.0,0.21396659912088759,0.27457560679782994,10.266666666666667,0.022222222222222223,0.1511111111111111,0.07111111111111111,0.04
ATN,15,0.8933333333333333,14,0.7152158629348656,3.0,1.0,0.09269537364300276,0.09689183597016426,12.466666666666667,0.0,0.044444444444444446,0.0,0.0
ADBM,15,0.84,14,0.6967456789577667,3.0,1.0,0.24517075593243556,0.16915856600052845,11.666666666666666,0.0,0.24,0.0,0.0
LTM,15,0.7288888888888889,14,0.7751574459495832,3.0,1.0,0.33062052955429166,0.16385802347425013,10.0,0.04,0.1511111111111111,0.04,0.08888888888888889
ATN,15,0.8755555555555555,14,0.7017728641844357,3.0,1.0,0.1598898440295212,0.11463542934656053,12.2,0.0,0.07111111111111111,0.0,0.0
ADBM,15,0.7777777777777778,14,0.7202398990561663,3.0,1.0,0.321802503582482,0.22131333406899528,10.733333333333333,0.0,0.4088888888888889,0.0,0.0
LTM,15,0.7422222222222222,14,0.7537739499779206,6.0,1.0,0.2514664529895527,0.1658523584694655,10.2,0.044444444444444446,0.1288888888888889,0.035555555555555556,0.044444444444444446
ATN,15,0.8622222222222222,14,0.7227551665758829,6.0,1.0,0.12213651539890553,0.0989598670240491,12.0,0.0,0.05333333333333334,0.0,0.0
ADBM,15,0.8311111111111111,14,0.7223331550435117,6.0,1.0,0.2266089259040509,0.16289169826460176,11.533333333333333,0.0,0.2222222222222222,0.0,0.0
LTM,15,0.7422222222222222,14,0.770832941934887,7.0,1.0,0.28979455377906815,0.1823996860807217,10.2,0.008888888888888889,0.08,0.02666666666666667,0.11555555555555555
ATN,15,0.8711111111111111,14,0.6817981553170942,6.0,1.0,0.17226472465442993,0.11001968700432567,12.133333333333333,0.0,0.008888888888888889,0.0,0.0
ADBM,15,0.8177777777777778,14,0.7016619985629127,6.0,1.0,0.2781085811922337,0.18860228247818647,11.333333333333334,0.0,0.16444444444444445,0.0,0.0
LTM,15,0.7511111111111111,14,0.7706646104198152,11.0,1.0,0.18210465169243018,0.1851688822209449,10.333333333333334,0.035555555555555556,0.08888888888888889,0.04888888888888889,0.017777777777777778
ATN,15,0.8711111111111111,14,0.7131283333612487,3.0,1.0,0.09358157805388898,0.11375867647304182,12.133333333333333,0.0,0.05333333333333334,0.0,0.0
ADBM,15,0.8,14,0.7199254619829306,3.0,1.0,0.26352313834736496,0.2249338527106093,11.066666666666666,0.0,0.35555555555555557,0.0,0.0
LTM,15,0.7288888888888889,14,0.751403556459202,2.0,1.0,0.28395074843118606,0.2455843576513761,10.0,0.035555555555555556,0.2088888888888889,0.057777777777777775,0.04888888888888889
ATN,15,0.84,14,0.7147268515617131,2.0,1.0,0.16915856600052842,0.14005824550278692,11.666666666666666,0.0,0.12444444444444444,0.0,0.0
ADBM,15,0.7511111111111111,14,0.7310729206482025,2.0,1.0,0.35734662340979345,0.27350009660059865,10.333333333333334,0.0,0.52,0.0,0.0
LTM,15,0.7511111111111111,14,0.7486744316339213,2.0,1.0,0.26086363907401827,0.1554310714386236,10.333333333333334,0.044444444444444446,0.07111111111111111,0.05333333333333334,0.008888888888888889
ATN,15,0.8622222222222222,14,0.7153352883200196,2.0,1.0,0.15315934049567392,0.09454633659052694,12.0,0.0,0.09333333333333334,0.0,0.0
ADBM,15,0.8622222222222222,14,0.7066077653149022,2.0,1.0,0.2034520569430632,0.11858871310145336,12.0,0.0,0.13777777777777778,0.0,0.0
LTM,15,0.7422222222222222,14,0.7762978695489083,5.0,1.0,0.20890763196393036,0.13089786705463513,10.2,0.06222222222222222,0.1288888888888889,0.022222222222222223,0.035555555555555556
ATN,15,0.8844444444444445,14,0.69119856558251,1.0,1.0,0.11204372155133765,0.10454883982627954,12.333333333333334,0.0,0.06222222222222222,0.0,0.0
ADBM,15,0.8044444444444444,14,0.7046045396462104,1.0,1.0,0.25343919388237574,0.22688479960748079,11.133333333333333,0.0,0.36444444444444446,0.0,0.0
LTM,15,0.7288888888888889,14,0.7769639841467003,10.0,1.0,0.2839507484311861,0.12206005596358681,10.0,0.02666666666666667,0.14222222222222222,0.057777777777777775,0.04
ATN,15,0.8222222222222222,14,0.7273057164777172,5.0,1.0,0.16691865885109874,0.11736435639822906,11.4,0.0,0.10666666666666667,0.0,0.0
ADBM,15,0.8755555555555555,14,0.6817371684703136,5.0,1.0,0.19060896807633082,0.12827396388753548,12.2,0.0,0.12444444444444444,0.0,0.0
LTM,15,0.7333333333333333,14,0.7787746551695192,1.0,1.0,0.18819969800246023,0.19437181229994496,10.066666666666666,0.008888888888888889,0.11555555555555555,0.05333333333333334,0.022222222222222223
ATN,15,0.8666666666666667,14,0.7063526512972575,1.0,1.0,0.11260385457098454,0.11260385457098455,12.066666666666666,0.0,0.09333333333333334,0.0,0.0
ADBM,15,0.8311111111111111,14,0.7026031126090173,1.0,1.0,0.2075547445553432,0.21834577940267974,11.533333333333333,0.0,0.29333333333333333,0.0,0.0
LTM,15,0.7466666666666667,14,0.7855082142496641,2.0,1.0,0.2766416675862441,0.1439688883624741,10.266666666666667,0.013333333333333334,0.1111111111111111,0.04888888888888889,0.08
ATN,15,0.8888888888888888,14,0.7116123757536545,2.0,1.0,0.09682458365518545,0.08345229603962805,12.4,0.0,0.04,0.0,0.0
ADBM,15,0.8711111111111111,14,0.6975607233928872,2.0,1.0,0.15966092395581477,0.14881125918743784,12.133333333333333,0.0,0.13333333333333333,0.0,0.0
LTM,15,0.7511111111111111,14,0.7341220231839383,2.0,1.0,0.25431005852333316,0.20534213003542193,10.333333333333334,0.05333333333333334,0.09777777777777778,0.0,0.017777777777777778
ATN,15,0.8844444444444445,14,0.6892943053933879,2.0,1.0,0.11906775873059137,0.14656787337054175,12.333333333333334,0.0,0.04,0.0,0.0
ADBM,15,0.8088888888888889,14,0.6850023164814596,2.0,1.0,0.3034084498256505,0.215519933143734,11.2,0.0,0.27111111111111114,0.0,0.0
LTM,15,0.7155555555555555,14,0.7665356462377487,3.0,1.0,0.2715520968711065,0.20064817506634955,9.8,0.02666666666666667,0.18222222222222223,0.044444444444444446,0.035555555555555556
ATN,15,0.8577777777777778,14,0.712699096849077,3.0,1.0,0.14047089856710834,0.1132639575032335,11.933333333333334,0.0,0.09333333333333334,0.0,0.0
ADBM,15,0.7022222222222222,14,0.7509489415003248,3.0,1.0,0.38624636798446854,0.3020689979007367,9.6,0.0,0.7022222222222222,0.0,0.0
LTM,15,0.7244444444444444,14,0.7800461961954654,4.0,1.0,0.29690607657119256,0.18687575199681306,9.933333333333334,0.02666666666666667,0.24444444444444444,0.04,0.08
ATN,15,0.88,14,0.7177800139662296,4.0,1.0,0.1349129181146963,0.07683220497531966,12.266666666666667,0.0,0.04,0.0,0.0
ADBM,15,0.7555555555555555,14,0.7243837519842665,4.0,1.0,0.36634222228129937,0.2126731215940128,10.4,0.0,0.4622222222222222,0.0,0.0
LTM,15,0.7066666666666667,14,0.7842552814347871,9.0,1.0,0.25162847531546284,0.23053308158203123,9.666666666666666,0.02666666666666667,0.1288888888888889,0.07111111111111111,0.035555555555555556
ATN,15,0.8711111111111111,14,0.6951658706801931,7.0,1.0,0.14012378822971333,0.11737862419225496,12.133333333333333,0.0,0.07555555555555556,0.0,0.0
ADBM,15,0.76,14,0.7360767595755756,9.0,1.0,0.33451840521279114,0.24318527044123042,10.466666666666667,0.0,0.4666666666666667,0.0,0.0
LTM,15,0.7333333333333333,14,0.7614380345618328,4.0,1.0,0.19738550848793068,0.2661545653495999,10.066666666666666,0.022222222222222223,0.24888888888888888,0.017777777777777778,0.035555555555555556
ATN,15,0.9066666666666666,14,0.6943394384780459,4.0,1.0,0.09942991232100197,0.07761745042819823,12.666666666666666,0.0,0.017777777777777778,0.0,0.0
ADBM,15,0.8133333333333334,14,0.7083628486836082,4.0,1.0,0.2808840368043928,0.18895684078636357,11.266666666666667,0.0,0.26222222222222225,0.0,0.0
LTM,15,0.7155555555555555,14,0.7369962321758555,1.0,1.0,0.32363765143137957,0.19753394298980487,9.8,0.12,0.1288888888888889,0.008888888888888889,0.06666666666666667
ATN,15,0.8666666666666667,14,0.7113968144258196,1.0,1.0,0.13637004006583356,0.1233513424211189,12.066666666666666,0.0,0.08444444444444445,0.0,0.0
ADBM,15,0.7911111111111111,14,0.718219522185838,1.0,1.0,0.32304243131497135,0.1959976097639122,10.933333333333334,0.0,0.28888888888888886,0.0,0.0
LTM,15,0.7288888888888889,14,0.7732584080109329,2.0,1.0,0.2665846804649276,0.14447856089870542,10.0,0.035555555555555556,0.15555555555555556,0.035555555555555556,0.06666666666666667
ATN,15,0.88,14,0.717523609774617,1.0,1.0,0.1040312973220599,0.08199435898214635,12.266666666666667,0.0,0.035555555555555556,0.0,0.0
ADBM,15,0.8133333333333334,14,0.7069237931758122,1.0,1.0,0.3038636045714105,0.145971354025737,11.266666666666667,0.0,0.20444444444444446,0.0,0.0
LTM,15,0.7466666666666667,14,0.7518288951033001,6.0,1.0,0.3510319023984256,0.1516731275121913,10.266666666666667,0.0,0.16444444444444445,0.022222222222222223,0.09333333333333334
ATN,15,0.8533333333333334,14,0.7261482166968612,6.0,1.0,0.14823176532039278,0.07923321138079843,11.866666666666667,0.0,0.06666666666666667,0.0,0.0
ADBM,15,0.84,14,0.6957773046128869,6.0,1.0,0.25943659383153883,0.13680819164624358,11.666666666666666,0.0,0.19111111111111112,0.0,0.0
LTM,15,0.72,14,0.7865023137489523,4.0,1.0,0.2623586468420668,0.20164908994877784,9.866666666666667,0.057777777777777775,0.07111111111111111,0.04,0.08888888888888889
ATN,15,0.88,14,0.7124674146910874,4.0,1.0,0.10403129732205986,0.07129726879653937,12.266666666666667,0.0,0.013333333333333334,0.0,0.0
ADBM,15,0.8577777777777778,14,0.7023068914388815,4.0,1.0,0.2234596751590448,0.12064228689822412,11.933333333333334,0.0,0.13333333333333333,0.0,0.0
LTM,15,0.7422222222222222,14,0.7573944323854956,5.0,1.0,0.24212654633719438,0.23731879017935525,10.2,0.0,0.11555555555555555,0.06222222222222222,0.08
ATN,15,0.8666666666666667,14,0.712239248107528,5.0,1.0,0.15107392400953315,0.12673145708429442,12.066666666666666,0.0,0.09333333333333334,0.0,0.0
ADBM,15,0.76,14,0.7282817347834707,5.0,1.0,0.33451840521279114,0.2648234676599409,10.466666666666667,0.0,0.5644444444444444,0.0,0.0
LTM,15,0.7244444444444444,14,0.7903482738828065,4.0,1.0,0.2552787622752102,0.1247635316202835,9.933333333333334,0.04,0.14666666666666667,0.057777777777777775,0.08444444444444445
ATN,15,0.8666666666666667,14,0.7096216442571982,4.0,1.0,0.1267314570842944,0.10878565864408418,12.066666666666666,0.0,0.06222222222222222,0.0,0.0
ADBM,15,0.8622222222222222,14,0.6927672422813794,4.0,1.0,0.1859042100774947,0.15863755740216853,12.0,0.0,0.15555555555555556,0.0,0.0
LTM,15,0.7111111111111111,14,0.7729886637589196,4.0,1.0,0.21161844454448805,0.19622554442710635,9.733333333333333,0.09333333333333334,0.08,0.03111111111111111,0.044444444444444446
ATN,15,0.8444444444444444,14,0.7112983531252612,4.0,1.0,0.151172701224685,0.14206348592249016,11.733333333333333,0.0,0.13777777777777778,0.0,0.0
ADBM,15,0.7555555555555555,14,0.7311417398809459,4.0,1.0,0.32619225018851217,0.2576079169070476,10.4,0.0,0.4888888888888889,0.0,0.0
LTM,15,0.7111111111111111,14,0.748615127427184,3.0,1.0,0.2782578936115611,0.2978719163859335,9.733333333333333,0.035555555555555556,0.3466666666666667,0.04888888888888889,0.017777777777777778
ATN,15,0.8711111111111111,14,0.7223201681256392,3.0,1.0,0.11737862419225496,0.12762388589277432,12.133333333333333,0.0,0.07555555555555556,0.0,0.0
ADBM,15,0.7111111111111111,14,0.7312345205980468,3.0,1.0,0.36937749273995724,0.34476311743406823,9.733333333333333,0.0,0.7111111111111111,0.0,0.0
LTM,15,0.7288888888888889,14,0.746300824810028,3.0,1.0,0.2732263351822144,0.21440784316105196,10.0,0.10222222222222223,0.13333333333333333,0.04888888888888889,0.07555555555555556
ATN,15,0.8533333333333334,14,0.7186576901190579,3.0,1.0,0.15680704276503107,0.15114425908241247,11.866666666666667,0.0,0.08888888888888889,0.0,0.0
ADBM,15,0.7555555555555555,14,0.7233828529670991,3.0,1.0,0.32448293405559364,0.30138090488116465,10.4,0.0,0.5377777777777778,0.0,0.0
LTM,15,0.7511111111111111,14,0.7777586395353002,1.0,1.0,0.20806441584859478,0.13193313957820232,10.333333333333334,0.02666666666666667,0.08888888888888889,0.044444444444444446,0.05333333333333334
ATN,15,0.88,14,0.7137015401422352,1.0,1.0,0.08685022791228952,0.09144861547306325,12.266666666666667,0.0,0.035555555555555556,0.0,0.0
ADBM,15,0.7822222222222223,14,0.7200586958320336,1.0,1.0,0.27232112615385695,0.2484084522514099,10.8,0.0,0.43555555555555553,0.0,0.0
LTM,15,0.7022222222222222,14,0.7823879579831953,4.0,1.0,0.31663647639219944,0.19935632451782073,9.6,0.04,0.1511111111111111,0.08,0.08444444444444445
ATN,15,0.8622222222222222,14,0.7200487337647337,4.0,1.0,0.12213651539890553,0.12213651539890555,12.0,0.0,0.07111111111111111,0.0,0.0
ADBM,15,0.8666666666666667,14,0.6943142708977535,4.0,1.0,0.2325935218518321,0.10071594933968873,12.066666666666666,0.0,0.1111111111111111,0.0,0.0
LTM,15,0.7555555555555555,14,0.7588308122687133,1.0,1.0,0.20467835224905212,0.21527207491511763,10.4,0.035555555555555556,0.1111111111111111,0.035555555555555556,0.008888888888888889
ATN,15,0.8622222222222222,14,0.7233867000295422,1.0,1.0,0.09454633659052693,0.11858871310145336,12.0,0.0,0.08,0.0,0.0
ADBM,15,0.8222222222222222,14,0.7132396669448353,1.0,1.0,0.22240186600640413,0.19056313018151455,11.4,0.0,0.25333333333333335,0.0,0.0
Niche,15,0.7777777777777778,14,0.7574144390966125,1.0,1.0,0.26052201464870123,0.1879767990150115,10.733333333333333,0.0,0.26666666666666666,0.0,0.0
Cascade,15,0.8533333333333334,14,0.7507612093680464,3.0,1.0,0.13912894680578056,0.14823176532039278,11.866666666666667,0.0,0.05333333333333334,0.0,0.0
Random,15,0.8355555555555556,14,0.7420751481128041,2.0,1.0,0.16202525306106663,0.10817263645801178,11.6,0.02666666666666667,0.022222222222222223,0.008888888888888889,0.0044444444444444444
Niche,15,0.8844444444444445,14,0.6928681610810709,5.0,1.0,0.1437722980595944,0.1409212754494882,12.333333333333334,0.0,0.057777777777777775,0.0,0.0
Cascade,15,0.8311111111111111,14,0.7440787283487306,1.0,1.0,0.16568912711047773,0.16844010306853302,11.533333333333333,0.0,0.06222222222222222,0.0,0.0
Random,15,0.8355555555555556,14,0.7760659018217856,2.0,1.0,0.13441473875449203,0.08979756923475603,11.6,0.008888888888888889,0.02666666666666667,0.013333333333333334,0.0044444444444444444
Niche,15,0.88,14,0.7127992944518698,3.0,1.0,0.16745190854841077,0.11524830746297957,12.266666666666667,0.0,0.08,0.0,0.0
Cascade,15,0.8222222222222222,14,0.7490290801882186,2.0,1.0,0.18808281017480463,0.18556934116907983,11.4,0.0,0.1288888888888889,0.0,0.0
Random,15,0.8311111111111111,14,0.7571661849608439,4.0,1.0,0.14177247620671712,0.12451316241367517,11.533333333333333,0.008888888888888889,0.08888888888888889,0.0,0.0
Niche,15,0.8177777777777778,14,0.7350230480221465,1.0,1.0,0.21450923395083843,0.1834993806101536,11.333333333333334,0.0,0.1688888888888889,0.0,0.0
Cascade,15,0.7733333333333333,14,0.7560079819871043,3.0,1.0,0.2345081122195766,0.23223348899158955,10.666666666666666,0.0,0.24,0.0,0.0
Random,15,0.8044444444444444,14,0.7667138337532202,6.0,1.0,0.15807009565668115,0.1149459620189482,11.133333333333333,0.035555555555555556,0.044444444444444446,0.008888888888888889,0.0044444444444444444
Niche,15,0.8533333333333334,14,0.6775273520951572,1.0,1.0,0.17268478069054857,0.19182147927360557,11.866666666666667,0.0,0.057777777777777775,0.0,0.0
Cascade,15,0.8933333333333333,14,0.7044123948682108,6.0,1.0,0.09689183597016425,0.12229961961364591,12.466666666666667,0.0,0.017777777777777778,0.0,0.0
Random,15,0.92,14,0.7002375665582112,1.0,1.0,0.06819738754451594,0.07349167432421881,12.866666666666667,0.0,0.0044444444444444444,0.0,0.0
Niche,15,0.8711111111111111,14,0.7280369515205536,2.0,1.0,0.13086084668356798,0.13401964833228264,12.133333333333333,0.0,0.05333333333333334,0.0,0.0
Cascade,15,0.84,14,0.7496036024628873,4.0,1.0,0.11923643378807167,0.16098176280543172,11.666666666666666,0.0,0.09333333333333334,0.0,0.0
Random,15,0.8533333333333334,14,0.7620691094070678,1.0,1.0,0.12246309575308217,0.07923321138079843,11.866666666666667,0.0,0.022222222222222223,0.0,0.0044444444444444444
Niche,15,0.8355555555555556,14,0.696353082680119,1.0,1.0,0.20199763855235583,0.2294027516260407,11.6,0.0,0.12444444444444444,0.0,0.0
Cascade,15,0.8088888888888889,14,0.7613679311098495,6.0,1.0,0.1891419173413023,0.1785865227288091,11.2,0.0,0.15555555555555556,0.0,0.0
Random,15,0.8044444444444444,14,0.7647307975684011,12.0,1.0,0.18120488158954093,0.10606748178268248,11.133333333333333,0.022222222222222223,0.08,0.0,0.0044444444444444444
Niche,15,0.7866666666666666,14,0.715483676027962,3.0,1.0,0.2566471741256921,0.15757113223752,10.866666666666667,0.0,0.1511111111111111,0.0,0.0
Cascade,15,0.8844444444444445,14,0.7171463732609569,6.0,1.0,0.12888807010039863,0.13199925162375575,12.333333333333334,0.0,0.03111111111111111,0.0,0.0
Random,15,0.8666666666666667,14,0.7446370952412625,1.0,1.0,0.11260385457098455,0.09194066225649178,12.066666666666666,0.0,0.017777777777777778,0.0,0.008888888888888889
Niche,15,0.8488888888888889,14,0.7151762391702928,3.0,1.0,0.1717177150141723,0.1691327548988601,11.8,0.0,0.07111111111111111,0.0,0.0
Cascade,15,0.8844444444444445,14,0.7196789645343488,3.0,1.0,0.10454883982627954,0.10836109875802925,12.333333333333334,0.0,0.022222222222222223,0.0,0.0
Random,15,0.8844444444444445,14,0.7422664391164873,5.0,1.0,0.08765722245722707,0.06661169108205052,12.333333333333334,0.0,0.013333333333333334,0.0,0.0
Niche,15,0.8577777777777778,14,0.7201138947990898,3.0,1.0,0.19232900595501,0.1494015706823712,11.933333333333334,0.0,0.1111111111111111,0.0,0.0
Cascade,15,0.8088888888888889,14,0.7603572792513008,6.0,1.0,0.16444223182138082,0.19168996998888113,11.2,0.0,0.12,0.0,0.0
Random,15,0.84,14,0.7536540000210693,11.0,1.0,0.11143457936785138,0.12655824274263786,11.666666666666666,0.008888888888888889,0.05333333333333334,0.0,0.008888888888888889
Niche,15,0.8666666666666667,14,0.6953377897943285,2.0,1.0,0.14243386150346943,0.13323467750529822,12.066666666666666,0.0,0.04,0.0,0.0
Cascade,15,0.8355555555555556,14,0.7490597565954,5.0,1.0,0.1675441450734877,0.150381071919628,11.6,0.0,0.09777777777777778,0.0,0.0
Random,15,0.8577777777777778,14,0.7446303525924999,2.0,1.0,0.12759466566738817,0.11701129316721465,11.933333333333334,0.008888888888888889,0.02666666666666667,0.0,0.0
Niche,15,0.8222222222222222,14,0.7233073026817122,8.0,1.0,0.22028033707484035,0.19542935497828207,11.4,0.0,0.13333333333333333,0.0,0.0
Cascade,15,0.8577777777777778,14,0.7148157360609746,5.0,1.0,0.1132639575032335,0.20323641363813258,11.933333333333334,0.0,0.09333333333333334,0.0,0.0
Random,15,0.8666666666666667,14,0.7455038563803316,4.0,1.0,0.09642818008123208,0.10878565864408424,12.066666666666666,0.0,0.03111111111111111,0.0,0.0
Niche,15,0.8711111111111111,14,0.7196353689329937,7.0,1.0,0.11375867647304183,0.11001968700432567,12.133333333333333,0.0,0.08444444444444445,0.0,0.0
Cascade,15,0.8533333333333334,14,0.7383145434316536,3.0,1.0,0.1595630892916207,0.16227233364889143,11.866666666666667,0.0,0.044444444444444446,0.0,0.0
Random,15,0.84,14,0.7512842850707654,1.0,1.0,0.10304369857144456,0.14323457321862818,11.666666666666666,0.008888888888888889,0.022222222222222223,0.008888888888888889,0.0
Niche,15,0.8088888888888889,14,0.7340879936029033,2.0,1.0,0.22217106174896403,0.14229753938433987,11.2,0.0,0.16444444444444445,0.0,0.0
Cascade,15,0.8044444444444444,14,0.7735751522023974,1.0,1.0,0.16712136422380303,0.19677906288552388,11.133333333333333,0.0,0.12,0.0,0.0
Random,15,0.8177777777777778,14,0.7802623749215657,6.0,1.0,0.1393952497281485,0.12503375185696722,11.333333333333334,0.008888888888888889,0.07111111111111111,0.0,0.008888888888888889
Niche,15,0.88,14,0.7186688251830327,10.0,1.0,0.14085904245475278,0.11875209285147363,12.266666666666667,0.0,0.08,0.0,0.0
Cascade,15,0.8577777777777778,14,0.723944911577395,1.0,1.0,0.15226210290722092,0.14350955370155818,11.933333333333334,0.0,0.044444444444444446,0.0,0.0
Random,15,0.8711111111111111,14,0.7364446844129731,4.0,1.0,0.10213188356136857,0.10614907717055935,12.133333333333333,0.0,0.022222222222222223,0.0,0.0
Niche,15,0.8444444444444444,14,0.7118007243215491,5.0,1.0,0.1679151235648669,0.19942537157706536,11.733333333333333,0.0,0.08,0.0,0.0
Cascade,15,0.8488888888888889,14,0.747518530056957,3.0,1.0,0.12405488998632298,0.1717177150141723,11.8,0.0,0.06222222222222222,0.0,0.0
Random,15,0.8844444444444445,14,0.7371919625151953,2.0,1.0,0.08765722245722704,0.0964734382043494,12.333333333333334,0.0,0.008888888888888889,0.0,0.008888888888888889
Niche,15,0.9066666666666666,14,0.6843895134386475,2.0,1.0,0.11391127488845348,0.09133220638354693,12.666666666666666,0.0,0.017777777777777778,0.0,0.0
Cascade,15,0.8711111111111111,14,0.7383988501854656,4.0,1.0,0.11001968700432567,0.13401964833228266,12.133333333333333,0.0,0.05333333333333334,0.0,0.0
Random,15,0.8888888888888888,14,0.7194378225880833,11.0,1.0,0.1085620296683619,0.10088890637018243,12.4,0.0,0.02666666666666667,0.0,0.0
Niche,15,0.8088888888888889,14,0.7315725203098011,2.0,1.0,0.29200005057199085,0.15843133594339365,11.2,0.0,0.18222222222222223,0.0,0.0
Cascade,15,0.8266666666666667,14,0.7438455431856612,2.0,1.0,0.13901477538247334,0.2040179135592503,11.466666666666667,0.0,0.1111111111111111,0.0,0.0
Random,15,0.8088888888888889,14,0.772365409820805,7.0,1.0,0.16444223182138082,0.1316717533051616,11.2,0.0,0.07111111111111111,0.0044444444444444444,0.008888888888888889
Niche,15,0.8933333333333333,14,0.6958373779862249,3.0,1.0,0.10851181791044323,0.14327025524377263,12.466666666666667,0.0,0.017777777777777778,0.0,0.0
Cascade,15,0.8844444444444445,14,0.7096598536747486,2.0,1.0,0.10454883982627954,0.11560909719438173,12.333333333333334,0.0,0.017777777777777778,0.0,0.0
Random,15,0.9022222222222223,14,0.6973008048793363,2.0,1.0,0.08316228086765584,0.11124719005552923,12.6,0.0,0.013333333333333334,0.0,0.0
Niche,15,0.8622222222222222,14,0.7087689694862416,7.0,1.0,0.19267203191102253,0.12213651539890555,12.0,0.0,0.07111111111111111,0.0,0.0
Cascade,15,0.8888888888888888,14,0.7112347694087823,3.0,1.0,0.10479571965086582,0.1349603116263656,12.4,0.0,0.022222222222222223,0.0,0.0
Random,15,0.8844444444444445,14,0.7347188671088107,6.0,1.0,0.09217080049528759,0.0921708004952876,12.333333333333334,0.0,0.013333333333333334,0.0,0.0044444444444444444
Niche,15,0.8,14,0.7431928267724975,3.0,1.0,0.22047927592204924,0.22712838128974894,11.066666666666666,0.0,0.23555555555555555,0.0,0.0
Cascade,15,0.8622222222222222,14,0.7338865537706767,14.0,1.0,0.10724339755376094,0.17888051534013555,12.0,0.0,0.04888888888888889,0.0,0.0
Random,15,0.8666666666666667,14,0.7358379001298323,6.0,1.0,0.13002373149669483,0.07692307692307689,12.066666666666666,0.017777777777777778,0.008888888888888889,0.0,0.0
Niche,15,0.8666666666666667,14,0.6951185976615619,1.0,1.0,0.14243386150346937,0.18388132451298358,12.066666666666666,0.0,0.08888888888888889,0.0,0.0
Cascade,15,0.8088888888888889,14,0.7668577203965021,2.0,1.0,0.17024102620691942,0.20156032196222237,11.2,0.0,0.13777777777777778,0.0,0.0
Random,15,0.8177777777777778,14,0.7732293357266169,7.0,1.0,0.18860228247818644,0.13240935531563194,11.333333333333334,0.0,0.09777777777777778,0.0,0.0044444444444444444
Niche,15,0.8933333333333333,14,0.7049220239432326,8.0,1.0,0.12229961961364591,0.12551012923463908,12.466666666666667,0.0,0.04,0.0,0.0
Cascade,15,0.88,14,0.7169058498964697,1.0,1.0,0.1349129181146963,0.12546646533497352,12.266666666666667,0.0,0.044444444444444446,0.0,0.0
Random,15,0.8888888888888888,14,0.7337832778952251,10.0,1.0,0.06748015581318283,0.0784902177708426,12.4,0.0,0.008888888888888889,0.0,0.0
Niche,15,0.8,14,0.7302229466421307,4.0,1.0,0.20653989967735087,0.21821789023599236,11.066666666666666,0.0,0.14666666666666667,0.0,0.0
Cascade,15,0.8311111111111111,14,0.7381719504619938,5.0,1.0,0.21623065902840352,0.19142805863742096,11.533333333333333,0.0,0.12,0.0,0.0
Random,15,0.8222222222222222,14,0.7520537227573354,3.0,1.0,0.11736435639822906,0.13240485096125285,11.4,0.008888888888888889,0.04,0.013333333333333334,0.0
Niche,15,0.9111111111111111,14,0.6893190288933346,6.0,1.0,0.09032391217293186,0.10946535242094084,12.733333333333333,0.0,0.02666666666666667,0.0,0.0
Cascade,15,0.9066666666666666,14,0.6920555881357349,5.0,1.0,0.11046904895071352,0.0954669560294266,12.666666666666666,0.0,0.022222222222222223,0.0,0.0
Random,15,0.9022222222222223,14,0.6825193484124614,5.0,1.0,0.092064961060932,0.11805053744600698,12.6,0.0,0.008888888888888889,0.0,0.0
Niche,15,0.88,14,0.6964975598214828,14.0,1.0,0.14085904245475275,0.16498561904900005,12.266666666666667,0.0,0.08,0.0,0.0
Cascade,15,0.92,14,0.6823684921167573,3.0,1.0,0.07349167432421881,0.07842938685248779,12.866666666666667,0.0,0.0,0.0,0.0
Random,15,0.8711111111111111,14,0.7329382675134398,10.0,1.0,0.10614907717055935,0.12430266009222593,12.133333333333333,0.0,0.03111111111111111,0.0,0.0
Niche,15,0.8755555555555555,14,0.7058249370322425,1.0,1.0,0.15727851152111338,0.09486897002725475,12.2,0.0,0.02666666666666667,0.0,0.0
Cascade,15,0.8444444444444444,14,0.7308666094177108,1.0,1.0,0.14819852138666942,0.14819852138666942,11.733333333333333,0.0,0.06222222222222222,0.0,0.0
Random,15,0.88,14,0.7236399908189977,3.0,1.0,0.1221554204287659,0.09144861547306324,12.266666666666667,0.0,0.013333333333333334,0.0044444444444444444,0.0
Niche,15,0.7866666666666666,14,0.7478660012005389,5.0,1.0,0.21771580641805302,0.2336279449506817,10.866666666666667,0.0,0.24444444444444444,0.0,0.0
Cascade,15,0.8088888888888889,14,0.759600235549543,2.0,1.0,0.17858652272880912,0.17024102620691944,11.2,0.0,0.12444444444444444,0.0,0.0
Random,15,0.8044444444444444,14,0.7880431786837971,5.0,1.0,0.18654080680811194,0.12318619109787952,11.133333333333333,0.017777777777777778,0.09333333333333334,0.0044444444444444444,0.0044444444444444444
Niche,15,0.9022222222222223,14,0.685385185323261,7.0,1.0,0.10768445220750773,0.12757710427561506,12.6,0.0,0.02666666666666667,0.0,0.0
Cascade,15,0.8933333333333333,14,0.6990107193633965,4.0,1.0,0.11900252675800276,0.128640538413632,12.466666666666667,0.0,0.022222222222222223,0.0,0.0
Random,15,0.8933333333333333,14,0.7104014964037791,10.0,1.0,0.09689183597016426,0.08829969825521812,12.466666666666667,0.0,0.013333333333333334,0.0,0.0
Niche,15,0.7688888888888888,14,0.7236568886895283,1.0,1.0,0.32913189510455587,0.2639410417764364,10.6,0.0,0.3466666666666667,0.0,0.0
Cascade,15,0.8,14,0.7645045622032425,10.0,1.0,0.20892772350933625,0.19920476822239896,11.066666666666666,0.0,0.1511111111111111,0.0,0.0
Random,15,0.8088888888888889,14,0.7878076696627478,2.0,1.0,0.12793385368877613,0.11599970613445004,11.2,0.013333333333333334,0.057777777777777775,0.0044444444444444444,0.008888888888888889
Niche,15,0.8977777777777778,14,0.6977947945164807,7.0,1.0,0.11526713550176865,0.1186349460472248,12.533333333333333,0.0,0.017777777777777778,0.0,0.0
Cascade,15,0.8355555555555556,14,0.7431431462184013,3.0,1.0,0.1831054731708352,0.13775612855292482,11.6,0.0,0.1111111111111111,0.0,0.0
Random,15,0.8355555555555556,14,0.7577738269648343,2.0,1.0,0.1473262971510678,0.1038840234050722,11.6,0.0,0.06222222222222222,0.0,0.0
Niche,15,0.9066666666666666,14,0.678792838501413,9.0,1.0,0.09133220638354693,0.12050109579579824,12.666666666666666,0.0,0.04888888888888889,0.0,0.0
Cascade,15,0.84,14,0.7370437970721843,1.0,1.0,0.16647759494764314,0.14634197551258551,11.666666666666666,0.0,0.07111111111111111,0.0,0.0
Random,15,0.8666666666666667,14,0.7461149571734181,6.0,1.0,0.09642818008123208,0.07692307692307689,12.066666666666666,0.0,0.013333333333333334,0.0,0.0
Niche,15,0.8444444444444444,14,0.7158824429207405,1.0,1.0,0.19942537157706536,0.15695207327179028,11.733333333333333,0.0,0.08,0.0,0.0
Cascade,15,0.8622222222222222,14,0.7442126149730431,1.0,1.0,0.14455326708478428,0.10724339755376092,12.0,0.0,0.03111111111111111,0.0,0.0
Random,15,0.8755555555555555,14,0.7210430152653852,7.0,1.0,0.11463542934656056,0.1181926973165343,12.2,0.0,0.04,0.008888888888888889,0.0
Niche,15,0.8577777777777778,14,0.723118031870673,2.0,1.0,0.14350955370155818,0.11701129316721465,11.933333333333334,0.0,0.06666666666666667,0.0,0.0
Cascade,15,0.8488888888888889,14,0.7342140337909437,1.0,1.0,0.15837155457857777,0.14979417441811146,11.8,0.0,0.06222222222222222,0.0,0.0
Random,15,0.8533333333333334,14,0.7428075518011021,5.0,1.0,0.12597277731716483,0.1112718176840582,11.866666666666667,0.0,0.03111111111111111,0.0044444444444444444,0.0
Niche,15,0.9066666666666666,14,0.703294261286085,2.0,1.0,0.10691605588234854,0.09133220638354693,12.666666666666666,0.0,0.013333333333333334,0.0,0.0
Cascade,15,0.8533333333333334,14,0.7348744638433572,4.0,1.0,0.17268478069054857,0.15114425908241247,11.866666666666667,0.0,0.057777777777777775,0.0,0.0
Random,15,0.8622222222222222,14,0.7606487997208089,1.0,1.0,0.10318478957746507,0.08991642922158856,12.0,0.0044444444444444444,0.02666666666666667,0.0,0.0044444444444444444
Niche,15,0.8755555555555555,14,0.7042034064641807,2.0,1.0,0.14059565413401387,0.16498856414539723,12.2,0.0,0.044444444444444446,0.0,0.0
Cascade,15,0.8755555555555555,14,0.720494219364565,2.0,1.0,0.10716724120035483,0.13761869758097417,12.2,0.0,0.035555555555555556,0.0,0.0
Random,15,0.8711111111111111,14,0.7304403333222251,2.0,1.0,0.10614907717055935,0.08899891463769483,12.133333333333333,0.017777777777777778,0.008888888888888889,0.0,0.0
Niche,15,0.8622222222222222,14,0.7159708554301115,1.0,1.0,0.1740406496508673,0.11858871310145337,12.0,0.0,0.06666666666666667,0.0,0.0
Cascade,15,0.8711111111111111,14,0.7158124845973793,1.0,1.0,0.1543314639005528,0.10213188356136857,12.133333333333333,0.0,0.07111111111111111,0.0,0.0
Random,15,0.88,14,0.7226895076965311,5.0,1.0,0.10001311733461404,0.11163460569894049,12.266666666666667,0.0,0.013333333333333334,0.0,0.0044444444444444444
Niche,15,0.8177777777777778,14,0.723878676416951,7.0,1.0,0.2454693432747003,0.19357070859934683,11.333333333333334,0.0,0.12444444444444444,0.0,0.0
Cascade,15,0.8488888888888889,14,0.7344893331872796,1.0,1.0,0.16384052929497225,0.12405488998632298,11.8,0.0,0.06666666666666667,0.0,0.0
Random,15,0.8533333333333334,14,0.7407804736499373,2.0,1.0,0.1327139865731674,0.11884981707119764,11.866666666666667,0.0044444444444444444,0.04888888888888889,0.0,0.0
Niche,15,0.8888888888888888,14,0.6828634603837238,1.0,1.0,0.1517752097205413,0.11914876655437343,12.4,0.0,0.017777777777777778,0.0,0.0
Cascade,15,0.8577777777777778,14,0.7370005130792294,2.0,1.0,0.13093249163649995,0.1709508075363089,11.933333333333334,0.0,0.05333333333333334,0.0,0.0
Random,15,0.8622222222222222,14,0.7550461679842111,3.0,1.0,0.10724339755376093,0.1031847895774651,12.0,0.0044444444444444444,0.013333333333333334,0.0044444444444444444,0.0
Niche,15,0.8488888888888889,14,0.7157563872908874,4.0,1.0,0.15837155457857774,0.15556498458722906,11.8,0.0,0.07111111111111111,0.0,0.0
Cascade,15,0.8488888888888889,14,0.7252075743601659,7.0,1.0,0.12755665642971872,0.1911430161156127,11.8,0.0,0.08,0.0,0.0
Random,15,0.8577777777777778,14,0.7452609442798555,6.0,1.0,0.10938832391953315,0.11326395750323347,11.933333333333334,0.0044444444444444444,0.02666666666666667,0.0,0.013333333333333334
Niche,15,0.8622222222222222,14,0.7152745487782168,7.0,1.0,0.1859042100774947,0.16393280835751842,12.0,0.0,0.08444444444444445,0.0,0.0
Cascade,15,0.8933333333333333,14,0.7225733384031016,8.0,1.0,0.08367341948975937,0.09269537364300275,12.466666666666667,0.0,0.008888888888888889,0.0,0.0
Random,15,0.8533333333333334,14,0.7418885421117503,1.0,1.0,0.10313852725132072,0.09882117688026186,11.866666666666667,0.0,0.013333333333333334,0.0044444444444444444,0.0
Niche,15,0.8888888888888888,14,0.6899592771533162,2.0,1.0,0.09258200997725519,0.13790524697362733,12.4,0.0,0.057777777777777775,0.0,0.0
Cascade,15,0.8888888888888888,14,0.7068697936381803,1.0,1.0,0.12247448713915891,0.09258200997725519,12.4,0.0,0.022222222222222223,0.0,0.0
Random,15,0.8888888888888888,14,0.7171825026186902,4.0,1.0,0.11572751247156897,0.08813544770895052,12.4,0.0044444444444444444,0.022222222222222223,0.0,0.0044444444444444444
Niche,15,0.88,14,0.6919349711645232,8.0,1.0,0.19036547352852826,0.10001311733461406,12.266666666666667,0.0,0.02666666666666667,0.0,0.0
Cascade,15,0.84,14,0.7443340894546757,4.0,1.0,0.17179770453402093,0.16098176280543175,11.666666666666666,0.0,0.07111111111111111,0.0,0.0
Random,15,0.84,14,0.7645782577626916,1.0,1.0,0.10732117520362115,0.14938475366893972,11.666666666666666,0.013333333333333334,0.0044444444444444444,0.013333333333333334,0.0
Niche,15,0.7111111111111111,14,0.7474378434687003,2.0,1.0,0.36937749273995724,0.28931878117892235,9.733333333333333,0.0,0.43555555555555553,0.0,0.0
Cascade,15,0.7822222222222223,14,0.77675645739216,7.0,1.0,0.15268588551009674,0.21720815619327727,10.8,0.0,0.18222222222222223,0.0,0.0
Random,15,0.7777777777777778,14,0.7722267132786398,2.0,1.0,0.16729715536260564,0.11976653674384657,10.733333333333333,0.02666666666666667,0.07111111111111111,0.0044444444444444444,0.017777777777777778
Niche,15,0.84,14,0.7333653086354069,2.0,1.0,0.17948243306398992,0.15816224936482365,11.666666666666666,0.0,0.057777777777777775,0.0,0.0
Cascade,15,0.8711111111111111,14,0.7365318895768157,6.0,1.0,0.11737862419225495,0.12430266009222593,12.133333333333333,0.0,0.022222222222222223,0.0,0.0
Random,15,0.84,14,0.7421046227223588,5.0,1.0,0.15816224936482365,0.09858079419176491,11.666666666666666,0.008888888888888889,0.044444444444444446,0.0,0.008888888888888889
Niche,15,0.7377777777777778,14,0.7444486023695344,2.0,1.0,0.3212358324182508,0.3044574805523434,10.133333333333333,0.0,0.4711111111111111,0.0,0.0
Cascade,15,0.7422222222222222,14,0.7706363836354941,2.0,1.0,0.23973472069494897,0.26917578281689036,10.2,0.0,0.3466666666666667,0.0,0.0
Random,15,0.7555555555555555,14,0.7978232382411873,2.0,1.0,0.187669843984263,0.11869283102374398,10.4,0.022222222222222223,0.07111111111111111,0.022222222222222223,0.022222222222222223
Niche,15,0.8177777777777778,14,0.7395920033743094,3.0,1.0,0.2604810771906457,0.16725916378272124,11.333333333333334,0.0,0.19555555555555557,0.0,0.0
Cascade,15,0.8177777777777778,14,0.7632363657388489,3.0,1.0,0.17007359290945484,0.21889040573274826,11.333333333333334,0.0,0.14666666666666667,0.0,0.0
Random,15,0.8044444444444444,14,0.7747641389420371,6.0,1.0,0.12710613448443078,0.11059585181231067,11.133333333333333,0.017777777777777778,0.057777777777777775,0.0044444444444444444,0.0
Niche,15,0.8488888888888889,14,0.7268998019844787,3.0,1.0,0.18169015694233673,0.12405488998632297,11.8,0.0,0.04,0.0,0.0
Cascade,15,0.9111111111111111,14,0.7051514322923252,9.0,1.0,0.0714073224108683,0.07657582221545615,12.733333333333333,0.0,0.0044444444444444444,0.0,0.0
Random,15,0.8888888888888888,14,0.7248108636208702,9.0,1.0,0.1047957196508658,0.06748015581318283,12.4,0.0,0.0044444444444444444,0.0044444444444444444,0.0
Niche,15,0.8577777777777778,14,0.7004487702954865,5.0,1.0,0.19455941301055532,0.14648518922740958,11.933333333333334,0.0,0.0044444444444444444,0.0,0.0
Cascade,15,0.8044444444444444,14,0.7450367716324512,9.0,1.0,0.204121029855372,0.1728924922394458,11.133333333333333,0.0,0.14666666666666667,0.0,0.0
Random,15,0.8088888888888889,14,0.7870763514148438,6.0,1.0,0.1673667449202227,0.10268784118334723,11.2,0.008888888888888889,0.057777777777777775,0.0044444444444444444,0.022222222222222223
Niche,15,0.8844444444444445,14,0.6998087960186544,2.0,1.0,0.1696677690063732,0.09217080049528759,12.333333333333334,0.0,0.022222222222222223,0.0,0.0
Cascade,15,0.9244444444444444,14,0.6759191516411147,4.0,1.0,0.06601986176207644,0.08985186103542879,12.933333333333334,0.0,0.0044444444444444444,0.0,0.0
Random,15,0.9155555555555556,14,0.697974672386874,1.0,1.0,0.058165677430920874,0.07520356012053232,12.8,0.0,0.008888888888888889,0.0,0.0
Niche,15,0.8177777777777778,14,0.7164613256871403,2.0,1.0,0.23153704787109558,0.19357070859934686,11.333333333333334,0.0,0.13777777777777778,0.0,0.0
Cascade,15,0.8666666666666667,14,0.7280148763015462,3.0,1.0,0.13637004006583353,0.11987595730368912,12.066666666666666,0.0,0.035555555555555556,0.0,0.0
Random,15,0.8533333333333334,14,0.7490184494567635,4.0,1.0,0.11884981707119764,0.10728227536337426,11.866666666666667,0.008888888888888889,0.008888888888888889,0.0044444444444444444,0.0
Niche,15,0.8533333333333334,14,0.7118772672364471,6.0,1.0,0.1327139865731674,0.14823176532039278,11.866666666666667,0.0,0.044444444444444446,0.0,0.0
Cascade,15,0.8711111111111111,14,0.7251359474151786,2.0,1.0,0.11737862419225496,0.12089022442544739,12.133333333333333,0.0,0.04,0.0,0.0
Random,15,0.8666666666666667,14,0.7305975727981511,7.0,1.0,0.10482848367219177,0.11629676092591602,12.066666666666666,0.0044444444444444444,0.04,0.0,0.0044444444444444444
Niche,15,0.8044444444444444,14,0.721486728359754,2.0,1.0,0.28616742727016414,0.18915233107469823,11.133333333333333,0.0,0.2311111111111111,0.0,0.0
Cascade,15,0.8311111111111111,14,0.7507420669996082,6.0,1.0,0.17643586018453272,0.168440103068533,11.533333333333333,0.0,0.07111111111111111,0.0,0.0
Random,15,0.84,14,0.7724170884814874,3.0,1.0,0.13006467482721074,0.10732117520362115,11.666666666666666,0.013333333333333334,0.022222222222222223,0.0044444444444444444,0.0044444444444444444
Niche,15,0.84,14,0.72246010390424,6.0,1.0,0.16647759494764308,0.19624668048452432,11.666666666666666,0.0,0.057777777777777775,0.0,0.0
Cascade,15,0.8622222222222222,14,0.7119770957886206,3.0,1.0,0.16393280835751842,0.14156836336610204,12.0,0.0,0.04888888888888889,0.0,0.0
Random,15,0.8666666666666667,14,0.733243173544658,11.0,1.0,0.11987595730368912,0.09642818008123208,12.066666666666666,0.0,0.013333333333333334,0.0,0.0044444444444444444
Niche,15,0.8222222222222222,14,0.7266868654579965,5.0,1.0,0.22028033707484038,0.16119402119805487,11.4,0.0,0.1688888888888889,0.0,0.0
Cascade,15,0.84,14,0.7419635460064797,3.0,1.0,0.15236677938623439,0.14005824550278692,11.666666666666666,0.0,0.06666666666666667,0.0,0.0
Random,15,0.84,14,0.7486083106356063,10.0,1.0,0.10732117520362114,0.11143457936785135,11.666666666666666,0.008888888888888889,0.022222222222222223,0.0,0.008888888888888889
Niche,15,0.84,14,0.7092740380510418,5.0,1.0,0.16647759494764314,0.20300800993213505,11.666666666666666,0.0,0.07111111111111111,0.0,0.0
Cascade,15,0.8888888888888888,14,0.7254014270718807,2.0,1.0,0.10856202966836191,0.0881354477089505,12.4,0.0,0.035555555555555556,0.0,0.0
Random,15,0.88,14,0.7371153760906882,7.0,1.0,0.09582659576267816,0.1078999444209049,12.266666666666667,0.0044444444444444444,0.008888888888888889,0.0,0.0044444444444444444
Niche,15,0.8222222222222222,14,0.7316337420636683,6.0,1.0,0.2502216485871761,0.15525844990643323,11.4,0.0,0.17777777777777778,0.0,0.0
Cascade,15,0.8444444444444444,14,0.7450423174601312,2.0,1.0,0.15117270122468499,0.15695207327179028,11.733333333333333,0.0,0.06666666666666667,0.0,0.0
Random,15,0.84,14,0.7526257116046031,1.0,1.0,0.14005824550278692,0.14634197551258551,11.666666666666666,0.008888888888888889,0.044444444444444446,0.008888888888888889,0.008888888888888889
Niche,15,0.7866666666666666,14,0.7376567151815263,1.0,1.0,0.2777652377665857,0.22467333093776362,10.866666666666667,0.0,0.2222222222222222,0.0,0.0
Cascade,15,0.8266666666666667,14,0.750684651298437,11.0,1.0,0.1517941851797291,0.19469705229748951,11.466666666666667,0.0,0.12,0.0,0.0
Random,15,0.8311111111111111,14,0.7858958706730635,6.0,1.0,0.13168861215938993,0.11289810971374278,11.533333333333333,0.0,0.07111111111111111,0.0,0.0
Niche,15,0.8711111111111111,14,0.7039738045738796,3.0,1.0,0.11375867647304186,0.16981881643651314,12.133333333333333,0.0,0.057777777777777775,0.0,0.0
Cascade,15,0.8266666666666667,14,0.7525482242930712,1.0,1.0,0.16357824285068065,0.18986510667698311,11.466666666666667,0.0,0.10222222222222223,0.0,0.0
Random,15,0.8177777777777778,14,0.7679202658473933,2.0,1.0,0.12503375185696722,0.07835462810243926,11.333333333333334,0.0,0.035555555555555556,0.0,0.0044444444444444444
Niche,15,0.88,14,0.6877957118298695,1.0,1.0,0.1116346056989405,0.1349129181146963,12.266666666666667,0.0,0.04,0.0,0.0
Cascade,15,0.88,14,0.7244023816114077,3.0,1.0,0.1116346056989405,0.11524830746297955,12.266666666666667,0.0,0.04,0.0,0.0
Random,15,0.8933333333333333,14,0.7224352403526543,1.0,1.0,0.11561144317037063,0.07877591983757426,12.466666666666667,0.0,0.03111111111111111,0.0,0.0
Niche,15,0.8088888888888889,14,0.7378103838484878,6.0,1.0,0.2109693868424784,0.2566250875463317,11.2,0.0,0.17333333333333334,0.0,0.0
Cascade,15,0.8222222222222222,14,0.7405915583059364,3.0,1.0,0.19781758235443245,0.17515515401102327,11.4,0.0,0.12,0.0,0.0
Random,15,0.8222222222222222,14,0.7595502309353183,8.0,1.0,0.13240485096125287,0.11329266989282787,11.4,0.02666666666666667,0.04,0.008888888888888889,0.0044444444444444444
Niche,15,0.8888888888888888,14,0.6875419908989758,6.0,1.0,0.12886870394763372,0.11914876655437344,12.4,0.0,0.04888888888888889,0.0,0.0
Cascade,15,0.9066666666666666,14,0.6923914678843909,3.0,1.0,0.09546695602942663,0.09133220638354693,12.666666666666666,0.0,0.008888888888888889,0.0,0.0
Random,15,0.9066666666666666,14,0.7122904103559402,4.0,1.0,0.0776174504281982,0.07247137945655609,12.666666666666666,0.0,0.008888888888888889,0.0,0.0
Niche,15,0.7422222222222222,14,0.7633947133817407,1.0,1.0,0.23731879017935525,0.28172818613344286,10.2,0.0,0.3288888888888889,0.0,0.0
Cascade,15,0.8177777777777778,14,0.7236584471709803,1.0,1.0,0.2273996619724629,0.20314333799314338,11.333333333333334,0.0,0.13333333333333333,0.0,0.0
Random,15,0.8266666666666667,14,0.7583508465868705,7.0,1.0,0.14554480827054156,0.11726277096773705,11.466666666666667,0.008888888888888889,0.05333333333333334,0.0,0.0
Niche,15,0.7688888888888888,14,0.7297686101624076,3.0,1.0,0.3557882790291411,0.2043077230658632,10.6,0.0,0.2222222222222222,0.0,0.0
Cascade,15,0.7911111111111111,14,0.7747080287717195,2.0,1.0,0.20110700542245907,0.1588294467465733,10.933333333333334,0.0,0.16,0.0,0.0
Random,15,0.7822222222222223,14,0.77818921681056,6.0,1.0,0.1657216295496467,0.1625607233742005,10.8,0.017777777777777778,0.08,0.017777777777777778,0.0044444444444444444
Niche,15,0.88,14,0.7005653418857947,4.0,1.0,0.1349129181146963,0.15205531419639381,12.266666666666667,0.0,0.035555555555555556,0.0,0.0
Cascade,15,0.8488888888888889,14,0.7394572369375388,2.0,1.0,0.15837155457857777,0.12755665642971875,11.8,0.0,0.06222222222222222,0.0,0.0
Random,15,0.8577777777777778,14,0.7578281714157796,6.0,1.0,0.1053702365497731,0.08747120733748252,11.933333333333334,0.0044444444444444444,0.017777777777777778,0.0044444444444444444,0.0044444444444444444
Niche,15,0.8444444444444444,14,0.7053733682951208,1.0,1.0,0.22062256768603328,0.13232869102855674,11.733333333333333,0.0,0.07555555555555556,0.0,0.0
Cascade,15,0.8488888888888889,14,0.7506987226601077,6.0,1.0,0.16112924678544877,0.11673665229694342,11.8,0.0,0.044444444444444446,0.0,0.0
Random,15,0.8666666666666667,14,0.7511143033975469,2.0,1.0,0.10071594933968873,0.07692307692307689,12.066666666666666,0.008888888888888889,0.0044444444444444444,0.0,0.0
Niche,15,0.7866666666666666,14,0.7208233061223005,9.0,1.0,0.22694511096622472,0.28143468660620413,10.866666666666667,0.0,0.2088888888888889,0.0,0.0
Cascade,15,0.7422222222222222,14,0.7679037158681343,1.0,1.0,0.27130818304942084,0.2626747373684966,10.2,0.0,0.3688888888888889,0.0,0.0
Random,15,0.7822222222222223,14,0.7784336519942288,3.0,1.0,0.16572162954964667,0.16882336395545885,10.8,0.0044444444444444444,0.10666666666666667,0.0,0.022222222222222223
Niche,15,0.8755555555555555,14,0.7010133294890771,5.0,1.0,0.13146270136015153,0.1747402485082081,12.2,0.0,0.07111111111111111,0.0,0.0
Cascade,15,0.8355555555555556,14,0.7305464321770235,2.0,1.0,0.1591940754866559,0.19744413909211134,11.6,0.0,0.12,0.0,0.0
Random,15,0.8488888888888889,14,0.7455454951166283,1.0,1.0,0.14379195022525557,0.09132872915700622,11.8,0.0044444444444444444,0.02666666666666667,0.0044444444444444444,0.0
Niche,15,0.84,14,0.7199374562556363,3.0,1.0,0.20955129346300083,0.13680819164624358,11.666666666666666,0.0,0.06666666666666667,0.0,0.0
Cascade,15,0.8844444444444445,14,0.7117264979784313,1.0,1.0,0.11906775873059137,0.11204372155133765,12.333333333333334,0.0,0.03111111111111111,0.0,0.0
Random,15,0.8755555555555555,14,0.7256570296372999,4.0,1.0,0.10323073936094523,0.10323073936094523,12.2,0.0044444444444444444,0.017777777777777778,0.0,0.0
Niche,15,0.8266666666666667,14,0.7240011092206515,2.0,1.0,0.23767367664935715,0.16639390990673564,11.466666666666667,0.0,0.18666666666666668,0.0,0.0
Cascade,15,0.8755555555555555,14,0.7248918538659086,2.0,1.0,0.0991380527926577,0.13457590381043705,12.2,0.0,0.03111111111111111,0.0,0.0
Random,15,0.8622222222222222,14,0.7513746455983924,2.0,1.0,0.10724339755376093,0.068328487243959,12.0,0.0044444444444444444,0.017777777777777778,0.0,0.0044444444444444444
Niche,15,0.8355555555555556,14,0.6963354321745006,6.0,1.0,0.150381071919628,0.22337711515561331,11.6,0.0,0.11555555555555555,0.0,0.0
Cascade,15,0.8666666666666667,14,0.7212668796541721,9.0,1.0,0.12673145708429442,0.17922534538791307,12.066666666666666,0.0,0.05333333333333334,0.0,0.0
Random,15,0.8711111111111111,14,0.7451628643856971,4.0,1.0,0.09358157805388895,0.10213188356136857,12.133333333333333,0.017777777777777778,0.013333333333333334,0.0,0.0
Niche,15,0.88,14,0.6997748527130137,3.0,1.0,0.18154741743590458,0.10789994442090488,12.266666666666667,0.0,0.05333333333333334,0.0,0.0
Cascade,15,0.8755555555555555,14,0.7280447396008004,3.0,1.0,0.1181926973165343,0.10716724120035483,12.2,0.0,0.03111111111111111,0.0,0.0
Random,15,0.88,14,0.7220232011779582,3.0,1.0,0.10403129732205986,0.12869235061640477,12.266666666666667,0.0,0.022222222222222223,0.0,0.0
Niche,15,0.8755555555555555,14,0.7014784009508782,3.0,1.0,0.16498856414539725,0.0991380527926577,12.2,0.0,0.044444444444444446,0.0,0.0
Cascade,15,0.8666666666666667,14,0.7199994376671832,1.0,1.0,0.13637004006583356,0.14537095115739504,12.066666666666666,0.0,0.06666666666666667,0.0,0.0
Random,15,0.8711111111111111,14,0.7421064706535393,4.0,1.0,0.09358157805388895,0.11375867647304186,12.133333333333333,0.0,0.02666666666666667,0.0,0.0
Niche,15,0.8888888888888888,14,0.6927848814321286,3.0,1.0,0.13194966572793693,0.11572751247156896,12.4,0.0,0.035555555555555556,0.0,0.0
Cascade,15,0.9022222222222223,14,0.6851941047906853,6.0,1.0,0.10399973653433452,0.12130921415667946,12.6,0.0,0.02666666666666667,0.0,0.0
Random,15,0.8977777777777778,14,0.7152519298931073,5.0,1.0,0.09252072819489701,0.07872020995385792,12.533333333333333,0.0,0.0044444444444444444,0.0,0.008888888888888889
Niche,15,0.8577777777777778,14,0.7243266294673333,1.0,1.0,0.17345632665511423,0.11326395750323347,11.933333333333334,0.0,0.07555555555555556,0.0,0.0
Cascade,15,0.8577777777777778,14,0.7290919371329903,2.0,1.0,0.14047089856710837,0.1241671456038311,11.933333333333334,0.0,0.057777777777777775,0.0,0.0
Random,15,0.8533333333333334,14,0.7436747802313866,1.0,1.0,0.12597277731716483,0.09430638470659647,11.866666666666667,0.0044444444444444444,0.017777777777777778,0.0,0.0
Niche,15,0.8533333333333334,14,0.7384865374913315,7.0,1.0,0.13912894680578056,0.10313852725132072,11.866666666666667,0.0,0.022222222222222223,0.0,0.0
Cascade,15,0.84,14,0.7404657054079077,8.0,1.0,0.14938475366893972,0.15236677938623439,11.666666666666666,0.0,0.07555555555555556,0.0,0.0
Random,15,0.8222222222222222,14,0.779400699056955,3.0,1.0,0.1490867534850025,0.1000886594348704,11.4,0.017777777777777778,0.013333333333333334,0.0,0.013333333333333334
Niche,15,0.7733333333333333,14,0.7602058363261232,12.0,1.0,0.22290300190637966,0.22290300190637966,10.666666666666666,0.0,0.21333333333333335,0.0,0.0
Cascade,15,0.7911111111111111,14,0.7802498477108513,1.0,1.0,0.19599760976391215,0.19599760976391217,10.933333333333334,0.0,0.16,0.0,0.0
Random,15,0.8222222222222222,14,0.7592930796165823,9.0,1.0,0.1426482872734453,0.10906908796776474,11.4,0.008888888888888889,0.02666666666666667,0.0044444444444444444,0.008888888888888889
Niche,15,0.8044444444444444,14,0.7293630169655625,3.0,1.0,0.2610669492318628,0.19677906288552388,11.133333333333333,0.0,0.14222222222222222,0.0,0.0
Cascade,15,0.7822222222222223,14,0.7654934152784653,4.0,1.0,0.20743361408001154,0.22425965367587658,10.8,0.0,0.21333333333333335,0.0,0.0
Random,15,0.7955555555555556,14,0.7766490261916837,3.0,1.0,0.15343163403923915,0.1285263147579998,11.0,0.013333333333333334,0.07555555555555556,0.013333333333333334,0.013333333333333334
Niche,15,0.7511111111111111,14,0.7531386815125753,7.0,1.0,0.32083885708227117,0.22620494372790997,10.333333333333334,0.0,0.36444444444444446,0.0,0.0
Cascade,15,0.8355555555555556,14,0.7421072132832272,7.0,1.0,0.1377561285529248,0.1702365105018823,11.6,0.0,0.06666666666666667,0.0,0.0
Random,15,0.8622222222222222,14,0.7485852926503783,4.0,1.0,0.12893959605661723,0.11493144633358857,12.0,0.008888888888888889,0.022222222222222223,0.0,0.0044444444444444444
Niche,15,0.8222222222222222,14,0.7204639434460958,4.0,1.0,0.2286483748184236,0.16119402119805487,11.4,0.0,0.12,0.0,0.0
Cascade,15,0.9022222222222223,14,0.6970989954507683,1.0,1.0,0.10017958450298628,0.1335511498692213,12.6,0.0,0.008888888888888889,0.0,0.0
Random,15,0.8977777777777778,14,0.7060403676333907,4.0,1.0,0.10451458671519759,0.0787202099538579,12.533333333333333,0.0,0.013333333333333334,0.0,0.0
Niche,15,0.8088888888888889,14,0.7299045138599254,1.0,1.0,0.19420459390326558,0.1865590662410966,11.2,0.0,0.14222222222222222,0.0,0.0
Cascade,15,0.8355555555555556,14,0.7378338118357463,1.0,1.0,0.13098814081811663,0.1591940754866559,11.6,0.0,0.08,0.0,0.0
Random,15,0.8222222222222222,14,0.7856272283598204,1.0,1.0,0.13240485096125287,0.1490867534850025,11.4,0.013333333333333334,0.035555555555555556,0.008888888888888889,0.0044444444444444444
Niche,15,0.8088888888888889,14,0.7331796378453082,1.0,1.0,0.21997636459371686,0.23900422228281895,11.2,0.0,0.08,0.0,0.0
Cascade,15,0.8622222222222222,14,0.7226491993547828,8.0,1.0,0.13220992757721295,0.14156836336610207,12.0,0.0,0.06666666666666667,0.0,0.0
Random,15,0.8755555555555555,14,0.73394090529286,7.0,1.0,0.10323073936094522,0.0754134823760425,12.2,0.0,0.0044444444444444444,0.0044444444444444444,0.0
Niche,15,0.8444444444444444,14,0.7319872879199285,1.0,1.0,0.18068593745410402,0.12541975426776153,11.733333333333333,0.0,0.06222222222222222,0.0,0.0
Cascade,15,0.8444444444444444,14,0.754552905294259,7.0,1.0,0.13232869102855674,0.1652425637280896,11.733333333333333,0.0,0.06666666666666667,0.0,0.0
Random,15,0.8755555555555555,14,0.7446363136447098,2.0,1.0,0.0903985035083244,0.07541348237604249,12.2,0.0044444444444444444,0.013333333333333334,0.0,0.0
Niche,15,0.8577777777777778,14,0.722506441871215,1.0,1.0,0.16840801625203758,0.1435095537015582,11.933333333333334,0.0,0.11555555555555555,0.0,0.0
Cascade,15,0.88,14,0.702886089718366,7.0,1.0,0.1349129181146963,0.11875209285147363,12.266666666666667,0.0,0.035555555555555556,0.0,0.0
Random,15,0.8622222222222222,14,0.7435279326953899,1.0,1.0,0.10724339755376092,0.11115391058168977,12.0,0.0044444444444444444,0.017777777777777778,0.0044444444444444444,0.0
Niche,15,0.92,14,0.6936495010491587,8.0,1.0,0.05613019342329588,0.07349167432421883,12.866666666666667,0.0,0.0,0.0,0.0
Cascade,15,0.8888888888888888,14,0.7083812180415225,1.0,1.0,0.1257122564771289,0.1288687039476337,12.4,0.0,0.022222222222222223,0.0,0.0
Random,15,0.8933333333333333,14,0.7132549239760175,9.0,1.0,0.08367341948975936,0.11561144317037063,12.466666666666667,0.0,0.013333333333333334,0.0,0.0
Niche,15,0.8577777777777778,14,0.7152445704111684,7.0,1.0,0.16320362318039208,0.15506987663985133,11.933333333333334,0.0,0.10666666666666667,0.0,0.0
Cascade,15,0.8577777777777778,14,0.7355538388423667,3.0,1.0,0.13418731693238264,0.11701129316721465,11.933333333333334,0.0,0.057777777777777775,0.0,0.0
Random,15,0.8622222222222222,14,0.7509649455294249,4.0,1.0,0.11115391058168979,0.09454633659052693,12.0,0.013333333333333334,0.017777777777777778,0.0,0.0
Niche,15,0.8711111111111111,14,0.7130143477860367,2.0,1.0,0.15701880681643218,0.14881125918743787,12.133333333333333,0.0,0.057777777777777775,0.0,0.0
Cascade,15,0.8355555555555556,14,0.7359641654124222,4.0,1.0,0.16480780196627312,0.178069526832112,11.6,0.0,0.08,0.0,0.0
Random,15,0.84,14,0.7497780643107914,9.0,1.0,0.11923643378807171,0.10304369857144458,11.666666666666666,0.0,0.022222222222222223,0.0044444444444444444,0.0044444444444444444
Niche,15,0.9244444444444444,14,0.6094011246930341,5.0,1.0,0.06601986176207644,0.19439967903034355,12.933333333333334,0.0,0.02666666666666667,0.0,0.0
Cascade,15,0.8666666666666667,14,0.7371506830985375,3.0,1.0,0.13323467750529822,0.11987595730368912,12.066666666666666,0.0,0.02666666666666667,0.0,0.0
Random,15,0.8888888888888888,14,0.7259768075857725,14.0,1.0,0.07849021777084257,0.08813544770895049,12.4,0.0044444444444444444,0.008888888888888889,0.0,0.0
Niche,15,0.8844444444444445,14,0.6887238965791195,1.0,1.0,0.11906775873059137,0.13801136931167743,12.333333333333334,0.0,0.044444444444444446,0.0,0.0
Cascade,15,0.8622222222222222,14,0.7284762306696282,2.0,1.0,0.14455326708478428,0.1149314463335886,12.0,0.0,0.044444444444444446,0.0,0.0
Random,15,0.8666666666666667,14,0.73028630328395,1.0,1.0,0.11260385457098454,0.1087856586440842,12.066666666666666,0.0,0.017777777777777778,0.0,0.0
Niche,15,0.7111111111111111,14,0.7521516995648395,5.0,1.0,0.39404750665370286,0.25469913974278413,9.733333333333333,0.0,0.5777777777777777,0.0,0.0
Cascade,15,0.7066666666666667,14,0.7785194797889341,8.0,1.0,0.33789618082921513,0.27108721378084494,9.666666666666666,0.0,0.5377777777777778,0.0,0.0
Random,15,0.7377777777777778,14,0.801020585470695,9.0,1.0,0.19757881667293317,0.13859162856434917,10.133333333333333,0.03111111111111111,0.08444444444444445,0.03111111111111111,0.02666666666666667
Niche,15,0.8,14,0.7381181841177856,3.0,1.0,0.2136233148205519,0.2182178902359924,11.066666666666666,0.0,0.2577777777777778,0.0,0.0
Cascade,15,0.8755555555555555,14,0.726791087520793,3.0,1.0,0.12164598528700203,0.1181926973165343,12.2,0.0,0.022222222222222223,0.0,0.0
Random,15,0.8577777777777778,14,0.760229444464841,3.0,1.0,0.13418731693238264,0.10537023654977311,11.933333333333334,0.008888888888888889,0.0044444444444444444,0.008888888888888889,0.0044444444444444444
Niche,15,0.8666666666666667,14,0.7191068685780252,1.0,1.0,0.11629676092591602,0.11987595730368912,12.066666666666666,0.0,0.04,0.0,0.0
Cascade,15,0.8844444444444445,14,0.7005427258449045,2.0,1.0,0.11204372155133767,0.15725397535346577,12.333333333333334,0.0,0.035555555555555556,0.0,0.0
Random,15,0.8622222222222222,14,0.7577029958840598,5.0,1.0,0.11115391058168976,0.0989598670240491,12.0,0.0,0.04888888888888889,0.0,0.0
Niche,15,0.8133333333333334,14,0.718861357187775,1.0,1.0,0.22808188448084474,0.16157553452609222,11.266666666666667,0.0,0.16444444444444445,0.0,0.0
Cascade,15,0.84,14,0.7383630345380832,5.0,1.0,0.14323457321862818,0.14938475366893972,11.666666666666666,0.0,0.07111111111111111,0.0,0.0
Random,15,0.8266666666666667,14,0.7601024750276708,1.0,1.0,0.14231724946250934,0.12493494665185215,11.466666666666667,0.0044444444444444444,0.04888888888888889,0.0044444444444444444,0.008888888888888889
Niche,15,0.8311111111111111,14,0.7142473562989126,11.0,1.0,0.20532849414615542,0.2245716451831834,11.533333333333333,0.0,0.1688888888888889,0.0,0.0
Cascade,15,0.8311111111111111,14,0.7483281912142072,4.0,1.0,0.16289169826460173,0.15714751797376272,11.533333333333333,0.0,0.08444444444444445,0.0,0.0
Random,15,0.8088888888888889,14,0.7658829826633048,6.0,1.0,0.1584313359433937,0.13530643117475782,11.2,0.008888888888888889,0.07555555555555556,0.008888888888888889,0.008888888888888889
Niche,15,0.7466666666666667,14,0.7611714802938707,5.0,1.0,0.3240398465581577,0.20304263580182558,10.266666666666667,0.0,0.38666666666666666,0.0,0.0
Cascade,15,0.7466666666666667,14,0.798105887457315,10.0,1.0,0.25745092090801475,0.22937915319044874,10.266666666666667,0.0,0.31555555555555553,0.0,0.0
Random,15,0.7511111111111111,14,0.8151154432831482,4.0,1.0,0.19407150040063256,0.14801350079872044,10.333333333333334,0.02666666666666667,0.07555555555555556,0.017777777777777778,0.03111111111111111
Niche,15,0.8666666666666667,14,0.6897212612705154,2.0,1.0,0.12673145708429442,0.14243386150346937,12.066666666666666,0.0,0.013333333333333334,0.0,0.0
Cascade,15,0.7777777777777778,14,0.7683933347797163,6.0,1.0,0.2523360247522242,0.22831618401546117,10.733333333333333,0.0,0.2088888888888889,0.0,0.0
Random,15,0.7777777777777778,14,0.797269134133131,2.0,1.0,0.15760599654128837,0.09537405261671772,10.733333333333333,0.008888888888888889,0.09333333333333334,0.0044444444444444444,0.008888888888888889
Niche,15,0.8177777777777778,14,0.7145041268308817,1.0,1.0,0.22739966197246292,0.17284220011607926,11.333333333333334,0.0,0.12444444444444444,0.0,0.0
Cascade,15,0.8177777777777778,14,0.7349860644889646,1.0,1.0,0.18606832567674117,0.15851634130835765,11.333333333333334,0.0,0.12444444444444444,0.0,0.0
Random,15,0.8311111111111111,14,0.7845415437528697,11.0,1.0,0.10875109975457867,0.12815111819005032,11.533333333333333,0.008888888888888889,0.04888888888888889,0.0,0.0044444444444444444
Niche,15,0.8133333333333334,14,0.7367634630647424,2.0,1.0,0.21057758325680542,0.19642835329130662,11.266666666666667,0.0,0.14222222222222222,0.0,0.0
Cascade,15,0.8711111111111111,14,0.7108530572442523,1.0,1.0,0.1543314639005528,0.11737862419225496,12.133333333333333,0.0,0.04,0.0,0.0
Random,15,0.8622222222222222,14,0.7461438512515266,3.0,1.0,0.11493144633358857,0.13220992757721295,12.0,0.0,0.04,0.0,0.0
Niche,15,0.8533333333333334,14,0.722435319471532,2.0,1.0,0.16227233364889143,0.1112718176840582,11.866666666666667,0.0,0.06222222222222222,0.0,0.0
Cascade,15,0.88,14,0.7331752202689614,1.0,1.0,0.10789994442090493,0.09582659576267817,12.266666666666667,0.0,0.017777777777777778,0.0,0.0
Random,15,0.8622222222222222,14,0.7531679002713444,5.0,1.0,0.08991642922158855,0.07985532672592607,12.0,0.0,0.017777777777777778,0.0044444444444444444,0.0044444444444444444
Niche,15,0.8577777777777778,14,0.7166689689897728,4.0,1.0,0.1578277076449768,0.1241671456038311,11.933333333333334,0.0,0.12444444444444444,0.0,0.0
Cascade,15,0.8133333333333334,14,0.7583920876647765,4.0,1.0,0.18895684078636357,0.1555218521394285,11.266666666666667,0.0,0.12444444444444444,0.0,0.0
Random,15,0.8,14,0.7959800481125802,1.0,1.0,0.19416079083690582,0.12198750911856662,11.066666666666666,0.008888888888888889,0.10666666666666667,0.0044444444444444444,0.013333333333333334
