metric,PC1,PC2,PC3,PC4,PC5,PC6,PC7,PC8,PC9,PC10,PC11,PC12,PC13,PC14,PC15,PC16,PC17,PC18,PC19,PC20,PC21,PC22,PC23,PC24,PC25,PC26,PC27,PC28,PC29,PC30,PC31,contribution
l_S,0.2584936390092235,0.16451570554287356,0.05916340823790642,-0.13944088080769954,-0.009123414641753017,-0.04527125152065521,-0.04181828804221134,0.019452003953545294,0.05189200892484645,-0.01587086400914056,0.11231238440074848,-0.03223962918430869,-0.009889789792966463,-0.004892380098934267,0.08206446419562753,0.0439581921589014,0.008330296723590726,0.02434148512129619,0.013424079368646105,0.06651610720486582,0.0029188994095662667,0.033824158011360614,-0.03633330701693405,0.022106929605401383,8.258595328699977e-4,-0.026103821419491444,0.0019352839807464928,0.038714763698143105,0.26365778445868093,-0.8795435700004357,5.146911703588663e-16,10.648564841458255
ChLen,0.2583117752606879,-0.1126845888363467,-0.02600637386648948,0.03758091945860513,0.02030766699889366,-0.04864519779669041,0.06358234935192773,-0.013236160670451842,0.007903280540352085,0.06554045978642273,0.08720868901404559,-0.14090428882671086,0.050594192319347225,-0.13837401594844184,-0.25987414904159517,-0.03567587260005208,-0.27304489824275763,-0.07473529433959823,0.155704813351614,0.3742925101885983,0.23703701808447328,0.13636873252152987,0.1938083722297738,-0.4997331167488742,0.14277184877586765,-0.10668355084732009,0.03871951145260111,-0.35785015970917733,-0.14563044277044934,-0.008664112221221964,-9.440715806822419e-18,10.589357649723356
ChNum,0.2605948698653617,0.015342525750037932,0.09424715128528949,-0.1343036216020405,0.014560301532064794,-0.01602379553193586,0.0947497838171299,-0.06486350111551377,-0.03794691234670078,0.10124126261212223,-0.0020442549917680454,0.055729842162344785,0.1875386593782251,-0.12752895014177407,0.04635514205696782,0.1496169537471329,-0.16956289882408768,-0.006830424283026255,0.03685886295516703,0.24925304131082918,0.0687995659600196,0.09627415496076293,-0.06265150944443329,-0.12970731417467074,0.08149913420942975,0.250076374263567,-0.041767873198736975,0.6562926820589071,0.33230819820338015,0.2477990011285812,-1.1166653303182348e-16,10.584613903984767
omnivory,0.2567076980230309,-0.01478301701510677,-0.04396040272369458,0.09440218313332586,0.010411486036799074,-0.052348562428488864,-0.04297747368149588,0.03140040222859559,-0.20064997202469598,0.017425998522103164,-0.1945986722096988,0.005856901794884864,0.18244973487431249,0.14384473756735666,-0.10472807935042419,0.32080243261735625,-0.16334257586383508,-0.05928806012889426,-0.140249588198459,-0.15989280818769802,0.23769998454853944,0.0757677811185437,0.11639596805817651,0.28487730870222905,-0.16061802668850558,0.49410010356865913,-0.2142557758571834,-0.34134550379589346,0.07891734351610852,0.00825422385629401,3.0768764283477887e-16,10.426397515370915
links,0.24057390450621854,0.12571377466852357,0.06807994310641144,-0.25767414573056585,0.003797744087928149,-0.012421639260093927,-0.032014115204936376,0.016656641126542814,0.12011841061174632,-0.03715486170942569,0.13659240230861,-0.027867666747363917,0.016868357724482017,-0.15341341051420218,0.11483246527149668,0.09597252043487603,0.09713121529513478,0.05392750451426114,0.011280366180375525,0.03372395775382777,-0.09397738665768994,-0.06812516484032087,-0.306926139958818,0.11764524681090653,0.044816716141042455,-0.2027529417945607,0.11323958446325859,-0.47544543697216674,0.49267085918501213,0.3354406136390284,-1.9949169492229465e-17,9.882969873230447
intermediate,0.24319715301873562,-0.009726211145181208,-0.16369685467309625,0.23134892843233767,-0.004664240424690971,0.04224315367478458,0.00858583783013745,-0.004625671968294092,0.13574579196687836,-0.015951676006436332,0.05955430272616225,0.12305159945747408,-0.18252395707431138,-0.04898364815096815,0.0299440520667415,-0.17356312470533578,-0.23509909047791436,-0.10247583079644147,-0.013445537813487488,-0.17703796850105333,0.10812149403812256,0.010338733292247474,-0.008346551418185579,0.11412868171414371,-0.05110646183361075,-0.13477289274943,0.013184062012501769,0.0819229612596516,0.06169345427024221,0.03855902123487698,0.7741403466872459,9.873376673631721
richness,0.23994005380733852,-0.09175900201528363,0.08734736949376662,-0.22728367120473195,0.014702298717000458,-0.07753247486984696,0.069266069233221,-0.05422153016506055,0.12655577295982287,-0.023615839112953785,0.0642585030541485,0.1627030864433367,0.20325768518420098,-0.21440749189111255,0.03399671774457483,0.17806769543246487,-0.10654643962188128,-0.08905285325112415,-0.09637851088287847,-0.04970902177595622,-0.013794902298415858,-0.01372926620103327,-0.4341514512954245,0.17104039525605916,0.03226676605979645,0.013836533380589414,0.1900641711989364,0.023470071227972206,-0.6345892997353828,-0.060480600187442335,-1.1301553068421692e-15,9.823307226691554
S1,0.22799548118260407,0.10139914263947754,-0.04239826488705083,-0.10425935567985725,0.02192984165882247,0.23521875353192492,0.09420291025525879,-0.0891617664658736,0.004655246172398132,0.14923123829802962,-0.266436118281092,-0.33355246370686487,-0.14697329630961478,0.05720387575488081,-0.06937604780613375,0.054626004921392295,-0.19735694520666086,0.39080403857261137,0.34291080948512154,0.10975617879051239,-0.31960724986866734,0.06469204448097768,0.05800648083791497,0.29200833701272655,-0.0936493991815668,-0.15259650086184928,-0.17764097647199978,0.04087655056360064,-0.18012381515592601,0.03494749161499012,-2.1932921238982162e-16,9.348496427690277
herbivory,-0.21926721390521325,0.19154954319178205,-0.12310772181857708,-0.1276494994360818,0.023644046378996527,0.09072088068489842,0.10255907471791684,-0.07911594992108335,0.0864974033942883,-0.01590740949542106,0.11046576138181746,0.3616230943815288,0.08367337795615927,-0.16305331793969335,0.33318002186833784,-0.3389451653847524,-0.17410632718395969,0.3136449334871566,0.3090729837577561,0.0752285082300769,0.13291375827955723,0.04469360910524132,0.02977173688190751,0.024629067376670963,0.01117583045822184,0.391795003325026,-0.054276685500574406,-0.19453052502265183,-0.045406694657490275,-0.022767766321096155,1.2594558234308298e-16,9.084643598769292
S4,0.21583332316676418,0.23468018799922846,-0.03666867064429915,-0.21197307200371615,0.0026824493793654015,-0.015049380718729414,-0.024919899761944118,0.023182814891538565,0.031714767080132815,-0.014378404875182818,-0.21549012485770902,0.05659411626166757,-0.12133021077090332,0.39983414405531714,-0.013924766866677698,0.03189078582329383,-0.02769928000818625,0.2362695103068813,-0.0014006600770394568,-0.3596308049100264,0.08562885320719162,-0.13688451113214417,0.11041048402638051,-0.2871569398701959,0.2952827823469139,0.10690159607563551,0.4598393046086445,0.03336556509035901,-0.05175362472706255,0.05925648332334782,5.885607669392418e-17,8.988501651155303
top,-0.21878851723402373,0.05061623560670074,-0.07624734802933533,-0.31480522823863166,0.008092746785807787,-0.2245980505588184,0.04355097956284441,-0.035236271440526545,-0.1677399405608912,0.05279683390324891,-0.0519066117443156,-0.08877300743491724,0.11300242585539177,0.07326907217447161,-0.0599316808211605,0.11603837737826836,0.22960430221540723,0.03945094898523924,-0.04177466391961131,0.11512082015285546,-0.09237213329974647,-0.022090442257764475,-0.048452528346808216,-0.027352766275557792,0.5191975679701037,0.05950970520026912,-0.37938836736643283,-0.07107122338618127,-0.07881108577196551,-0.03449490284331319,0.45102955892925656,8.924295192842965
S5,0.21214292902456755,0.2431682381119659,0.18989620120294412,-0.0921536712072186,-0.015698235372212283,-0.08441848787357938,-0.040310429879424715,0.03206305218047415,0.18870914752034684,-0.09694532721273133,0.19351703368081918,0.06298690656003547,-0.06840616614544744,0.1484783107719118,0.08123283820091981,-0.07487475286224125,-0.04468592519063758,0.03977936171951881,-0.26524011669563163,-0.07230803741902604,-0.27073341412239693,-0.13481649450130698,0.042863757180752485,-0.39274999018875123,-0.32097311152080704,0.06978519851645222,-0.49553330081687713,-0.019861511878320103,-0.1570623228824049,0.10343086163506592,-1.3322397806137464e-16,8.847313780166157
basal,-0.20170304187796284,-0.03444688607668139,0.3627381070162581,-0.08355094244986522,-8.846185794276068e-5,0.15444448849753892,-0.059188938548326415,0.0438433720570234,-0.06626114871560605,-0.025810674005363243,-0.05108951151396824,-0.12432417106369503,0.20337605023918867,0.010972823439950846,0.008668163273704241,0.1846750739057704,0.17660567000484614,0.13854687975672134,0.06585525654655655,0.1916632193908653,-0.09464730409640236,0.004412389925471949,0.06374922587178818,-0.1711422170644635,-0.4381515781596192,0.17446935848043946,0.36227635128869917,-0.07061547905826654,-0.027497373156445744,-0.03217723041098218,0.44416107506515096,8.215168895397404
centrality,0.19818029280208607,-0.08184873480164279,0.1804703594415641,-0.21315077115816844,-0.004894703799199666,0.17869318158033415,-0.0806528258753455,0.04098445637139126,-0.2587417735329405,0.1324110629519001,-0.17452570852349183,-0.21574920916578647,0.26535673127014053,0.05437829322887184,0.31517459934883807,-0.48722655656832914,0.05111830892750414,-0.44474737234351003,0.15342669857687702,-0.16516560688837661,-0.0060116557042402,-0.06535727893233513,0.053987677655622276,-0.006599737781939009,0.021731178907018752,-0.01644035433820294,-0.04975294758566516,-0.028654119100432196,-0.0393437489003989,0.014639344937770547,-5.1032849308056233e-17,8.119694213208291
S2,0.18524641687979823,0.31997503862716686,0.10317820067499021,-0.040907884213535264,-0.02527179342611147,-0.19789272844072375,-0.05012011779782195,0.034350201690932884,0.10587845515180946,-0.10666483589027477,0.2616836332104086,-0.2292085370270168,-0.09439024446325671,-0.023428882720941974,0.04628369409867851,-0.08909622812085993,0.41143515107274253,0.020293331971095625,0.02272797435225487,0.1391544515142056,0.38583948976307497,0.1691958099029587,0.313359401153524,0.31048210680601995,-0.021730050655999384,0.014068156093312847,0.05144097397670491,0.11179084893590581,-0.20900320229748665,0.1522744179736864,-5.540298284848055e-18,7.833245168847936
path,0.18107964231078935,-0.33036322595050105,-0.10720335164190214,-0.05911615372431424,0.021356995095950303,0.16394277304894006,0.0766354256975251,-0.0644630296868558,-0.1288433420727535,0.12263237441491848,0.061370281904928645,-0.05284587068637641,0.15941123749567637,-0.09692062711430934,-0.12350348808661991,-0.3609104948731591,0.17999450688783922,0.5098188677611595,-0.5291881365910694,0.006586060937718369,0.09696457420290013,-0.03762175678483139,0.011392321057346113,0.02268751836227536,-0.02212983534393774,-0.011173377272386802,0.014923063751998044,0.011349974410097921,0.0369873547785224,-0.03185742678897754,1.6159777569633714e-16,7.67463627954219
diameter,0.18023436546331564,-0.34437120791515985,-0.07113973640259562,0.011298438054472582,0.015794180953284536,-0.1236506719649124,-0.009646912370702237,0.005122451397090955,0.17647979888987728,-0.028039183255187543,0.2881420164317123,0.03731215502505961,0.15549259013292324,-0.06413909601168795,-0.3409249096088118,-0.024295169155971203,0.2893370574811363,0.040182305813267885,0.4922898061767614,-0.32220027284968067,-0.2130436183750076,-0.15804991316415454,0.10867371880525824,-0.01775700400877677,-0.00894359611290826,0.21153172099382644,-0.04587864711618417,0.0472548678697255,0.05784440554361517,-0.011007138068588228,5.349602593113823e-17,7.65436131343767
VulSD,-0.16711027404816042,0.06409306545504927,-0.09664284983173423,-0.37141871383311514,0.001566148349323122,-0.33466663990580386,-0.010138846263664883,0.015819056024037364,-0.26442828160380116,-0.022168463821145172,0.004665576153158289,0.06064453658777362,0.13091626734810055,0.07869066219391309,-0.2434495113691632,-0.07431185456478212,-0.1737934967591239,0.11023037448073214,0.1681797659041509,-0.19574347154772226,0.3283900736828033,0.044110143279920175,-0.1272379965854335,-0.026156779069267194,-0.40652256141495063,-0.3532401896276873,-0.08274350574269386,0.10110057904091815,0.0557893094262301,0.015780388562715762,-8.487176791270284e-17,6.841793015644867
intervals,0.14869939625138662,-0.04983869376395896,-0.13771553344935214,-0.2767218082623176,0.04082779412695421,0.16692052926418519,-0.2877725391728314,0.26321254736558425,0.004891441002247833,-0.2673654801464761,-0.4115882622285343,0.43458168231410804,-0.19856540407397705,-0.18383787576804048,-0.21703930396063764,-0.06740760543935173,0.22435069080885753,-0.10568009333132515,0.005276759073755808,0.23330713496791655,-0.04209784859137044,0.05478729567612312,0.11506593813382578,0.010838416614653172,-0.06687338771610417,-0.006381566393575809,-0.06277924290453361,0.024059543864689295,-0.021026585315929488,0.004893008312876397,-1.0310343448993343e-16,6.080825695052845
Clust,0.13477385945229517,0.12820561001672706,0.09703541306415352,0.31753687338761494,-0.0650867189731111,-0.2873075259682144,-0.12586859921721857,0.07948987837627332,-0.4286489549330297,-0.07610419017841064,-0.16675671401843234,0.005032461796158479,-0.017225127735894047,-0.5440017831407475,0.22322744350353185,0.09594122533895492,0.062348416252137474,0.25083539036069746,0.07530448733195444,-0.20519847203140185,-0.09151234367514814,-0.0908897624404429,0.06525702838270053,-0.1551636380145681,0.0582369066267557,-0.08200635379231562,-0.0104639267559101,0.009774588304973946,-0.06053711762019172,-0.006053604571777596,3.1160896435349904e-17,5.594397235275246
GenSD,-0.13292897049009053,-0.0059686746986768345,0.4538113703032497,-0.10233495016813049,-0.02166322683565403,-0.03415704380129108,-0.17704519696897655,0.140779854723953,0.020613935008221423,-0.2251622250001359,0.14882360831551558,0.06886960493293527,0.164349930962322,-0.06692089151386744,-0.22591220914559787,-0.12396961018039429,-0.4393123525557286,0.0703223881332811,-0.1332787352249312,-0.08166827320248167,-0.19845591254132908,0.06032986545748729,0.3405529742578896,0.27050442315810863,0.26380529336727193,-0.07589736878885829,0.05992587387815275,0.008729708156505823,0.05745846540176813,0.01729703414809406,2.78319227033395e-16,5.397334835763195
MaxSim,0.12815919460886985,0.13209088113245737,0.2932957683102433,0.15489973021554274,-0.035156981690856855,-0.09636727998724884,0.22143127759472725,-0.23067620725433302,-0.16538081416790895,0.45684544452910125,-0.020087476013270097,0.5595661856199782,0.038609718129625735,0.18071491270543227,-0.1287591869956798,-0.03577921978981653,0.18741651063435985,-0.04724036395196714,0.042173507787189354,0.11574014663621188,-0.11391696111491738,0.029463848003391434,0.13268577636352052,0.1074090991284023,-0.010330445630914956,-0.19384653987110323,0.03594711968625258,-0.08520925073640119,-0.0025305995655341413,7.226366275821401e-5,-8.870867371323741e-17,5.330003288759595
ChSD,0.11783546662023328,-0.16837641805608533,0.049596285042797,0.2910802585937844,0.011328553269817535,-0.3940613192278223,0.06010355168091713,0.05796466080675749,0.17597578395435243,-0.39361115473544683,-0.30226489679328117,0.01929645067357534,0.2960639623470099,0.3621615653922753,0.15617254068677788,-0.20515941381792285,0.026249418195581957,0.15678158064203773,0.09055979339373396,0.2623182077685852,-0.04895549845097107,0.04824292764576048,-0.16672589436651278,0.04948495565440059,0.017465156379584776,-0.08010496241814159,0.0020828479852439074,-0.008371496298114062,0.03461320277198561,0.004107563243578498,-2.296344133376226e-16,4.947576504894437
loops,0.10033930853019647,-0.2918477806590195,-0.17064564450522204,-0.031287036031851886,-0.031516460289104126,0.010812293062254766,-0.4152713582637016,0.251457369608974,-0.275714127941088,0.13181722811982824,0.3972167740281742,0.15380320152343896,-0.05503784576456815,0.32174729564041443,0.3519601007207355,0.19218202680772445,-0.07650828357612632,0.12907483775989964,0.0837236041933772,0.1670448093991369,-0.06845384425410639,0.06740717577727767,0.05994173511311682,0.034612998207575095,0.023278217494145784,-0.1027220354970903,0.022156602150517436,0.021668438149349777,-0.09627129740067272,0.053901169314049514,-9.941965457244515e-18,4.361434347378433
distance,0.10201500418057599,-0.09717828456331364,0.0627439400270712,-0.05755597543652734,0.05505880078110747,0.2407267178612128,0.41875140226857616,-0.26838821285025644,-0.43449538519664466,-0.6025682307049982,0.20872185166450474,0.0720836323671833,-0.1772893741727372,0.1124461913492365,0.038235008120741563,0.08487045770251232,0.036598871434171204,-0.05614665882548296,0.055869859655166124,-0.008089131844976203,-0.011260811581832576,0.014791927829558285,0.030264939651710992,-0.007101675732918939,0.02606673245485894,-0.03427543234903403,-0.014436963488266057,-0.009014002256971963,-0.004252147171538722,0.0022439299744005294,1.2055970144784766e-16,4.234728131163636
connectance,0.04342857542923806,0.4139132336909054,-0.11305450458486475,0.23976995570020387,-0.045984853909921186,0.10572441254997077,-0.19397686804949538,0.13206890281635025,-0.32591071409311967,-0.04505490774981947,0.19924016700800856,-0.06939686267608275,0.06245332042453421,0.10451307875720876,-0.3980744459869,-0.2698380484222121,-0.016225710539379067,-0.03945546935926251,0.03606827283528655,0.16989063126350806,-0.1525106077915228,-0.062376400629751166,-0.4111509709707749,0.030503979359803944,0.03606684436330951,0.20918309056622883,0.11056350207358374,0.02756915913664112,-0.04223022377424559,0.019027023450732407,-7.292033049807684e-16,2.175300169354313
LinkSD,-0.01137193595060833,-0.30141141328546134,0.3092205257955717,-0.1257154557028072,-0.01760426261769767,-0.3652710462320294,0.0030391534704248616,-0.022703996063636333,-0.10398394911362673,0.1237727645229225,-0.04114893163541246,-0.093504840286677,-0.6386137045926494,0.004959049852347857,-0.03365698051243163,-0.21852275086511916,-0.08967073192918004,-9.723163991662033e-4,0.01484780112303618,0.09013714713899848,0.0014257623738050114,-0.018971557096647954,-0.20067999405775558,0.05936181875013434,-0.036642054214471045,0.3185856484043084,0.0616015316799954,-0.04229625876715753,0.03243803342945602,-0.0040242851445979975,-4.1886945622016494e-17,0.7626372126267218
predpreyRatio,-0.016286150008678914,-0.0752937374548302,0.46752803631622064,0.1665827737372708,-0.01885236989871316,0.3650887712031262,-0.1632267578891204,0.11347245141583773,0.08845212979352063,-0.0017427386597813975,-0.027386406229756466,0.06687751142325028,-0.05494851408984935,0.07944783738772002,-0.06741349364219684,0.07714574593158885,0.09933822913922569,0.20095680516812361,0.18595435406522573,-0.13032667812093784,0.44572604036959823,0.007093067902370384,-0.3133654055634111,-0.07766500089363178,0.1788720363751016,-0.09561017615997021,-0.3077369057877435,0.021440892931170945,-0.01965321368182279,-0.015503309464630102,2.360989539184083e-16,0.7358314496411869
trophicCoherence,0.0057498222068798985,-0.03472725195286429,-0.031014951223584743,-0.04309606744180959,-0.7214603340865823,0.029285968579392772,0.008553977945909669,-0.07379533524544876,0.021195942280904607,-0.04895285453878642,-0.027127506708262174,0.0058401331509341,0.01675482043101985,0.001754043958498307,-0.010287799711606913,0.04313545215795471,-0.076709535877072,-0.009652097575691021,0.026449364734225017,0.1993555706838751,0.14456319297260745,-0.6140021091911043,0.0910131008497226,0.0961986131358986,-0.01574364117744741,-0.017200486360106057,-0.01719235120082802,0.018155442896556614,-0.010014704198820579,-0.008401605773955115,1.6629059415247253e-17,0.26792996738817654
trophicVar,0.0035008314913879345,-0.028383706212641267,-0.028934206798904384,-0.013306429014334327,-0.3190436833217496,-2.612844025131651e-5,-0.4789277911113564,-0.6886012137420979,0.03961706895674072,-0.09550658429802951,-0.04473295866437182,-0.005930677207803043,0.01635540534178691,0.006307431490628615,-0.018434066833945897,-0.03333801061238409,0.03626665529784187,0.0014603723012004128,-0.011048219619356656,-0.08720260431663403,-0.06913940009791829,0.39222141649954284,-0.052606700835205134,-0.08199751824009706,0.00741975117676581,0.02193588502444506,0.00512660904215093,-0.017173493927004096,0.013206396173917872,0.012853231511219834,-2.0359533602556555e-18,0.17037129829788175
TL,0.0024705236689551487,-0.019684932493395823,-0.02103368674648143,-0.036010525503740586,-0.5994718308711708,0.03474361855856207,0.3334528540727262,0.40875456544725663,0.003845316475224222,0.03084972577130841,0.009551854042541415,0.004935896054077272,-0.01213109542312055,0.0015857619680023868,1.3561114750149084e-4,-0.024127237875733714,0.06439847048750023,0.008729418244691983,-0.013246678633001465,-0.16450433846595247,-0.1227011038315715,0.5454112644563335,-0.07072705807654663,-0.07767119143869598,0.007332719321880624,0.034584810937485874,0.007872192072579798,-0.025918909014730648,0.010601016839763154,0.009377624123902617,2.2595827057635616e-17,0.11988504432610336
