fw_ID,model,dist_model,outcome,failed
ltm_1_10,LTM,5.9550990834463455,Equilibrium,FALSE
atn_1_10,ATN,4.667028873353133,Equilibrium,FALSE
adbm_1_10,ADBM,3.498589720185198,Equilibrium,FALSE
niche_1_10,Niche,3.2084939187136152,Equilibrium,FALSE
cascade_1_10,Cascade,3.4487162631166073,Equilibrium,FALSE
ltm_2_10,LTM,3.8632927615360426,Equilibrium,FALSE
atn_2_10,ATN,4.882005896137591,Equilibrium,FALSE
adbm_2_10,ADBM,2.530036934470243,Equilibrium,FALSE
niche_2_10,Niche,3.440735870393341,Equilibrium,FALSE
cascade_2_10,Cascade,3.4826800502626316,Equilibrium,FALSE
maxent_2_10,MaxEnt,2.4832432727051086,Equilibrium,FALSE
ltm_3_10,LTM,5.0406939376666005,Equilibrium,FALSE
niche_3_10,Niche,7.481542995486501,Equilibrium,FALSE
cascade_3_10,Cascade,5.797163575462284,Equilibrium,FALSE
random_3_10,Random,4.046863315001302,Equilibrium,FALSE
maxent_3_10,MaxEnt,7.579936223656963,Equilibrium,FALSE
ltm_4_10,LTM,5.605335748610191,Equilibrium,FALSE
atn_4_10,ATN,4.457586478880744,Equilibrium,FALSE
adbm_4_10,ADBM,2.5136200754347517,Equilibrium,FALSE
niche_4_10,Niche,6.0135509266184135,Equilibrium,FALSE
cascade_4_10,Cascade,8.38676564345698,Equilibrium,FALSE
random_4_10,Random,3.299978444515093,Equilibrium,FALSE
maxent_4_10,MaxEnt,4.961074017987397,Equilibrium,FALSE
atn_5_10,ATN,2.3803629406789373,Equilibrium,FALSE
adbm_5_10,ADBM,3.005265227283746,Equilibrium,FALSE
niche_5_10,Niche,3.9889887503654347,Equilibrium,FALSE
cascade_5_10,Cascade,3.3776446664821322,Equilibrium,FALSE
maxent_5_10,MaxEnt,4.222940640794678,Equilibrium,FALSE
ltm_6_10,LTM,5.2227714150191415,Equilibrium,FALSE
atn_6_10,ATN,3.6677888560495226,Equilibrium,FALSE
adbm_6_10,ADBM,2.760922287024275,Equilibrium,FALSE
niche_6_10,Niche,5.731782711414477,Equilibrium,FALSE
cascade_6_10,Cascade,5.0242679138030555,Equilibrium,FALSE
maxent_6_10,MaxEnt,3.4528364856499656,Equilibrium,FALSE
ltm_7_10,LTM,3.3116978909692905,Equilibrium,FALSE
atn_7_10,ATN,3.8727037868233687,Equilibrium,FALSE
adbm_7_10,ADBM,2.604980634951322,Equilibrium,FALSE
niche_7_10,Niche,3.9182153659155405,Equilibrium,FALSE
cascade_7_10,Cascade,5.353949779059474,Equilibrium,FALSE
random_7_10,Random,2.4071945593710042,Equilibrium,FALSE
maxent_7_10,MaxEnt,5.799543228739814,Equilibrium,FALSE
atn_8_10,ATN,2.5737106132587204,Equilibrium,FALSE
adbm_8_10,ADBM,2.4244716265716355,Equilibrium,FALSE
niche_8_10,Niche,5.705306192455045,Equilibrium,FALSE
cascade_8_10,Cascade,4.003610635211149,Equilibrium,FALSE
maxent_8_10,MaxEnt,8.474680297612743,Equilibrium,FALSE
atn_9_10,ATN,3.115527680717542,Equilibrium,FALSE
adbm_9_10,ADBM,2.8248662038680568,Equilibrium,FALSE
niche_9_10,Niche,9.766759177547858,Equilibrium,FALSE
cascade_9_10,Cascade,8.39724530888678,Equilibrium,FALSE
random_9_10,Random,7.502909481983012,Equilibrium,FALSE
maxent_9_10,MaxEnt,8.343825660486178,Equilibrium,FALSE
ltm_10_10,LTM,3.3520879257223575,Equilibrium,FALSE
atn_10_10,ATN,2.996457189526648,Equilibrium,FALSE
adbm_10_10,ADBM,2.0586258182527435,Equilibrium,FALSE
niche_10_10,Niche,3.688079949497823,Equilibrium,FALSE
cascade_10_10,Cascade,3.058150166962284,Equilibrium,FALSE
ltm_11_10,LTM,3.755718819526285,Equilibrium,FALSE
atn_11_10,ATN,3.049430315723058,Equilibrium,FALSE
adbm_11_10,ADBM,1.7646235469950802,Equilibrium,FALSE
niche_11_10,Niche,3.723549412453829,Equilibrium,FALSE
cascade_11_10,Cascade,3.6638452273156186,Equilibrium,FALSE
ltm_12_10,LTM,2.6401311424531033,Equilibrium,FALSE
atn_12_10,ATN,5.0900428927851875,Equilibrium,FALSE
adbm_12_10,ADBM,2.8205355419925584,Equilibrium,FALSE
niche_12_10,Niche,3.405419202178718,Equilibrium,FALSE
cascade_12_10,Cascade,2.89218151763808,Equilibrium,FALSE
maxent_12_10,MaxEnt,3.4491367831366038,Equilibrium,FALSE
atn_13_10,ATN,5.451495246063741,Equilibrium,FALSE
adbm_13_10,ADBM,4.904875381833651,Equilibrium,FALSE
niche_13_10,Niche,8.566019893494971,Equilibrium,FALSE
cascade_13_10,Cascade,5.238237185778938,Equilibrium,FALSE
random_13_10,Random,2.302811558208637,Equilibrium,FALSE
maxent_13_10,MaxEnt,4.212834900104872,Equilibrium,FALSE
ltm_14_10,LTM,3.147096726481569,Equilibrium,FALSE
atn_14_10,ATN,4.941472716153989,Equilibrium,FALSE
adbm_14_10,ADBM,2.513567753581214,Equilibrium,FALSE
niche_14_10,Niche,6.938021145977734,Equilibrium,FALSE
cascade_14_10,Cascade,6.429829491223815,Equilibrium,FALSE
random_14_10,Random,4.270908210489996,Equilibrium,FALSE
maxent_14_10,MaxEnt,4.346209592756716,Equilibrium,FALSE
ltm_15_10,LTM,3.0573243029195707,Equilibrium,FALSE
atn_15_10,ATN,4.571904290970769,Equilibrium,FALSE
adbm_15_10,ADBM,2.2334652476381263,Equilibrium,FALSE
niche_15_10,Niche,5.245725541144834,Equilibrium,FALSE
cascade_15_10,Cascade,4.54469447875625,Equilibrium,FALSE
random_15_10,Random,3.1508337499728736,Equilibrium,FALSE
ltm_16_10,LTM,2.813013821070028,Equilibrium,FALSE
atn_16_10,ATN,3.828821254103001,Equilibrium,FALSE
adbm_16_10,ADBM,2.8652831363568003,Equilibrium,FALSE
niche_16_10,Niche,2.7691936754859494,Equilibrium,FALSE
cascade_16_10,Cascade,3.6241602375891726,Equilibrium,FALSE
random_16_10,Random,3.145751215050611,Equilibrium,FALSE
ltm_17_10,LTM,3.0153427260517947,Equilibrium,FALSE
atn_17_10,ATN,3.2340041165318114,Equilibrium,FALSE
niche_17_10,Niche,7.6488593349972485,Equilibrium,FALSE
cascade_17_10,Cascade,4.940941838716031,Equilibrium,FALSE
maxent_17_10,MaxEnt,4.207503696697196,Equilibrium,FALSE
ltm_18_10,LTM,2.522709324641351,Equilibrium,FALSE
atn_18_10,ATN,2.5690371587606666,Equilibrium,FALSE
adbm_18_10,ADBM,3.2299338771805184,Equilibrium,FALSE
niche_18_10,Niche,7.2261362945770795,Equilibrium,FALSE
cascade_18_10,Cascade,3.340824150926845,Equilibrium,FALSE
maxent_18_10,MaxEnt,3.0853556267107876,Equilibrium,FALSE
ltm_19_10,LTM,2.513688468796591,Equilibrium,FALSE
atn_19_10,ATN,3.203351436967166,Equilibrium,FALSE
adbm_19_10,ADBM,2.957156180013293,Equilibrium,FALSE
niche_19_10,Niche,5.22156714536381,Equilibrium,FALSE
cascade_19_10,Cascade,3.5251407377782322,Equilibrium,FALSE
maxent_19_10,MaxEnt,2.7339822737792128,Equilibrium,FALSE
ltm_20_10,LTM,3.068728287579979,Equilibrium,FALSE
atn_20_10,ATN,5.801655598555422,Equilibrium,FALSE
adbm_20_10,ADBM,4.248893671642146,Equilibrium,FALSE
niche_20_10,Niche,3.758291057045266,Equilibrium,FALSE
cascade_20_10,Cascade,3.4682717484130285,Equilibrium,FALSE
atn_21_10,ATN,3.98837622090587,Equilibrium,FALSE
adbm_21_10,ADBM,2.8828125125669932,Equilibrium,FALSE
niche_21_10,Niche,2.484474666312644,Equilibrium,FALSE
cascade_21_10,Cascade,3.1101003587876317,Equilibrium,FALSE
maxent_21_10,MaxEnt,3.1193854424442278,Equilibrium,FALSE
ltm_22_10,LTM,3.058881333760141,Equilibrium,FALSE
atn_22_10,ATN,3.8626100654306077,Equilibrium,FALSE
adbm_22_10,ADBM,2.77230706474587,Equilibrium,FALSE
niche_22_10,Niche,3.6712809676854654,Equilibrium,FALSE
cascade_22_10,Cascade,3.6217616389826524,Equilibrium,FALSE
random_22_10,Random,2.998396428165931,Equilibrium,FALSE
maxent_22_10,MaxEnt,3.921592374086056,Equilibrium,FALSE
atn_23_10,ATN,4.027815068088814,Equilibrium,FALSE
adbm_23_10,ADBM,2.7808971783794534,Equilibrium,FALSE
niche_23_10,Niche,5.619829685811088,Equilibrium,FALSE
cascade_23_10,Cascade,10.243210936896121,Equilibrium,FALSE
random_23_10,Random,3.5958491171948035,Equilibrium,FALSE
maxent_23_10,MaxEnt,7.174430496837529,Equilibrium,FALSE
ltm_24_10,LTM,5.045853827289495,Equilibrium,FALSE
atn_24_10,ATN,3.2928182064687612,Equilibrium,FALSE
adbm_24_10,ADBM,3.537188076684456,Equilibrium,FALSE
niche_24_10,Niche,3.6500317026368037,Equilibrium,FALSE
cascade_24_10,Cascade,4.160623471436962,Equilibrium,FALSE
maxent_24_10,MaxEnt,2.8414889183733245,Equilibrium,FALSE
atn_25_10,ATN,3.192037143895407,Equilibrium,FALSE
adbm_25_10,ADBM,2.418297837759305,Equilibrium,FALSE
niche_25_10,Niche,3.5489572961377798,Equilibrium,FALSE
cascade_25_10,Cascade,5.504882276666305,Equilibrium,FALSE
random_25_10,Random,2.6749175276972275,Equilibrium,FALSE
maxent_25_10,MaxEnt,2.802952012558283,Equilibrium,FALSE
ltm_26_10,LTM,3.9809602426758475,Equilibrium,FALSE
adbm_26_10,ADBM,2.7277143965933828,Equilibrium,FALSE
niche_26_10,Niche,7.983052507634582,Equilibrium,FALSE
cascade_26_10,Cascade,6.358135437134279,Equilibrium,FALSE
random_26_10,Random,3.7571901243499197,Equilibrium,FALSE
maxent_26_10,MaxEnt,6.8135236897258284,Equilibrium,FALSE
atn_27_10,ATN,3.8360087183840488,Equilibrium,FALSE
niche_27_10,Niche,10.031612568341675,Equilibrium,FALSE
cascade_27_10,Cascade,4.436004013497189,Equilibrium,FALSE
random_27_10,Random,5.677750539195442,Equilibrium,FALSE
maxent_27_10,MaxEnt,7.204335155817821,Equilibrium,FALSE
ltm_28_10,LTM,8.304887220468727,Equilibrium,FALSE
atn_28_10,ATN,2.8706681341079716,Equilibrium,FALSE
adbm_28_10,ADBM,4.87703149475721,Equilibrium,FALSE
niche_28_10,Niche,3.246420083250415,Equilibrium,FALSE
cascade_28_10,Cascade,3.5276302043551686,Equilibrium,FALSE
maxent_28_10,MaxEnt,3.037696851656645,Equilibrium,FALSE
atn_29_10,ATN,4.211675511408374,Equilibrium,FALSE
adbm_29_10,ADBM,2.861262480259835,Equilibrium,FALSE
niche_29_10,Niche,5.036561091793633,Equilibrium,FALSE
cascade_29_10,Cascade,3.1559356630373796,Equilibrium,FALSE
random_29_10,Random,3.071894850264564,Equilibrium,FALSE
ltm_30_10,LTM,3.1955929754114294,Equilibrium,FALSE
atn_30_10,ATN,5.35405625732185,Equilibrium,FALSE
adbm_30_10,ADBM,3.1071497721123467,Equilibrium,FALSE
niche_30_10,Niche,2.7914400347430424,Equilibrium,FALSE
cascade_30_10,Cascade,3.4054884320569174,Equilibrium,FALSE
maxent_30_10,MaxEnt,2.9301581216288124,Equilibrium,FALSE
ltm_31_10,LTM,4.214761279705695,Equilibrium,FALSE
adbm_31_10,ADBM,3.5517007182070666,Equilibrium,FALSE
niche_31_10,Niche,3.2926896172630915,Equilibrium,FALSE
cascade_31_10,Cascade,3.5442632852736926,Equilibrium,FALSE
maxent_31_10,MaxEnt,4.408694185444915,Equilibrium,FALSE
ltm_32_10,LTM,6.718248039040983,Equilibrium,FALSE
atn_32_10,ATN,2.8407928842330437,Equilibrium,FALSE
adbm_32_10,ADBM,2.7932342215015913,Equilibrium,FALSE
niche_32_10,Niche,8.676426478879959,Equilibrium,FALSE
cascade_32_10,Cascade,4.290755692669522,Equilibrium,FALSE
maxent_32_10,MaxEnt,5.040995968217713,Equilibrium,FALSE
ltm_33_10,LTM,2.843166106722489,Equilibrium,FALSE
atn_33_10,ATN,3.1430832109762132,Equilibrium,FALSE
adbm_33_10,ADBM,2.5441476692375216,Equilibrium,FALSE
niche_33_10,Niche,2.8784609104078642,Equilibrium,FALSE
cascade_33_10,Cascade,4.0245280604153795,Equilibrium,FALSE
atn_34_10,ATN,4.196007162240544,Equilibrium,FALSE
adbm_34_10,ADBM,1.9966254696151389,Equilibrium,FALSE
niche_34_10,Niche,3.2691984669543324,Equilibrium,FALSE
cascade_34_10,Cascade,3.8824414926660866,Equilibrium,FALSE
random_34_10,Random,4.074739180312686,Equilibrium,FALSE
atn_35_10,ATN,3.8026562209145154,Equilibrium,FALSE
adbm_35_10,ADBM,3.276873920203924,Equilibrium,FALSE
niche_35_10,Niche,2.7330062404278377,Equilibrium,FALSE
cascade_35_10,Cascade,4.304102571106923,Equilibrium,FALSE
random_35_10,Random,1.2874337438379313,Equilibrium,FALSE
maxent_35_10,MaxEnt,3.2886235576668588,Equilibrium,FALSE
ltm_36_10,LTM,7.586174575002251,Equilibrium,FALSE
atn_36_10,ATN,2.8334904202156364,Equilibrium,FALSE
adbm_36_10,ADBM,1.7936984406791747,Equilibrium,FALSE
niche_36_10,Niche,3.525764951430701,Equilibrium,FALSE
cascade_36_10,Cascade,2.984941186054711,Equilibrium,FALSE
maxent_36_10,MaxEnt,2.5525695118695038,Equilibrium,FALSE
ltm_37_10,LTM,3.077193335070418,Equilibrium,FALSE
atn_37_10,ATN,5.456355882475477,Equilibrium,FALSE
adbm_37_10,ADBM,6.370641764028882,Equilibrium,FALSE
niche_37_10,Niche,12.861610445655655,Equilibrium,FALSE
cascade_37_10,Cascade,8.258249553275643,Equilibrium,FALSE
random_37_10,Random,3.938097356374279,Equilibrium,FALSE
maxent_37_10,MaxEnt,9.153930483044016,Equilibrium,FALSE
niche_38_10,Niche,3.523697674065166,Equilibrium,FALSE
cascade_38_10,Cascade,6.374300993438151,Equilibrium,FALSE
random_38_10,Random,1.9265056810237986,Equilibrium,FALSE
maxent_38_10,MaxEnt,3.2934807170312843,Equilibrium,FALSE
atn_39_10,ATN,4.45810705412143,Equilibrium,FALSE
adbm_39_10,ADBM,2.792412698510435,Equilibrium,FALSE
niche_39_10,Niche,3.598551436183551,Equilibrium,FALSE
cascade_39_10,Cascade,3.6615874883450843,Equilibrium,FALSE
maxent_39_10,MaxEnt,3.55796756258046,Equilibrium,FALSE
ltm_40_10,LTM,2.905343931320418,Equilibrium,FALSE
atn_40_10,ATN,2.469390868810267,Equilibrium,FALSE
adbm_40_10,ADBM,3.1244136483078444,Equilibrium,FALSE
niche_40_10,Niche,3.432077349600932,Equilibrium,FALSE
cascade_40_10,Cascade,3.0690415530430717,Equilibrium,FALSE
ltm_41_10,LTM,8.898645132783656,Equilibrium,FALSE
atn_41_10,ATN,5.514786665845395,Equilibrium,FALSE
adbm_41_10,ADBM,2.626378276470704,Equilibrium,FALSE
niche_41_10,Niche,2.7335447052759743,Equilibrium,FALSE
cascade_41_10,Cascade,3.1815072560934556,Equilibrium,FALSE
niche_42_10,Niche,3.5986895691532785,Equilibrium,FALSE
cascade_42_10,Cascade,3.5566338323379907,Equilibrium,FALSE
random_42_10,Random,1.8196208611145641,Equilibrium,FALSE
maxent_42_10,MaxEnt,3.7173691366090367,Equilibrium,FALSE
atn_43_10,ATN,2.980593673125227,Equilibrium,FALSE
adbm_43_10,ADBM,3.592824487427885,Equilibrium,FALSE
niche_43_10,Niche,3.40013007439498,Equilibrium,FALSE
cascade_43_10,Cascade,3.0774868202768473,Equilibrium,FALSE
maxent_43_10,MaxEnt,3.812692142412718,Equilibrium,FALSE
ltm_44_10,LTM,9.094434604661574,Equilibrium,FALSE
atn_44_10,ATN,4.41111375582162,Equilibrium,FALSE
adbm_44_10,ADBM,3.4134749564424833,Equilibrium,FALSE
niche_44_10,Niche,3.425820797317942,Equilibrium,FALSE
cascade_44_10,Cascade,3.1621137864504854,Equilibrium,FALSE
maxent_44_10,MaxEnt,5.12198875308022,Equilibrium,FALSE
atn_45_10,ATN,3.203872166216372,Equilibrium,FALSE
adbm_45_10,ADBM,5.02076669299703,Equilibrium,FALSE
niche_45_10,Niche,5.148044833122734,Equilibrium,FALSE
cascade_45_10,Cascade,2.952655024612416,Equilibrium,FALSE
maxent_45_10,MaxEnt,2.943605514644821,Equilibrium,FALSE
atn_46_10,ATN,4.449586015959632,Equilibrium,FALSE
adbm_46_10,ADBM,3.045463627102215,Equilibrium,FALSE
niche_46_10,Niche,3.0317080320129115,Equilibrium,FALSE
cascade_46_10,Cascade,4.52725975607101,Equilibrium,FALSE
random_46_10,Random,1.6026027159564757,Equilibrium,FALSE
maxent_46_10,MaxEnt,5.38073312301629,Equilibrium,FALSE
atn_47_10,ATN,4.306836915546219,Equilibrium,FALSE
adbm_47_10,ADBM,2.7166568148247334,Equilibrium,FALSE
niche_47_10,Niche,3.210447411716905,Equilibrium,FALSE
cascade_47_10,Cascade,3.4117125504713686,Equilibrium,FALSE
maxent_47_10,MaxEnt,3.7151951091864186,Equilibrium,FALSE
ltm_48_10,LTM,4.593797372576851,Equilibrium,FALSE
atn_48_10,ATN,5.066345932626655,Equilibrium,FALSE
adbm_48_10,ADBM,3.188775191705537,Equilibrium,FALSE
niche_48_10,Niche,3.5143648966486465,Equilibrium,FALSE
cascade_48_10,Cascade,3.6263000247346935,Equilibrium,FALSE
random_48_10,Random,2.7614525691635987,Equilibrium,FALSE
maxent_48_10,MaxEnt,3.23816514749936,Equilibrium,FALSE
ltm_49_10,LTM,3.545799804891494,Equilibrium,FALSE
atn_49_10,ATN,3.4929820354304018,Equilibrium,FALSE
adbm_49_10,ADBM,3.1220485699058123,Equilibrium,FALSE
niche_49_10,Niche,4.390516431472166,Equilibrium,FALSE
cascade_49_10,Cascade,3.2910468061213134,Equilibrium,FALSE
maxent_49_10,MaxEnt,4.22607456165579,Equilibrium,FALSE
ltm_50_10,LTM,2.9839813715241332,Equilibrium,FALSE
adbm_50_10,ADBM,3.8259233715120318,Equilibrium,FALSE
niche_50_10,Niche,5.376440958473195,Equilibrium,FALSE
cascade_50_10,Cascade,3.6340301349496187,Equilibrium,FALSE
random_50_10,Random,2.482512682113174,Equilibrium,FALSE
maxent_50_10,MaxEnt,4.166614799794884,Equilibrium,FALSE
ltm_51_10,LTM,2.7515877077192523,Equilibrium,FALSE
atn_51_10,ATN,4.036724380613602,Equilibrium,FALSE
adbm_51_10,ADBM,2.0730291488017447,Equilibrium,FALSE
niche_51_10,Niche,3.5366653973922286,Equilibrium,FALSE
cascade_51_10,Cascade,4.0417005575125975,Equilibrium,FALSE
maxent_51_10,MaxEnt,4.192065587238612,Equilibrium,FALSE
ltm_52_10,LTM,4.855060776783481,Equilibrium,FALSE
atn_52_10,ATN,4.55871485726119,Equilibrium,FALSE
niche_52_10,Niche,4.633317216413943,Equilibrium,FALSE
cascade_52_10,Cascade,3.5420368113371916,Equilibrium,FALSE
ltm_53_10,LTM,3.0932438718422834,Equilibrium,FALSE
atn_53_10,ATN,3.333280011112161,Equilibrium,FALSE
adbm_53_10,ADBM,2.8377939754722594,Equilibrium,FALSE
niche_53_10,Niche,9.643352266198827,Equilibrium,FALSE
cascade_53_10,Cascade,5.386356527638039,Equilibrium,FALSE
random_53_10,Random,6.394487888717727,Equilibrium,FALSE
maxent_53_10,MaxEnt,6.044793010217042,Equilibrium,FALSE
ltm_54_10,LTM,3.9309077259640315,Equilibrium,FALSE
atn_54_10,ATN,8.136306794704838,Equilibrium,FALSE
adbm_54_10,ADBM,5.048890446452916,Equilibrium,FALSE
niche_54_10,Niche,5.438077163550211,Equilibrium,FALSE
cascade_54_10,Cascade,3.274993975596553,Equilibrium,FALSE
random_54_10,Random,1.7411112813713623,Equilibrium,FALSE
maxent_54_10,MaxEnt,4.1150230105567225,Equilibrium,FALSE
ltm_55_10,LTM,13.511696205957314,Equilibrium,FALSE
atn_55_10,ATN,2.725163102686039,Equilibrium,FALSE
niche_55_10,Niche,3.8315719129686667,Equilibrium,FALSE
cascade_55_10,Cascade,3.7147826804814,Equilibrium,FALSE
maxent_55_10,MaxEnt,3.1067741423015143,Equilibrium,FALSE
atn_56_10,ATN,5.183397216436659,Equilibrium,FALSE
niche_56_10,Niche,4.445444556722018,Equilibrium,FALSE
cascade_56_10,Cascade,9.276284846949947,Equilibrium,FALSE
random_56_10,Random,4.653340620360599,Equilibrium,FALSE
maxent_56_10,MaxEnt,7.756484875716548,Equilibrium,FALSE
atn_57_10,ATN,5.472829466569591,Equilibrium,FALSE
adbm_57_10,ADBM,3.143773963260936,Equilibrium,FALSE
niche_57_10,Niche,4.493707723350874,Equilibrium,FALSE
cascade_57_10,Cascade,9.48693741199474,Equilibrium,FALSE
random_57_10,Random,2.6365381384847195,Equilibrium,FALSE
maxent_57_10,MaxEnt,4.628493070535231,Equilibrium,FALSE
ltm_58_10,LTM,4.837220065916026,Equilibrium,FALSE
atn_58_10,ATN,3.2283181464774406,Equilibrium,FALSE
adbm_58_10,ADBM,3.2787404692547892,Equilibrium,FALSE
niche_58_10,Niche,4.971606292540944,Equilibrium,FALSE
cascade_58_10,Cascade,8.368982328050595,Equilibrium,FALSE
random_58_10,Random,3.2340690190768693,Equilibrium,FALSE
maxent_58_10,MaxEnt,3.5619925624751425,Equilibrium,FALSE
atn_59_10,ATN,9.969834510487438,Equilibrium,FALSE
adbm_59_10,ADBM,2.9313551256884463,Equilibrium,FALSE
niche_59_10,Niche,5.703584912614412,Equilibrium,FALSE
cascade_59_10,Cascade,4.647536107240346,Equilibrium,FALSE
random_59_10,Random,2.2634983157713453,Equilibrium,FALSE
maxent_59_10,MaxEnt,6.0346646425260335,Equilibrium,FALSE
ltm_60_10,LTM,3.275865474014814,Equilibrium,FALSE
atn_60_10,ATN,2.915661975740145,Equilibrium,FALSE
adbm_60_10,ADBM,3.2585854057716865,Equilibrium,FALSE
niche_60_10,Niche,3.8953408253148454,Equilibrium,FALSE
cascade_60_10,Cascade,3.2652217179274547,Equilibrium,FALSE
maxent_60_10,MaxEnt,5.3597153645056315,Equilibrium,FALSE
ltm_61_10,LTM,3.6607954287261744,Equilibrium,FALSE
atn_61_10,ATN,2.876917277277065,Equilibrium,FALSE
adbm_61_10,ADBM,2.846570741475798,Equilibrium,FALSE
niche_61_10,Niche,3.8894626018595937,Equilibrium,FALSE
cascade_61_10,Cascade,4.656032185647642,Equilibrium,FALSE
ltm_62_10,LTM,2.866413614634179,Equilibrium,FALSE
atn_62_10,ATN,3.2033927424592847,Equilibrium,FALSE
adbm_62_10,ADBM,2.7808664856053134,Equilibrium,FALSE
niche_62_10,Niche,2.8725193622212317,Equilibrium,FALSE
cascade_62_10,Cascade,3.3583320553804397,Equilibrium,FALSE
maxent_62_10,MaxEnt,3.78029279664048,Equilibrium,FALSE
ltm_63_10,LTM,4.860997255879552,Equilibrium,FALSE
niche_63_10,Niche,4.620021363838961,Equilibrium,FALSE
cascade_63_10,Cascade,4.39312921576333,Equilibrium,FALSE
random_63_10,Random,1.3877356940674093,Equilibrium,FALSE
maxent_63_10,MaxEnt,6.356219104194832,Equilibrium,FALSE
ltm_64_10,LTM,3.0762715068643174,Equilibrium,FALSE
atn_64_10,ATN,2.9464481470216985,Equilibrium,FALSE
adbm_64_10,ADBM,4.791315855984381,Equilibrium,FALSE
niche_64_10,Niche,6.963878827654708,Equilibrium,FALSE
cascade_64_10,Cascade,6.569235753067715,Equilibrium,FALSE
random_64_10,Random,3.323843620031802,Equilibrium,FALSE
maxent_64_10,MaxEnt,4.1444231132882186,Equilibrium,FALSE
atn_65_10,ATN,3.1639404074888695,Equilibrium,FALSE
adbm_65_10,ADBM,3.0772981123468375,Equilibrium,FALSE
niche_65_10,Niche,4.637401611352187,Equilibrium,FALSE
cascade_65_10,Cascade,3.3270948490113104,Equilibrium,FALSE
maxent_65_10,MaxEnt,2.9876805504663744,Equilibrium,FALSE
ltm_66_10,LTM,2.732471606228324,Equilibrium,FALSE
atn_66_10,ATN,3.306820079174799,Equilibrium,FALSE
adbm_66_10,ADBM,2.624442403376293,Equilibrium,FALSE
niche_66_10,Niche,4.4893954993681415,Equilibrium,FALSE
cascade_66_10,Cascade,3.5318868101016365,Equilibrium,FALSE
maxent_66_10,MaxEnt,5.7186113762446915,Equilibrium,FALSE
ltm_67_10,LTM,2.789469738657471,Equilibrium,FALSE
atn_67_10,ATN,4.767336757076977,Equilibrium,FALSE
adbm_67_10,ADBM,1.976487136102551,Equilibrium,FALSE
niche_67_10,Niche,5.572138249035498,Equilibrium,FALSE
cascade_67_10,Cascade,6.359153959790684,Equilibrium,FALSE
random_67_10,Random,4.706048586870819,Equilibrium,FALSE
maxent_67_10,MaxEnt,4.7796114726099574,Equilibrium,FALSE
ltm_68_10,LTM,5.284196670701756,Equilibrium,FALSE
atn_68_10,ATN,6.92234460951527,Equilibrium,FALSE
adbm_68_10,ADBM,3.202107911784409,Equilibrium,FALSE
niche_68_10,Niche,8.234466173277605,Equilibrium,FALSE
cascade_68_10,Cascade,7.694795763538926,Equilibrium,FALSE
random_68_10,Random,5.955202771154309,Equilibrium,FALSE
maxent_68_10,MaxEnt,3.4068606689915133,Equilibrium,FALSE
ltm_69_10,LTM,4.104511654480881,Equilibrium,FALSE
atn_69_10,ATN,4.874859413417948,Equilibrium,FALSE
adbm_69_10,ADBM,3.8588783279676755,Equilibrium,FALSE
niche_69_10,Niche,10.178319551102566,Equilibrium,FALSE
cascade_69_10,Cascade,7.1493862768531065,Equilibrium,FALSE
maxent_69_10,MaxEnt,8.076459766316153,Equilibrium,FALSE
ltm_70_10,LTM,4.083094921176772,Equilibrium,FALSE
niche_70_10,Niche,6.706627014321445,Equilibrium,FALSE
cascade_70_10,Cascade,6.855891600214497,Equilibrium,FALSE
random_70_10,Random,4.253430781831501,Equilibrium,FALSE
maxent_70_10,MaxEnt,9.226591487694296,Equilibrium,FALSE
atn_71_10,ATN,4.2605304107511515,Equilibrium,FALSE
adbm_71_10,ADBM,2.568052891180799,Equilibrium,FALSE
niche_71_10,Niche,4.6758632549726125,Equilibrium,FALSE
cascade_71_10,Cascade,3.239649385380616,Equilibrium,FALSE
random_71_10,Random,1.5871273600041322,Equilibrium,FALSE
maxent_71_10,MaxEnt,2.897348757396373,Equilibrium,FALSE
atn_72_10,ATN,4.185192702992926,Equilibrium,FALSE
adbm_72_10,ADBM,4.053777957649885,Equilibrium,FALSE
niche_72_10,Niche,3.0572255746344372,Equilibrium,FALSE
cascade_72_10,Cascade,3.4842495055935316,Equilibrium,FALSE
random_72_10,Random,1.6919445845672874,Equilibrium,FALSE
ltm_73_10,LTM,2.720374165517346,Equilibrium,FALSE
atn_73_10,ATN,2.9282494384902265,Equilibrium,FALSE
adbm_73_10,ADBM,3.535720593472819,Equilibrium,FALSE
niche_73_10,Niche,13.026746760072612,Equilibrium,FALSE
cascade_73_10,Cascade,6.267275239739906,Equilibrium,FALSE
random_73_10,Random,5.860830866264441,Equilibrium,FALSE
maxent_73_10,MaxEnt,7.697546536622824,Equilibrium,FALSE
atn_74_10,ATN,2.4503338715583314,Equilibrium,FALSE
adbm_74_10,ADBM,2.6098774035340764,Equilibrium,FALSE
niche_74_10,Niche,3.5401305576174056,Equilibrium,FALSE
cascade_74_10,Cascade,3.8733963464311882,Equilibrium,FALSE
maxent_74_10,MaxEnt,3.345801462296056,Equilibrium,FALSE
ltm_75_10,LTM,3.394563269876484,Equilibrium,FALSE
atn_75_10,ATN,3.6651232272992162,Equilibrium,FALSE
adbm_75_10,ADBM,2.635824541647046,Equilibrium,FALSE
niche_75_10,Niche,2.9415404498880173,Equilibrium,FALSE
cascade_75_10,Cascade,3.0199407806288088,Equilibrium,FALSE
maxent_75_10,MaxEnt,3.8029737031164785,Equilibrium,FALSE
ltm_76_10,LTM,7.385902668668873,Equilibrium,FALSE
atn_76_10,ATN,6.447450481504581,Equilibrium,FALSE
adbm_76_10,ADBM,4.63677787778446,Equilibrium,FALSE
niche_76_10,Niche,2.961006885437635,Equilibrium,FALSE
cascade_76_10,Cascade,3.420246379241012,Equilibrium,FALSE
maxent_76_10,MaxEnt,3.511139681135317,Equilibrium,FALSE
ltm_77_10,LTM,3.630784343889018,Equilibrium,FALSE
atn_77_10,ATN,2.332915213812453,Equilibrium,FALSE
adbm_77_10,ADBM,4.3620268100821775,Equilibrium,FALSE
niche_77_10,Niche,6.844456824323203,Equilibrium,FALSE
cascade_77_10,Cascade,6.729469245871327,Equilibrium,FALSE
random_77_10,Random,6.164075711597739,Equilibrium,FALSE
maxent_77_10,MaxEnt,5.629369205518793,Equilibrium,FALSE
ltm_78_10,LTM,2.712437165567404,Equilibrium,FALSE
niche_78_10,Niche,3.6211863677204117,Equilibrium,FALSE
cascade_78_10,Cascade,4.83778192826495,Equilibrium,FALSE
maxent_78_10,MaxEnt,2.4311193833362172,Equilibrium,FALSE
atn_79_10,ATN,6.818729587338382,Equilibrium,FALSE
adbm_79_10,ADBM,3.2630661125840765,Equilibrium,FALSE
niche_79_10,Niche,6.010571266248434,Equilibrium,FALSE
cascade_79_10,Cascade,3.689000745997841,Equilibrium,FALSE
maxent_79_10,MaxEnt,3.298470794205444,Equilibrium,FALSE
ltm_80_10,LTM,2.9416815695088707,Equilibrium,FALSE
atn_80_10,ATN,2.871323520640081,Equilibrium,FALSE
adbm_80_10,ADBM,3.649173996565397,Equilibrium,FALSE
niche_80_10,Niche,5.68818210664271,Equilibrium,FALSE
cascade_80_10,Cascade,5.670279969480743,Equilibrium,FALSE
random_80_10,Random,3.647876361800519,Equilibrium,FALSE
ltm_81_10,LTM,5.822321733005639,Equilibrium,FALSE
atn_81_10,ATN,3.560985018398452,Equilibrium,FALSE
adbm_81_10,ADBM,2.8881553731093104,Equilibrium,FALSE
niche_81_10,Niche,3.527759302622531,Equilibrium,FALSE
cascade_81_10,Cascade,2.9877106993787037,Equilibrium,FALSE
maxent_81_10,MaxEnt,4.661346649418943,Equilibrium,FALSE
ltm_82_10,LTM,4.146269100872483,Equilibrium,FALSE
atn_82_10,ATN,3.494264827030224,Equilibrium,FALSE
adbm_82_10,ADBM,3.0587374256820428,Equilibrium,FALSE
niche_82_10,Niche,4.293603959419313,Equilibrium,FALSE
cascade_82_10,Cascade,3.311357453211424,Equilibrium,FALSE
maxent_82_10,MaxEnt,2.809570893926805,Equilibrium,FALSE
atn_83_10,ATN,5.3567861538813135,Equilibrium,FALSE
niche_83_10,Niche,2.890003775219375,Equilibrium,FALSE
cascade_83_10,Cascade,3.4109405519699756,Equilibrium,FALSE
maxent_83_10,MaxEnt,4.36354875660014,Equilibrium,FALSE
ltm_84_10,LTM,2.6884908197790947,Equilibrium,FALSE
atn_84_10,ATN,2.563917474337496,Equilibrium,FALSE
adbm_84_10,ADBM,2.634708238070364,Equilibrium,FALSE
niche_84_10,Niche,5.543314303767254,Equilibrium,FALSE
cascade_84_10,Cascade,3.78790797275814,Equilibrium,FALSE
maxent_84_10,MaxEnt,6.546174778412047,Equilibrium,FALSE
ltm_85_10,LTM,2.538560163631591,Equilibrium,FALSE
atn_85_10,ATN,3.1225710076280304,Equilibrium,FALSE
niche_85_10,Niche,2.4763948835442986,Equilibrium,FALSE
cascade_85_10,Cascade,4.261890936568709,Equilibrium,FALSE
ltm_86_10,LTM,2.635474086434987,Equilibrium,FALSE
atn_86_10,ATN,2.2077594491581323,Equilibrium,FALSE
adbm_86_10,ADBM,3.9931316451029373,Equilibrium,FALSE
niche_86_10,Niche,14.214579505575742,Equilibrium,FALSE
cascade_86_10,Cascade,7.127640640526875,Equilibrium,FALSE
random_86_10,Random,5.421086790602411,Equilibrium,FALSE
maxent_86_10,MaxEnt,13.543153637260561,Equilibrium,FALSE
atn_87_10,ATN,4.968994993796855,Equilibrium,FALSE
adbm_87_10,ADBM,3.244681550470671,Equilibrium,FALSE
niche_87_10,Niche,2.998861691355216,Equilibrium,FALSE
cascade_87_10,Cascade,3.3152733378310244,Equilibrium,FALSE
maxent_87_10,MaxEnt,5.379356641534813,Equilibrium,FALSE
atn_88_10,ATN,4.211306165103916,Equilibrium,FALSE
adbm_88_10,ADBM,3.3527204010153784,Equilibrium,FALSE
niche_88_10,Niche,4.286230131771713,Equilibrium,FALSE
cascade_88_10,Cascade,3.7430236485536676,Equilibrium,FALSE
maxent_88_10,MaxEnt,5.128442260953989,Equilibrium,FALSE
atn_89_10,ATN,3.9601046737087886,Equilibrium,FALSE
niche_89_10,Niche,4.637303229887996,Equilibrium,FALSE
cascade_89_10,Cascade,6.095877585759564,Equilibrium,FALSE
atn_90_10,ATN,4.016791245923038,Equilibrium,FALSE
adbm_90_10,ADBM,3.234907277525872,Equilibrium,FALSE
niche_90_10,Niche,3.94876496229113,Equilibrium,FALSE
cascade_90_10,Cascade,3.0373920661441236,Equilibrium,FALSE
ltm_91_10,LTM,4.577770352981276,Equilibrium,FALSE
atn_91_10,ATN,3.61691439241493,Equilibrium,FALSE
adbm_91_10,ADBM,2.9032217685701935,Equilibrium,FALSE
niche_91_10,Niche,1.9594229115329054,Equilibrium,FALSE
cascade_91_10,Cascade,3.6269487083248935,Equilibrium,FALSE
random_91_10,Random,2.058395955884161,Equilibrium,FALSE
maxent_91_10,MaxEnt,6.31581389479121,Equilibrium,FALSE
atn_92_10,ATN,4.249410292873562,Equilibrium,FALSE
adbm_92_10,ADBM,3.8985833753999777,Equilibrium,FALSE
niche_92_10,Niche,8.155773216738545,Equilibrium,FALSE
cascade_92_10,Cascade,10.617062830169331,Equilibrium,FALSE
random_92_10,Random,5.127050133247479,Equilibrium,FALSE
maxent_92_10,MaxEnt,5.525227203848631,Equilibrium,FALSE
ltm_93_10,LTM,3.049642803337207,Equilibrium,FALSE
atn_93_10,ATN,2.7873756148009172,Equilibrium,FALSE
niche_93_10,Niche,2.842254725522456,Equilibrium,FALSE
cascade_93_10,Cascade,3.4767900167890344,Equilibrium,FALSE
random_93_10,Random,3.084483101331457,Equilibrium,FALSE
ltm_94_10,LTM,5.722068456663337,Equilibrium,FALSE
atn_94_10,ATN,3.0823477331490676,Equilibrium,FALSE
adbm_94_10,ADBM,2.9544999890605,Equilibrium,FALSE
niche_94_10,Niche,2.885042648665454,Equilibrium,FALSE
cascade_94_10,Cascade,3.3513000455028723,Equilibrium,FALSE
maxent_94_10,MaxEnt,3.6782817252711624,Equilibrium,FALSE
ltm_95_10,LTM,3.3183492080760977,Equilibrium,FALSE
atn_95_10,ATN,3.606229220733636,Equilibrium,FALSE
adbm_95_10,ADBM,2.2678452973034946,Equilibrium,FALSE
niche_95_10,Niche,3.99173509291117,Equilibrium,FALSE
cascade_95_10,Cascade,3.3434054193125275,Equilibrium,FALSE
maxent_95_10,MaxEnt,3.9342646721418792,Equilibrium,FALSE
ltm_96_10,LTM,4.162403508232054,Equilibrium,FALSE
atn_96_10,ATN,3.235979901457992,Equilibrium,FALSE
adbm_96_10,ADBM,2.9890368625009374,Equilibrium,FALSE
niche_96_10,Niche,6.2814608521468145,Equilibrium,FALSE
cascade_96_10,Cascade,5.742005892207042,Equilibrium,FALSE
random_96_10,Random,2.8012453789965077,Equilibrium,FALSE
maxent_96_10,MaxEnt,4.427322295390672,Equilibrium,FALSE
ltm_97_10,LTM,5.018366665453784,Equilibrium,FALSE
atn_97_10,ATN,2.370051551502893,Equilibrium,FALSE
adbm_97_10,ADBM,2.8710986600886184,Equilibrium,FALSE
niche_97_10,Niche,3.921349110968769,Equilibrium,FALSE
cascade_97_10,Cascade,5.55344497328492,Equilibrium,FALSE
random_97_10,Random,2.417555333541026,Equilibrium,FALSE
maxent_97_10,MaxEnt,6.93934763505774,Equilibrium,FALSE
ltm_98_10,LTM,3.034814563817216,Equilibrium,FALSE
atn_98_10,ATN,2.7852594665231343,Equilibrium,FALSE
adbm_98_10,ADBM,2.6659420913685934,Equilibrium,FALSE
niche_98_10,Niche,5.2269653622038525,Equilibrium,FALSE
cascade_98_10,Cascade,6.617589464712363,Equilibrium,FALSE
random_98_10,Random,3.049324267026323,Equilibrium,FALSE
maxent_98_10,MaxEnt,4.75954006748269,Equilibrium,FALSE
atn_99_10,ATN,2.8542222524956897,Equilibrium,FALSE
adbm_99_10,ADBM,5.368964351698077,Equilibrium,FALSE
niche_99_10,Niche,4.13089256317712,Equilibrium,FALSE
cascade_99_10,Cascade,3.9482902183698383,Equilibrium,FALSE
maxent_99_10,MaxEnt,3.3082558902777675,Equilibrium,FALSE
ltm_100_10,LTM,3.4024773320595543,Equilibrium,FALSE
atn_100_10,ATN,3.0299308216951757,Equilibrium,FALSE
adbm_100_10,ADBM,2.3068635773097697,Equilibrium,FALSE
niche_100_10,Niche,3.416506275158665,Equilibrium,FALSE
cascade_100_10,Cascade,3.1042630442506223,Equilibrium,FALSE
atn_1_20,ATN,1.566023703060715,Equilibrium,FALSE
adbm_1_20,ADBM,0.7367467337876259,Equilibrium,FALSE
niche_1_20,Niche,1.6914300811511485,Equilibrium,FALSE
cascade_1_20,Cascade,1.0264707168073086,Equilibrium,FALSE
maxent_1_20,MaxEnt,1.4092176227868132,Equilibrium,FALSE
ltm_2_20,LTM,3.0026290681176575,Equilibrium,FALSE
atn_2_20,ATN,1.6022663644141844,Equilibrium,FALSE
adbm_2_20,ADBM,1.4884731562922755,Equilibrium,FALSE
niche_2_20,Niche,2.2240631594148,Equilibrium,FALSE
cascade_2_20,Cascade,2.1198011466863633,Equilibrium,FALSE
atn_3_20,ATN,1.3927347812446154,Equilibrium,FALSE
adbm_3_20,ADBM,2.0736146527720325,Equilibrium,FALSE
niche_3_20,Niche,2.3896423850951916,Equilibrium,FALSE
cascade_3_20,Cascade,2.462648106828574,Equilibrium,FALSE
maxent_3_20,MaxEnt,3.0736333848013655,Equilibrium,FALSE
ltm_4_20,LTM,3.869926702415454,Equilibrium,FALSE
atn_4_20,ATN,1.26647869293638,Equilibrium,FALSE
adbm_4_20,ADBM,1.9072982742155393,Equilibrium,FALSE
niche_4_20,Niche,2.6418345051312033,Equilibrium,FALSE
cascade_4_20,Cascade,2.1217824412574573,Equilibrium,FALSE
random_4_20,Random,2.9999452543803833,Equilibrium,FALSE
ltm_5_20,LTM,3.657220145530904,Equilibrium,FALSE
atn_5_20,ATN,1.6765761066457672,Equilibrium,FALSE
adbm_5_20,ADBM,1.302763981669335,Equilibrium,FALSE
niche_5_20,Niche,3.659441182484025,Equilibrium,FALSE
cascade_5_20,Cascade,2.7771733536066936,Equilibrium,FALSE
ltm_6_20,LTM,7.908743152516433,Equilibrium,FALSE
atn_6_20,ATN,1.2633415603439007,Equilibrium,FALSE
adbm_6_20,ADBM,0.7509773320866682,Equilibrium,FALSE
niche_6_20,Niche,0.9955017483075779,Equilibrium,FALSE
cascade_6_20,Cascade,2.239040422288534,Equilibrium,FALSE
maxent_6_20,MaxEnt,1.4499211835902195,Equilibrium,FALSE
atn_7_20,ATN,1.6887882714656737,Equilibrium,FALSE
adbm_7_20,ADBM,1.527265703063567,Equilibrium,FALSE
niche_7_20,Niche,1.6328251162681875,Equilibrium,FALSE
cascade_7_20,Cascade,1.6648196448673973,Equilibrium,FALSE
random_7_20,Random,3.8007106253688057,Equilibrium,FALSE
maxent_7_20,MaxEnt,1.0898985828393233,Equilibrium,FALSE
ltm_8_20,LTM,4.11048212785439,Equilibrium,FALSE
atn_8_20,ATN,1.2877659109179902,Equilibrium,FALSE
adbm_8_20,ADBM,0.7373623756459963,Equilibrium,FALSE
niche_8_20,Niche,2.0289037401625234,Equilibrium,FALSE
cascade_8_20,Cascade,1.5565136186132622,Equilibrium,FALSE
maxent_8_20,MaxEnt,2.1689260838091182,Equilibrium,FALSE
ltm_9_20,LTM,4.844108644815407,Equilibrium,FALSE
atn_9_20,ATN,1.2458759244547746,Equilibrium,FALSE
niche_9_20,Niche,3.543556016687415,Equilibrium,FALSE
cascade_9_20,Cascade,1.6620156144564973,Equilibrium,FALSE
maxent_9_20,MaxEnt,1.253768362252731,Equilibrium,FALSE
atn_10_20,ATN,2.3649606460039254,Equilibrium,FALSE
niche_10_20,Niche,2.553355388921365,Equilibrium,FALSE
cascade_10_20,Cascade,2.7394031001655863,Equilibrium,FALSE
maxent_10_20,MaxEnt,2.45903600443329,Equilibrium,FALSE
atn_11_20,ATN,1.1852514245894579,Equilibrium,FALSE
adbm_11_20,ADBM,0.6861151234552999,Equilibrium,FALSE
niche_11_20,Niche,3.514706434524321,Equilibrium,FALSE
cascade_11_20,Cascade,4.369150568480415,Equilibrium,FALSE
random_11_20,Random,1.8285548775431797,Equilibrium,FALSE
maxent_11_20,MaxEnt,2.54057958373758,Equilibrium,FALSE
niche_12_20,Niche,3.6898004231723984,Equilibrium,FALSE
cascade_12_20,Cascade,3.0303152843700403,Equilibrium,FALSE
random_12_20,Random,2.8286637831903434,Equilibrium,FALSE
maxent_12_20,MaxEnt,1.6821477893461758,Equilibrium,FALSE
ltm_13_20,LTM,2.223137346583093,Equilibrium,FALSE
atn_13_20,ATN,0.6588572155296989,Equilibrium,FALSE
adbm_13_20,ADBM,2.190673585828907,Equilibrium,FALSE
niche_13_20,Niche,2.0235743371992467,Equilibrium,FALSE
cascade_13_20,Cascade,2.326797983242622,Equilibrium,FALSE
maxent_13_20,MaxEnt,1.9078419353856062,Equilibrium,FALSE
ltm_14_20,LTM,1.6936001490736132,Equilibrium,FALSE
niche_14_20,Niche,2.0103706979758837,Equilibrium,FALSE
cascade_14_20,Cascade,2.856207441379799,Equilibrium,FALSE
maxent_14_20,MaxEnt,2.6628983350520445,Equilibrium,FALSE
ltm_15_20,LTM,1.598063522238814,Equilibrium,FALSE
atn_15_20,ATN,2.41623562130867,Equilibrium,FALSE
niche_15_20,Niche,2.5215332884727117,Equilibrium,FALSE
cascade_15_20,Cascade,2.9362429525363374,Equilibrium,FALSE
random_15_20,Random,2.8652569753319557,Equilibrium,FALSE
maxent_15_20,MaxEnt,1.5726915851465681,Equilibrium,FALSE
atn_16_20,ATN,1.5884483204846005,Equilibrium,FALSE
adbm_16_20,ADBM,1.3948308829946914,Equilibrium,FALSE
niche_16_20,Niche,3.879360533662402,Equilibrium,FALSE
cascade_16_20,Cascade,3.010667967250568,Equilibrium,FALSE
maxent_16_20,MaxEnt,3.269281468263955,Equilibrium,FALSE
ltm_17_20,LTM,1.074178002125319,Equilibrium,FALSE
atn_17_20,ATN,1.7742070990509555,Equilibrium,FALSE
adbm_17_20,ADBM,0.9918851409178608,Equilibrium,FALSE
niche_17_20,Niche,4.083218777929748,Equilibrium,FALSE
cascade_17_20,Cascade,2.0011092037821205,Equilibrium,FALSE
maxent_17_20,MaxEnt,1.620937564905158,Equilibrium,FALSE
ltm_18_20,LTM,3.054718020390061,Equilibrium,FALSE
atn_18_20,ATN,1.630854068347066,Equilibrium,FALSE
adbm_18_20,ADBM,0.574543339528806,Equilibrium,FALSE
niche_18_20,Niche,3.531481397917626,Equilibrium,FALSE
cascade_18_20,Cascade,1.3054058591604274,Equilibrium,FALSE
maxent_18_20,MaxEnt,2.5874775280216866,Equilibrium,FALSE
atn_19_20,ATN,0.9228106397511577,Equilibrium,FALSE
adbm_19_20,ADBM,2.965904269361039,Equilibrium,FALSE
niche_19_20,Niche,1.7532140892923864,Equilibrium,FALSE
cascade_19_20,Cascade,1.6750459797662667,Equilibrium,FALSE
atn_20_20,ATN,1.3586043675877846,Equilibrium,FALSE
adbm_20_20,ADBM,1.2568744965590415,Equilibrium,FALSE
niche_20_20,Niche,4.756322909070088,Equilibrium,FALSE
cascade_20_20,Cascade,3.148521982154132,Equilibrium,FALSE
maxent_20_20,MaxEnt,4.330538259110525,Equilibrium,FALSE
ltm_21_20,LTM,2.349611363057375,Equilibrium,FALSE
atn_21_20,ATN,1.5410386109250118,Equilibrium,FALSE
adbm_21_20,ADBM,0.5792216182326808,Equilibrium,FALSE
niche_21_20,Niche,2.837008041709326,Equilibrium,FALSE
cascade_21_20,Cascade,1.4301572468154538,Equilibrium,FALSE
maxent_21_20,MaxEnt,3.294884804077996,Equilibrium,FALSE
ltm_22_20,LTM,2.2471732650229,Equilibrium,FALSE
atn_22_20,ATN,1.179841771400534,Equilibrium,FALSE
adbm_22_20,ADBM,2.028847353010982,Equilibrium,FALSE
niche_22_20,Niche,2.096147037605511,Equilibrium,FALSE
cascade_22_20,Cascade,2.0869707683637726,Equilibrium,FALSE
ltm_23_20,LTM,2.0782063208552564,Equilibrium,FALSE
atn_23_20,ATN,1.83780711338976,Equilibrium,FALSE
adbm_23_20,ADBM,2.3777770215820393,Equilibrium,FALSE
niche_23_20,Niche,4.736702133337977,Equilibrium,FALSE
cascade_23_20,Cascade,3.044087722749527,Equilibrium,FALSE
random_23_20,Random,2.449242267453264,Equilibrium,FALSE
maxent_23_20,MaxEnt,1.9440927614047185,Equilibrium,FALSE
ltm_24_20,LTM,2.0829764666410977,Equilibrium,FALSE
atn_24_20,ATN,1.705743080938746,Equilibrium,FALSE
adbm_24_20,ADBM,0.6812087746797106,Equilibrium,FALSE
niche_24_20,Niche,3.5368924508244532,Equilibrium,FALSE
cascade_24_20,Cascade,3.230515307461051,Equilibrium,FALSE
maxent_24_20,MaxEnt,1.870636069746821,Equilibrium,FALSE
ltm_25_20,LTM,3.1854805539915985,Equilibrium,FALSE
atn_25_20,ATN,1.869798100726383,Equilibrium,FALSE
adbm_25_20,ADBM,1.5373168420968064,Equilibrium,FALSE
niche_25_20,Niche,5.186015601072377,Equilibrium,FALSE
cascade_25_20,Cascade,4.08820589205815,Equilibrium,FALSE
random_25_20,Random,1.7250906729189572,Equilibrium,FALSE
maxent_25_20,MaxEnt,5.353980538670298,Equilibrium,FALSE
ltm_26_20,LTM,2.6714161211463376,Equilibrium,FALSE
atn_26_20,ATN,1.8022143882152881,Equilibrium,FALSE
adbm_26_20,ADBM,1.3245039984390763,Equilibrium,FALSE
niche_26_20,Niche,7.014334583747311,Equilibrium,FALSE
cascade_26_20,Cascade,4.210811838810831,Equilibrium,FALSE
random_26_20,Random,0.7640649708890209,Equilibrium,FALSE
maxent_26_20,MaxEnt,4.1748754062427915,Equilibrium,FALSE
ltm_27_20,LTM,0.8758563005349881,Equilibrium,FALSE
atn_27_20,ATN,2.5160985495717854,Equilibrium,FALSE
adbm_27_20,ADBM,1.0197567344673244,Equilibrium,FALSE
niche_27_20,Niche,2.534693190154965,Equilibrium,FALSE
cascade_27_20,Cascade,2.2175435439219746,Equilibrium,FALSE
random_27_20,Random,3.8700790045290856,Equilibrium,FALSE
maxent_27_20,MaxEnt,2.6274534117079384,Equilibrium,FALSE
ltm_28_20,LTM,7.183229365971853,Equilibrium,FALSE
atn_28_20,ATN,1.6600358086008764,Equilibrium,FALSE
adbm_28_20,ADBM,0.8894040771405131,Equilibrium,FALSE
niche_28_20,Niche,1.8076900181918143,Equilibrium,FALSE
cascade_28_20,Cascade,1.8864995314640114,Equilibrium,FALSE
maxent_28_20,MaxEnt,2.753917394156551,Equilibrium,FALSE
ltm_29_20,LTM,1.718742009405932,Equilibrium,FALSE
atn_29_20,ATN,1.0656769662431955,Equilibrium,FALSE
adbm_29_20,ADBM,1.0970314412935072,Equilibrium,FALSE
niche_29_20,Niche,2.4127227036552372,Equilibrium,FALSE
cascade_29_20,Cascade,2.9234469930939477,Equilibrium,FALSE
maxent_29_20,MaxEnt,3.2244890920544234,Equilibrium,FALSE
atn_30_20,ATN,1.5454719826235823,Equilibrium,FALSE
adbm_30_20,ADBM,1.9777352280914715,Equilibrium,FALSE
niche_30_20,Niche,3.263416635346629,Equilibrium,FALSE
cascade_30_20,Cascade,1.6403575205192074,Equilibrium,FALSE
maxent_30_20,MaxEnt,1.3167805788053804,Equilibrium,FALSE
ltm_31_20,LTM,3.5122142285389972,Equilibrium,FALSE
atn_31_20,ATN,2.429523946590746,Equilibrium,FALSE
adbm_31_20,ADBM,1.6230426435151724,Equilibrium,FALSE
niche_31_20,Niche,2.1679222638809237,Equilibrium,FALSE
cascade_31_20,Cascade,1.5299968603421235,Equilibrium,FALSE
maxent_31_20,MaxEnt,3.0504020248151194,Equilibrium,FALSE
ltm_32_20,LTM,2.7818104058147273,Equilibrium,FALSE
atn_32_20,ATN,1.2308114655605398,Equilibrium,FALSE
adbm_32_20,ADBM,1.4264990137552884,Equilibrium,FALSE
niche_32_20,Niche,5.089352135318664,Equilibrium,FALSE
cascade_32_20,Cascade,4.1689467279939,Equilibrium,FALSE
random_32_20,Random,1.67197247144006,Equilibrium,FALSE
maxent_32_20,MaxEnt,2.697293424044448,Equilibrium,FALSE
ltm_33_20,LTM,1.8737134614170743,Equilibrium,FALSE
atn_33_20,ATN,1.5914268658349962,Equilibrium,FALSE
adbm_33_20,ADBM,0.8264556557722874,Equilibrium,FALSE
niche_33_20,Niche,3.273000275428946,Equilibrium,FALSE
cascade_33_20,Cascade,3.06668214408098,Equilibrium,FALSE
random_33_20,Random,2.8184196801696397,Equilibrium,FALSE
maxent_33_20,MaxEnt,2.3340507106616424,Equilibrium,FALSE
atn_34_20,ATN,1.5668175060364384,Equilibrium,FALSE
adbm_34_20,ADBM,1.316637916792681,Equilibrium,FALSE
niche_34_20,Niche,1.8118194657062645,Equilibrium,FALSE
cascade_34_20,Cascade,2.7208509189684498,Equilibrium,FALSE
maxent_34_20,MaxEnt,1.3414721576966806,Equilibrium,FALSE
atn_35_20,ATN,1.0919201275299741,Equilibrium,FALSE
niche_35_20,Niche,3.7460183132839413,Equilibrium,FALSE
cascade_35_20,Cascade,2.6521857268426365,Equilibrium,FALSE
maxent_35_20,MaxEnt,2.6013767466018254,Equilibrium,FALSE
atn_36_20,ATN,0.9555013412003535,Equilibrium,FALSE
niche_36_20,Niche,1.2026159773689942,Equilibrium,FALSE
cascade_36_20,Cascade,2.014551133473234,Equilibrium,FALSE
maxent_36_20,MaxEnt,1.4271901326282908,Equilibrium,FALSE
ltm_37_20,LTM,2.051763046059421,Equilibrium,FALSE
atn_37_20,ATN,1.3843098543442955,Equilibrium,FALSE
niche_37_20,Niche,3.812933298413245,Equilibrium,FALSE
cascade_37_20,Cascade,3.430845230821699,Equilibrium,FALSE
maxent_37_20,MaxEnt,3.435803514854784,Equilibrium,FALSE
ltm_38_20,LTM,4.047604901834093,Equilibrium,FALSE
niche_38_20,Niche,3.267756289227337,Equilibrium,FALSE
cascade_38_20,Cascade,1.3092398999240316,Equilibrium,FALSE
maxent_38_20,MaxEnt,2.8174984824124163,Equilibrium,FALSE
ltm_39_20,LTM,2.0801713684634517,Equilibrium,FALSE
atn_39_20,ATN,1.799958493246229,Equilibrium,FALSE
adbm_39_20,ADBM,0.6187169438591563,Equilibrium,FALSE
niche_39_20,Niche,3.729218784012132,Equilibrium,FALSE
cascade_39_20,Cascade,5.305190391977509,Equilibrium,FALSE
random_39_20,Random,1.4950508128540432,Equilibrium,FALSE
maxent_39_20,MaxEnt,3.0628564140873746,Equilibrium,FALSE
atn_40_20,ATN,1.5438696321206258,Equilibrium,FALSE
adbm_40_20,ADBM,1.3172040223367878,Equilibrium,FALSE
niche_40_20,Niche,2.4558083414346754,Equilibrium,FALSE
cascade_40_20,Cascade,2.4898904978298613,Equilibrium,FALSE
ltm_41_20,LTM,0.9073971222984835,Equilibrium,FALSE
atn_41_20,ATN,1.8916974474178319,Equilibrium,FALSE
adbm_41_20,ADBM,1.7175828592108864,Equilibrium,FALSE
niche_41_20,Niche,1.5187020900346155,Equilibrium,FALSE
cascade_41_20,Cascade,3.982544961871632,Equilibrium,FALSE
maxent_41_20,MaxEnt,2.4223781018103367,Equilibrium,FALSE
atn_42_20,ATN,1.6970973631958441,Equilibrium,FALSE
adbm_42_20,ADBM,1.3089507739344217,Equilibrium,FALSE
niche_42_20,Niche,3.922083018005783,Equilibrium,FALSE
cascade_42_20,Cascade,2.939826701282934,Equilibrium,FALSE
maxent_42_20,MaxEnt,3.3410828325776376,Equilibrium,FALSE
atn_43_20,ATN,1.1435046808319584,Equilibrium,FALSE
adbm_43_20,ADBM,0.9259868729585548,Equilibrium,FALSE
niche_43_20,Niche,2.7031888492136424,Equilibrium,FALSE
cascade_43_20,Cascade,4.372455130015056,Equilibrium,FALSE
maxent_43_20,MaxEnt,3.0611343552878023,Equilibrium,FALSE
atn_44_20,ATN,2.6325991372365882,Equilibrium,FALSE
adbm_44_20,ADBM,1.6439300748257841,Equilibrium,FALSE
niche_44_20,Niche,3.4877567060122994,Equilibrium,FALSE
cascade_44_20,Cascade,2.140669469173576,Equilibrium,FALSE
maxent_44_20,MaxEnt,2.2906297503963704,Equilibrium,FALSE
ltm_45_20,LTM,1.3212465079818307,Equilibrium,FALSE
atn_45_20,ATN,0.7588524765230436,Equilibrium,FALSE
adbm_45_20,ADBM,0.7980309158809772,Equilibrium,FALSE
niche_45_20,Niche,2.231304382542574,Equilibrium,FALSE
cascade_45_20,Cascade,1.9827365130416377,Equilibrium,FALSE
maxent_45_20,MaxEnt,2.250945721137206,Equilibrium,FALSE
ltm_46_20,LTM,2.3912161883570655,Equilibrium,FALSE
atn_46_20,ATN,1.4048156274723114,Equilibrium,FALSE
adbm_46_20,ADBM,0.9048174256448258,Equilibrium,FALSE
niche_46_20,Niche,1.5053697871513558,Equilibrium,FALSE
cascade_46_20,Cascade,1.3130963400730862,Equilibrium,FALSE
maxent_46_20,MaxEnt,2.940735034180111,Equilibrium,FALSE
ltm_47_20,LTM,1.2949627546197133,Equilibrium,FALSE
atn_47_20,ATN,1.9919881977950222,Equilibrium,FALSE
adbm_47_20,ADBM,1.4004883295582176,Equilibrium,FALSE
niche_47_20,Niche,1.9177346374656847,Equilibrium,FALSE
cascade_47_20,Cascade,1.7581656514019255,Equilibrium,FALSE
maxent_47_20,MaxEnt,1.6740404081635842,Equilibrium,FALSE
ltm_48_20,LTM,3.733534704165576,Equilibrium,FALSE
atn_48_20,ATN,1.7025649545774308,Equilibrium,FALSE
adbm_48_20,ADBM,2.268231647126793,Equilibrium,FALSE
niche_48_20,Niche,2.239637691492809,Equilibrium,FALSE
cascade_48_20,Cascade,3.497362856156267,Equilibrium,FALSE
maxent_48_20,MaxEnt,3.05539634516273,Equilibrium,FALSE
atn_49_20,ATN,2.224238275385143,Equilibrium,FALSE
adbm_49_20,ADBM,1.432786048105715,Equilibrium,FALSE
niche_49_20,Niche,3.102698060972886,Equilibrium,FALSE
cascade_49_20,Cascade,1.5991013328267933,Equilibrium,FALSE
maxent_49_20,MaxEnt,3.4327464686647806,Equilibrium,FALSE
ltm_50_20,LTM,1.9391743010252445,Equilibrium,FALSE
atn_50_20,ATN,2.3071937394800655,Equilibrium,FALSE
adbm_50_20,ADBM,0.6537507927183662,Equilibrium,FALSE
niche_50_20,Niche,1.6315645962961585,Equilibrium,FALSE
cascade_50_20,Cascade,1.7096167834074738,Equilibrium,FALSE
maxent_50_20,MaxEnt,1.3398293502413732,Equilibrium,FALSE
ltm_51_20,LTM,3.2000495414697356,Equilibrium,FALSE
atn_51_20,ATN,1.2679268154294185,Equilibrium,FALSE
niche_51_20,Niche,4.77016528661531,Equilibrium,FALSE
cascade_51_20,Cascade,3.0821760405719965,Equilibrium,FALSE
maxent_51_20,MaxEnt,3.5411920902018603,Equilibrium,FALSE
ltm_52_20,LTM,6.524705156263132,Equilibrium,FALSE
atn_52_20,ATN,1.56787161197611,Equilibrium,FALSE
adbm_52_20,ADBM,0.8565930908632595,Equilibrium,FALSE
niche_52_20,Niche,1.997399361278025,Equilibrium,FALSE
cascade_52_20,Cascade,1.6429454787495974,Equilibrium,FALSE
maxent_52_20,MaxEnt,1.297510193484436,Equilibrium,FALSE
ltm_53_20,LTM,1.806625789240718,Equilibrium,FALSE
atn_53_20,ATN,1.2733747144849077,Equilibrium,FALSE
adbm_53_20,ADBM,1.2165578101357928,Equilibrium,FALSE
niche_53_20,Niche,1.7605751133949277,Equilibrium,FALSE
cascade_53_20,Cascade,1.3297185149545796,Equilibrium,FALSE
maxent_53_20,MaxEnt,0.6462585931909285,Equilibrium,FALSE
ltm_54_20,LTM,2.292662557526912,Equilibrium,FALSE
atn_54_20,ATN,1.2769323433873812,Equilibrium,FALSE
adbm_54_20,ADBM,1.601859798191582,Equilibrium,FALSE
niche_54_20,Niche,1.729925835897943,Equilibrium,FALSE
cascade_54_20,Cascade,1.2370778557950457,Equilibrium,FALSE
maxent_54_20,MaxEnt,3.1210081070325453,Equilibrium,FALSE
ltm_55_20,LTM,4.602120553727077,Equilibrium,FALSE
atn_55_20,ATN,1.0220295743583194,Equilibrium,FALSE
adbm_55_20,ADBM,1.7780916330220862,Equilibrium,FALSE
niche_55_20,Niche,2.7359203185721874,Equilibrium,FALSE
cascade_55_20,Cascade,1.9116776539158193,Equilibrium,FALSE
maxent_55_20,MaxEnt,1.8540806771089593,Equilibrium,FALSE
atn_56_20,ATN,1.3510208633846008,Equilibrium,FALSE
adbm_56_20,ADBM,0.7835129855769289,Equilibrium,FALSE
niche_56_20,Niche,3.804058458958088,Equilibrium,FALSE
cascade_56_20,Cascade,2.424569902354452,Equilibrium,FALSE
maxent_56_20,MaxEnt,2.6024977418547963,Equilibrium,FALSE
adbm_57_20,ADBM,1.008408033248299,Equilibrium,FALSE
niche_57_20,Niche,2.72682997381109,Equilibrium,FALSE
cascade_57_20,Cascade,1.9054539308010314,Equilibrium,FALSE
ltm_58_20,LTM,2.383754981483534,Equilibrium,FALSE
atn_58_20,ATN,2.3137347828226016,Equilibrium,FALSE
adbm_58_20,ADBM,1.3885914354667512,Equilibrium,FALSE
niche_58_20,Niche,3.261733257097333,Equilibrium,FALSE
cascade_58_20,Cascade,3.191183909673369,Equilibrium,FALSE
random_58_20,Random,2.5911112796343123,Equilibrium,FALSE
maxent_58_20,MaxEnt,1.7793225383467548,Equilibrium,FALSE
atn_59_20,ATN,1.8361818379524673,Equilibrium,FALSE
adbm_59_20,ADBM,1.3591296579888352,Equilibrium,FALSE
niche_59_20,Niche,2.365887290957258,Equilibrium,FALSE
cascade_59_20,Cascade,1.8666412396982863,Equilibrium,FALSE
maxent_59_20,MaxEnt,2.648100266102106,Equilibrium,FALSE
ltm_60_20,LTM,3.6297992380824144,Equilibrium,FALSE
atn_60_20,ATN,2.1536599046973333,Equilibrium,FALSE
adbm_60_20,ADBM,1.8953107838067738,Equilibrium,FALSE
niche_60_20,Niche,4.256691292449551,Equilibrium,FALSE
cascade_60_20,Cascade,3.5916457752924957,Equilibrium,FALSE
maxent_60_20,MaxEnt,1.0305026468611231,Equilibrium,FALSE
atn_61_20,ATN,1.1616159908905688,Equilibrium,FALSE
adbm_61_20,ADBM,0.5151843368230111,Equilibrium,FALSE
niche_61_20,Niche,4.085672373801741,Equilibrium,FALSE
cascade_61_20,Cascade,4.587102899347003,Equilibrium,FALSE
random_61_20,Random,1.1320658468861704,Equilibrium,FALSE
maxent_61_20,MaxEnt,1.7643320672305667,Equilibrium,FALSE
atn_62_20,ATN,1.1510264828994181,Equilibrium,FALSE
adbm_62_20,ADBM,1.5313259946186768,Equilibrium,FALSE
niche_62_20,Niche,4.292163623011166,Equilibrium,FALSE
cascade_62_20,Cascade,2.5754715892855007,Equilibrium,FALSE
maxent_62_20,MaxEnt,1.1912731270245311,Equilibrium,FALSE
ltm_63_20,LTM,1.8419944805848858,Equilibrium,FALSE
atn_63_20,ATN,1.8732491635944124,Equilibrium,FALSE
adbm_63_20,ADBM,1.7731631093277613,Equilibrium,FALSE
niche_63_20,Niche,2.625501940916052,Equilibrium,FALSE
cascade_63_20,Cascade,1.422069983865683,Equilibrium,FALSE
maxent_63_20,MaxEnt,1.134919941011507,Equilibrium,FALSE
ltm_64_20,LTM,1.871985953102366,Equilibrium,FALSE
atn_64_20,ATN,1.4471072792918007,Equilibrium,FALSE
adbm_64_20,ADBM,2.097949807196898,Equilibrium,FALSE
niche_64_20,Niche,3.93599703024524,Equilibrium,FALSE
cascade_64_20,Cascade,3.864167115843115,Equilibrium,FALSE
random_64_20,Random,2.632626288315305,Equilibrium,FALSE
maxent_64_20,MaxEnt,2.4331520999796052,Equilibrium,FALSE
ltm_65_20,LTM,1.5653737832778625,Equilibrium,FALSE
atn_65_20,ATN,1.7990634819499074,Equilibrium,FALSE
adbm_65_20,ADBM,1.7948284288153704,Equilibrium,FALSE
niche_65_20,Niche,3.0175442130220804,Equilibrium,FALSE
cascade_65_20,Cascade,2.1660687304957,Equilibrium,FALSE
maxent_65_20,MaxEnt,2.537685220315248,Equilibrium,FALSE
ltm_66_20,LTM,1.3750086430106772,Equilibrium,FALSE
atn_66_20,ATN,1.237300219684644,Equilibrium,FALSE
adbm_66_20,ADBM,0.878754430097606,Equilibrium,FALSE
niche_66_20,Niche,2.568067684549912,Equilibrium,FALSE
cascade_66_20,Cascade,2.072179933867854,Equilibrium,FALSE
random_66_20,Random,2.176812648961914,Equilibrium,FALSE
maxent_66_20,MaxEnt,1.5486543619005897,Equilibrium,FALSE
ltm_67_20,LTM,2.2478066945077657,Equilibrium,FALSE
atn_67_20,ATN,2.5910412477903186,Equilibrium,FALSE
adbm_67_20,ADBM,1.006555353511297,Equilibrium,FALSE
niche_67_20,Niche,3.6221296858976317,Equilibrium,FALSE
cascade_67_20,Cascade,2.0260561170399276,Equilibrium,FALSE
maxent_67_20,MaxEnt,1.8147922129441274,Equilibrium,FALSE
ltm_68_20,LTM,1.6467137729253596,Equilibrium,FALSE
atn_68_20,ATN,2.413715681892481,Equilibrium,FALSE
adbm_68_20,ADBM,1.527026319304321,Equilibrium,FALSE
niche_68_20,Niche,3.323445830693011,Equilibrium,FALSE
cascade_68_20,Cascade,2.64175829942871,Equilibrium,FALSE
maxent_68_20,MaxEnt,1.9925283179735158,Equilibrium,FALSE
ltm_69_20,LTM,1.6315752591617052,Equilibrium,FALSE
atn_69_20,ATN,1.900435919704518,Equilibrium,FALSE
niche_69_20,Niche,3.496011452937071,Equilibrium,FALSE
cascade_69_20,Cascade,2.6096336458936276,Equilibrium,FALSE
maxent_69_20,MaxEnt,3.540968756344241,Equilibrium,FALSE
ltm_70_20,LTM,1.748024572860023,Equilibrium,FALSE
atn_70_20,ATN,1.4194282529983038,Equilibrium,FALSE
adbm_70_20,ADBM,0.7220612181171533,Equilibrium,FALSE
niche_70_20,Niche,2.709355738618913,Equilibrium,FALSE
cascade_70_20,Cascade,1.7816005943104356,Equilibrium,FALSE
maxent_70_20,MaxEnt,2.074265956201627,Equilibrium,FALSE
ltm_71_20,LTM,1.6831174839634817,Equilibrium,FALSE
atn_71_20,ATN,1.7388072570326554,Equilibrium,FALSE
adbm_71_20,ADBM,1.8533864788301668,Equilibrium,FALSE
niche_71_20,Niche,2.550273286696417,Equilibrium,FALSE
cascade_71_20,Cascade,1.4047598994198318,Equilibrium,FALSE
maxent_71_20,MaxEnt,1.551185936279365,Equilibrium,FALSE
ltm_72_20,LTM,1.434163445133145,Equilibrium,FALSE
atn_72_20,ATN,1.4410544925845234,Equilibrium,FALSE
adbm_72_20,ADBM,2.961070631205808,Equilibrium,FALSE
niche_72_20,Niche,1.4606368408627441,Equilibrium,FALSE
cascade_72_20,Cascade,2.1370211855527224,Equilibrium,FALSE
maxent_72_20,MaxEnt,1.3987344659582988,Equilibrium,FALSE
ltm_73_20,LTM,1.7431884242004176,Equilibrium,FALSE
atn_73_20,ATN,1.721062742355575,Equilibrium,FALSE
adbm_73_20,ADBM,1.452958902322785,Equilibrium,FALSE
niche_73_20,Niche,1.3647581022741078,Equilibrium,FALSE
cascade_73_20,Cascade,3.0250699654274804,Equilibrium,FALSE
random_73_20,Random,2.8430205763172394,Equilibrium,FALSE
ltm_74_20,LTM,4.746003551063083,Equilibrium,FALSE
atn_74_20,ATN,2.052151128968759,Equilibrium,FALSE
adbm_74_20,ADBM,2.7478981102276263,Equilibrium,FALSE
niche_74_20,Niche,3.550032374792754,Equilibrium,FALSE
cascade_74_20,Cascade,3.0682310501197203,Equilibrium,FALSE
maxent_74_20,MaxEnt,2.3614711116340734,Equilibrium,FALSE
ltm_75_20,LTM,3.2580776893170706,Equilibrium,FALSE
atn_75_20,ATN,1.0130967072918018,Equilibrium,FALSE
adbm_75_20,ADBM,0.9533986487140836,Equilibrium,FALSE
niche_75_20,Niche,1.7684002238077507,Equilibrium,FALSE
cascade_75_20,Cascade,3.1144626359945153,Equilibrium,FALSE
random_75_20,Random,2.8476866752610714,Equilibrium,FALSE
ltm_76_20,LTM,4.404464458800147,Equilibrium,FALSE
atn_76_20,ATN,2.5730258112430726,Equilibrium,FALSE
adbm_76_20,ADBM,2.04905635421043,Equilibrium,FALSE
niche_76_20,Niche,2.149183743733767,Equilibrium,FALSE
cascade_76_20,Cascade,1.6193079537650525,Equilibrium,FALSE
ltm_77_20,LTM,6.990658131320238,Equilibrium,FALSE
atn_77_20,ATN,1.1903183885547526,Equilibrium,FALSE
adbm_77_20,ADBM,1.577588158284936,Equilibrium,FALSE
niche_77_20,Niche,2.6598622237981404,Equilibrium,FALSE
cascade_77_20,Cascade,1.6315278712328085,Equilibrium,FALSE
random_77_20,Random,3.7614669725584204,Equilibrium,FALSE
maxent_77_20,MaxEnt,2.0704827351267405,Equilibrium,FALSE
ltm_78_20,LTM,1.7406982401108437,Equilibrium,FALSE
atn_78_20,ATN,2.603169121777301,Equilibrium,FALSE
adbm_78_20,ADBM,1.6574120332128077,Equilibrium,FALSE
niche_78_20,Niche,2.450528947241572,Equilibrium,FALSE
cascade_78_20,Cascade,2.0710324785949865,Equilibrium,FALSE
maxent_78_20,MaxEnt,2.6404810146580533,Equilibrium,FALSE
ltm_79_20,LTM,2.2065189389458255,Equilibrium,FALSE
atn_79_20,ATN,2.930721406268025,Equilibrium,FALSE
niche_79_20,Niche,3.519489435750889,Equilibrium,FALSE
cascade_79_20,Cascade,2.400437984566197,Equilibrium,FALSE
maxent_79_20,MaxEnt,3.2528804772685014,Equilibrium,FALSE
ltm_80_20,LTM,2.0154319604574087,Equilibrium,FALSE
atn_80_20,ATN,2.3910845668619003,Equilibrium,FALSE
niche_80_20,Niche,3.8498170979084763,Equilibrium,FALSE
cascade_80_20,Cascade,2.3794563888795075,Equilibrium,FALSE
maxent_80_20,MaxEnt,3.1346828254209655,Equilibrium,FALSE
ltm_81_20,LTM,1.3523940127688483,Equilibrium,FALSE
atn_81_20,ATN,1.0338281172913972,Equilibrium,FALSE
adbm_81_20,ADBM,2.0468672758765805,Equilibrium,FALSE
niche_81_20,Niche,2.177237808712843,Equilibrium,FALSE
cascade_81_20,Cascade,2.38870566900216,Equilibrium,FALSE
maxent_81_20,MaxEnt,1.4678512538281305,Equilibrium,FALSE
adbm_82_20,ADBM,1.99078638291063,Equilibrium,FALSE
niche_82_20,Niche,2.4491578853365543,Equilibrium,FALSE
cascade_82_20,Cascade,1.3841347481339628,Equilibrium,FALSE
maxent_82_20,MaxEnt,2.061346633783628,Equilibrium,FALSE
atn_83_20,ATN,1.0802637487605533,Equilibrium,FALSE
adbm_83_20,ADBM,1.8787818773858922,Equilibrium,FALSE
niche_83_20,Niche,3.0473438272806783,Equilibrium,FALSE
cascade_83_20,Cascade,3.8921520930635936,Equilibrium,FALSE
maxent_83_20,MaxEnt,1.7350954528597469,Equilibrium,FALSE
atn_84_20,ATN,2.453443011642395,Equilibrium,FALSE
adbm_84_20,ADBM,3.06743237824551,Equilibrium,FALSE
niche_84_20,Niche,2.4114798037459386,Equilibrium,FALSE
cascade_84_20,Cascade,2.9615883141318884,Equilibrium,FALSE
random_84_20,Random,1.0586649229129814,Equilibrium,FALSE
maxent_84_20,MaxEnt,2.518262834228767,Equilibrium,FALSE
ltm_85_20,LTM,2.064738593242672,Equilibrium,FALSE
atn_85_20,ATN,1.4535142981749274,Equilibrium,FALSE
adbm_85_20,ADBM,0.6874608841311982,Equilibrium,FALSE
niche_85_20,Niche,3.3791869491814164,Equilibrium,FALSE
cascade_85_20,Cascade,4.185929881312448,Equilibrium,FALSE
random_85_20,Random,1.1306090645949822,Equilibrium,FALSE
maxent_85_20,MaxEnt,3.6287067941802933,Equilibrium,FALSE
ltm_86_20,LTM,2.8553062460746172,Equilibrium,FALSE
atn_86_20,ATN,1.2360710503000543,Equilibrium,FALSE
adbm_86_20,ADBM,1.085241164480755,Equilibrium,FALSE
niche_86_20,Niche,3.8415517861341764,Equilibrium,FALSE
cascade_86_20,Cascade,2.1379482916494363,Equilibrium,FALSE
maxent_86_20,MaxEnt,3.2834390564748004,Equilibrium,FALSE
ltm_87_20,LTM,2.83384561325475,Equilibrium,FALSE
atn_87_20,ATN,0.9222766805076457,Equilibrium,FALSE
adbm_87_20,ADBM,1.213579154698254,Equilibrium,FALSE
niche_87_20,Niche,2.793717796700472,Equilibrium,FALSE
cascade_87_20,Cascade,2.0321146725983965,Equilibrium,FALSE
random_87_20,Random,5.138882487750178,Equilibrium,FALSE
maxent_87_20,MaxEnt,2.8275977365707243,Equilibrium,FALSE
atn_88_20,ATN,0.6911922983282721,Equilibrium,FALSE
adbm_88_20,ADBM,3.155241114520467,Equilibrium,FALSE
niche_88_20,Niche,1.5807950226417704,Equilibrium,FALSE
cascade_88_20,Cascade,1.6262149227133924,Equilibrium,FALSE
maxent_88_20,MaxEnt,1.6980835972644377,Equilibrium,FALSE
atn_89_20,ATN,2.6524979482096724,Equilibrium,FALSE
adbm_89_20,ADBM,1.7439153207957268,Equilibrium,FALSE
niche_89_20,Niche,2.629913766638857,Equilibrium,FALSE
cascade_89_20,Cascade,0.7962585937594652,Equilibrium,FALSE
maxent_89_20,MaxEnt,2.6476200254332807,Equilibrium,FALSE
atn_90_20,ATN,1.5908124721669281,Equilibrium,FALSE
adbm_90_20,ADBM,2.6363352916774,Equilibrium,FALSE
niche_90_20,Niche,2.340703752476916,Equilibrium,FALSE
cascade_90_20,Cascade,1.2822887285827813,Equilibrium,FALSE
random_90_20,Random,4.283158426971641,Equilibrium,FALSE
maxent_90_20,MaxEnt,1.242397911469788,Equilibrium,FALSE
ltm_91_20,LTM,2.7397451468851926,Equilibrium,FALSE
atn_91_20,ATN,2.424819544845523,Equilibrium,FALSE
adbm_91_20,ADBM,1.8699408795656938,Equilibrium,FALSE
niche_91_20,Niche,1.344757456573871,Equilibrium,FALSE
cascade_91_20,Cascade,2.676058642643653,Equilibrium,FALSE
maxent_91_20,MaxEnt,2.2614743104076784,Equilibrium,FALSE
atn_92_20,ATN,1.6328422446525022,Equilibrium,FALSE
adbm_92_20,ADBM,0.9074277976564811,Equilibrium,FALSE
niche_92_20,Niche,5.248677429237744,Equilibrium,FALSE
cascade_92_20,Cascade,3.760135557242594,Equilibrium,FALSE
random_92_20,Random,1.2822089356291395,Equilibrium,FALSE
maxent_92_20,MaxEnt,2.432373273950635,Equilibrium,FALSE
atn_93_20,ATN,1.7079614497849067,Equilibrium,FALSE
adbm_93_20,ADBM,0.917206532492368,Equilibrium,FALSE
niche_93_20,Niche,2.5338460029924987,Equilibrium,FALSE
cascade_93_20,Cascade,4.046864234166444,Equilibrium,FALSE
random_93_20,Random,2.0040919167263724,Equilibrium,FALSE
maxent_93_20,MaxEnt,3.0705426401304075,Equilibrium,FALSE
ltm_94_20,LTM,2.380426467056523,Equilibrium,FALSE
atn_94_20,ATN,1.6983769743130535,Equilibrium,FALSE
adbm_94_20,ADBM,1.5444974383135581,Equilibrium,FALSE
niche_94_20,Niche,3.0006699574167293,Equilibrium,FALSE
cascade_94_20,Cascade,1.3188336880035414,Equilibrium,FALSE
maxent_94_20,MaxEnt,2.525582276342473,Equilibrium,FALSE
ltm_95_20,LTM,1.2361807519119072,Equilibrium,FALSE
atn_95_20,ATN,1.183215739233723,Equilibrium,FALSE
adbm_95_20,ADBM,0.8014125946688511,Equilibrium,FALSE
niche_95_20,Niche,2.6069583709540582,Equilibrium,FALSE
cascade_95_20,Cascade,1.7606761170461174,Equilibrium,FALSE
maxent_95_20,MaxEnt,1.59656406758529,Equilibrium,FALSE
atn_96_20,ATN,1.0046194913238538,Equilibrium,FALSE
adbm_96_20,ADBM,2.3951025212655526,Equilibrium,FALSE
niche_96_20,Niche,1.9945239448800214,Equilibrium,FALSE
cascade_96_20,Cascade,1.9498621737544846,Equilibrium,FALSE
maxent_96_20,MaxEnt,1.9359315025983437,Equilibrium,FALSE
ltm_97_20,LTM,4.430803511694558,Equilibrium,FALSE
atn_97_20,ATN,1.2373166433861071,Equilibrium,FALSE
adbm_97_20,ADBM,3.0085681914509936,Equilibrium,FALSE
niche_97_20,Niche,2.401791340912602,Equilibrium,FALSE
cascade_97_20,Cascade,2.655359246088311,Equilibrium,FALSE
random_97_20,Random,3.332120292588601,Equilibrium,FALSE
maxent_97_20,MaxEnt,1.7520691674918256,Equilibrium,FALSE
ltm_98_20,LTM,1.485782686422911,Equilibrium,FALSE
atn_98_20,ATN,0.81617079653319,Equilibrium,FALSE
adbm_98_20,ADBM,2.4579967605899786,Equilibrium,FALSE
niche_98_20,Niche,2.9054235869029075,Equilibrium,FALSE
cascade_98_20,Cascade,3.132613416105224,Equilibrium,FALSE
maxent_98_20,MaxEnt,3.017294312808549,Equilibrium,FALSE
atn_99_20,ATN,1.6976335644696254,Equilibrium,FALSE
adbm_99_20,ADBM,0.4667893517937819,Equilibrium,FALSE
niche_99_20,Niche,2.0298490207359676,Equilibrium,FALSE
cascade_99_20,Cascade,3.556247467946355,Equilibrium,FALSE
maxent_99_20,MaxEnt,3.114276668137035,Equilibrium,FALSE
ltm_100_20,LTM,2.2129599012925656,Equilibrium,FALSE
adbm_100_20,ADBM,1.320802013032335,Equilibrium,FALSE
niche_100_20,Niche,5.3356263988901755,Equilibrium,FALSE
cascade_100_20,Cascade,3.2325110299977755,Equilibrium,FALSE
maxent_100_20,MaxEnt,4.7618417968808835,Equilibrium,FALSE
atn_1_40,ATN,3.2524940106399436,Equilibrium,FALSE
adbm_1_40,ADBM,2.1243338485394183,Equilibrium,FALSE
niche_1_40,Niche,8.370556248466178,Equilibrium,FALSE
cascade_1_40,Cascade,9.16894972503931,Equilibrium,FALSE
ltm_2_40,LTM,2.418462274101476,Equilibrium,FALSE
atn_2_40,ATN,3.5581452728828546,Equilibrium,FALSE
adbm_2_40,ADBM,2.604718804526075,Equilibrium,FALSE
niche_2_40,Niche,4.144241852393722,Equilibrium,FALSE
cascade_2_40,Cascade,5.906837038673094,Equilibrium,FALSE
maxent_2_40,MaxEnt,4.83224025347442,Equilibrium,FALSE
atn_3_40,ATN,4.639371316461927,Equilibrium,FALSE
adbm_3_40,ADBM,5.236542097798242,Equilibrium,FALSE
niche_3_40,Niche,7.324368122562435,Equilibrium,FALSE
cascade_3_40,Cascade,9.221035923540626,Equilibrium,FALSE
maxent_3_40,MaxEnt,7.325290050448416,Equilibrium,FALSE
ltm_4_40,LTM,6.180443895565305,Equilibrium,FALSE
atn_4_40,ATN,3.946237958236915,Equilibrium,FALSE
adbm_4_40,ADBM,1.9002550737162929,Equilibrium,FALSE
niche_4_40,Niche,2.2883974041914468,Equilibrium,FALSE
cascade_4_40,Cascade,2.796003960136049,Equilibrium,FALSE
maxent_4_40,MaxEnt,3.1527850473698744,Equilibrium,FALSE
ltm_5_40,LTM,3.8080223564412594,Equilibrium,FALSE
atn_5_40,ATN,3.438187218785281,Equilibrium,FALSE
adbm_5_40,ADBM,2.8535464353897355,Equilibrium,FALSE
niche_5_40,Niche,4.8406480222572315,Equilibrium,FALSE
cascade_5_40,Cascade,6.020905641535572,Equilibrium,FALSE
atn_6_40,ATN,4.318397199379592,Equilibrium,FALSE
adbm_6_40,ADBM,2.0600460287648983,Equilibrium,FALSE
niche_6_40,Niche,6.155447245297836,Equilibrium,FALSE
cascade_6_40,Cascade,5.395966504913959,Equilibrium,FALSE
maxent_6_40,MaxEnt,4.796089071665143,Equilibrium,FALSE
ltm_7_40,LTM,7.371623750618054,Equilibrium,FALSE
atn_7_40,ATN,4.056698295390534,Equilibrium,FALSE
adbm_7_40,ADBM,4.291002662518865,Equilibrium,FALSE
niche_7_40,Niche,3.6954410182700985,Equilibrium,FALSE
cascade_7_40,Cascade,5.594892667139079,Equilibrium,FALSE
maxent_7_40,MaxEnt,4.805984672493507,Equilibrium,FALSE
atn_8_40,ATN,3.4905858354814523,Equilibrium,FALSE
adbm_8_40,ADBM,4.525274844288727,Equilibrium,FALSE
niche_8_40,Niche,4.606425827557512,Equilibrium,FALSE
cascade_8_40,Cascade,3.34750791248537,Equilibrium,FALSE
random_8_40,Random,6.106381179715196,Equilibrium,FALSE
maxent_8_40,MaxEnt,2.8422550323213214,Equilibrium,FALSE
ltm_9_40,LTM,7.055819985654365,Equilibrium,FALSE
atn_9_40,ATN,2.5669517328881732,Equilibrium,FALSE
adbm_9_40,ADBM,3.185892425071696,Equilibrium,FALSE
niche_9_40,Niche,3.9126402435075542,Equilibrium,FALSE
cascade_9_40,Cascade,3.658880817367076,Equilibrium,FALSE
maxent_9_40,MaxEnt,3.1533707706820002,Equilibrium,FALSE
ltm_10_40,LTM,5.47101570593549,Equilibrium,FALSE
atn_10_40,ATN,4.327296553835597,Equilibrium,FALSE
niche_10_40,Niche,8.161905484069127,Equilibrium,FALSE
cascade_10_40,Cascade,9.359776465910377,Equilibrium,FALSE
atn_11_40,ATN,3.7646132926642837,Equilibrium,FALSE
adbm_11_40,ADBM,1.932693735418216,Equilibrium,FALSE
niche_11_40,Niche,2.400209772213961,Equilibrium,FALSE
cascade_11_40,Cascade,3.1520339795543553,Equilibrium,FALSE
maxent_11_40,MaxEnt,3.066264305342673,Equilibrium,FALSE
atn_12_40,ATN,4.869236813097097,Equilibrium,FALSE
adbm_12_40,ADBM,3.637015889021659,Equilibrium,FALSE
niche_12_40,Niche,3.747951219761577,Equilibrium,FALSE
cascade_12_40,Cascade,4.127217994697764,Equilibrium,FALSE
maxent_12_40,MaxEnt,2.2121101839442345,Equilibrium,FALSE
ltm_13_40,LTM,2.228413369822286,Equilibrium,FALSE
atn_13_40,ATN,3.4272793639811288,Equilibrium,FALSE
adbm_13_40,ADBM,4.026322292842383,Equilibrium,FALSE
niche_13_40,Niche,6.884380168347777,Equilibrium,FALSE
cascade_13_40,Cascade,10.331117760248015,Equilibrium,FALSE
ltm_14_40,LTM,2.5552556566199534,Equilibrium,FALSE
atn_14_40,ATN,2.30518125718662,Equilibrium,FALSE
adbm_14_40,ADBM,2.7019338686925107,Equilibrium,FALSE
niche_14_40,Niche,8.717852283206547,Equilibrium,FALSE
cascade_14_40,Cascade,7.7514341833655225,Equilibrium,FALSE
maxent_14_40,MaxEnt,6.616136785885165,Equilibrium,FALSE
atn_15_40,ATN,3.384286022776433,Equilibrium,FALSE
adbm_15_40,ADBM,3.078045697978151,Equilibrium,FALSE
niche_15_40,Niche,5.461421202859043,Equilibrium,FALSE
cascade_15_40,Cascade,6.125271047403433,Equilibrium,FALSE
atn_16_40,ATN,4.124558015605219,Equilibrium,FALSE
adbm_16_40,ADBM,2.896160870901808,Equilibrium,FALSE
niche_16_40,Niche,3.0576303675597747,Equilibrium,FALSE
cascade_16_40,Cascade,3.1677689257879043,Equilibrium,FALSE
maxent_16_40,MaxEnt,2.6107004239240714,Equilibrium,FALSE
atn_17_40,ATN,2.2112388721988485,Equilibrium,FALSE
adbm_17_40,ADBM,2.0706614141610715,Equilibrium,FALSE
niche_17_40,Niche,8.711474645791895,Equilibrium,FALSE
cascade_17_40,Cascade,9.536183112820597,Equilibrium,FALSE
maxent_17_40,MaxEnt,8.122009919634552,Equilibrium,FALSE
ltm_18_40,LTM,4.492067991242128,Equilibrium,FALSE
atn_18_40,ATN,3.511934599830289,Equilibrium,FALSE
adbm_18_40,ADBM,6.872600119704108,Equilibrium,FALSE
niche_18_40,Niche,5.831083219140082,Equilibrium,FALSE
cascade_18_40,Cascade,3.4629418436283093,Equilibrium,FALSE
random_18_40,Random,4.860119900625964,Equilibrium,FALSE
maxent_18_40,MaxEnt,3.5976806625055753,Equilibrium,FALSE
atn_19_40,ATN,3.6070654058704967,Equilibrium,FALSE
adbm_19_40,ADBM,2.6129319540390976,Equilibrium,FALSE
niche_19_40,Niche,3.96416713032545,Equilibrium,FALSE
cascade_19_40,Cascade,6.806757550224018,Equilibrium,FALSE
maxent_19_40,MaxEnt,6.74972717850989,Equilibrium,FALSE
atn_20_40,ATN,4.062555349730519,Equilibrium,FALSE
adbm_20_40,ADBM,2.1218300329097275,Equilibrium,FALSE
niche_20_40,Niche,8.442485678873188,Equilibrium,FALSE
cascade_20_40,Cascade,8.568162621950895,Equilibrium,FALSE
maxent_20_40,MaxEnt,6.7289073955484495,Equilibrium,FALSE
atn_21_40,ATN,3.6358284707941846,Equilibrium,FALSE
adbm_21_40,ADBM,2.23560206221665,Equilibrium,FALSE
niche_21_40,Niche,4.845431289205499,Equilibrium,FALSE
cascade_21_40,Cascade,5.145617421262662,Equilibrium,FALSE
ltm_22_40,LTM,6.007224226727744,Equilibrium,FALSE
atn_22_40,ATN,3.4448412503028285,Equilibrium,FALSE
adbm_22_40,ADBM,4.46762179304718,Equilibrium,FALSE
niche_22_40,Niche,6.2145161820203185,Equilibrium,FALSE
cascade_22_40,Cascade,7.915274684970971,Equilibrium,FALSE
atn_23_40,ATN,3.7611413873688773,Equilibrium,FALSE
adbm_23_40,ADBM,2.6068229608578934,Equilibrium,FALSE
niche_23_40,Niche,11.288062400893459,Equilibrium,FALSE
cascade_23_40,Cascade,9.718352211846081,Equilibrium,FALSE
atn_24_40,ATN,3.66107153930457,Equilibrium,FALSE
adbm_24_40,ADBM,5.485579079788701,Equilibrium,FALSE
niche_24_40,Niche,2.7633904019824844,Equilibrium,FALSE
cascade_24_40,Cascade,3.5734251671231925,Equilibrium,FALSE
random_24_40,Random,4.184040175866878,Equilibrium,FALSE
atn_25_40,ATN,3.5848247288279835,Equilibrium,FALSE
adbm_25_40,ADBM,3.685990066460494,Equilibrium,FALSE
niche_25_40,Niche,5.313754452585991,Equilibrium,FALSE
cascade_25_40,Cascade,9.26241826928505,Equilibrium,FALSE
atn_26_40,ATN,4.742189879236564,Equilibrium,FALSE
niche_26_40,Niche,2.899769028509403,Equilibrium,FALSE
cascade_26_40,Cascade,3.206614922079407,Equilibrium,FALSE
random_26_40,Random,4.385045361822064,Equilibrium,FALSE
maxent_26_40,MaxEnt,1.7101575763715502,Equilibrium,FALSE
ltm_27_40,LTM,7.9976600361743335,Equilibrium,FALSE
atn_27_40,ATN,4.366670648106871,Equilibrium,FALSE
adbm_27_40,ADBM,5.041941866148377,Equilibrium,FALSE
niche_27_40,Niche,8.796504696585844,Equilibrium,FALSE
cascade_27_40,Cascade,9.049308610811732,Equilibrium,FALSE
maxent_27_40,MaxEnt,7.4271765409493895,Equilibrium,FALSE
atn_28_40,ATN,4.668515860075667,Equilibrium,FALSE
adbm_28_40,ADBM,4.187628915873015,Equilibrium,FALSE
niche_28_40,Niche,5.283989329155342,Equilibrium,FALSE
cascade_28_40,Cascade,5.331340459094651,Equilibrium,FALSE
ltm_29_40,LTM,1.7967785354224874,Equilibrium,FALSE
atn_29_40,ATN,3.9525211613492015,Equilibrium,FALSE
niche_29_40,Niche,1.8535061610681323,Equilibrium,FALSE
cascade_29_40,Cascade,2.8416757762376426,Equilibrium,FALSE
maxent_29_40,MaxEnt,2.447377819862132,Equilibrium,FALSE
ltm_30_40,LTM,5.533224654505022,Equilibrium,FALSE
atn_30_40,ATN,2.6201499321042037,Equilibrium,FALSE
adbm_30_40,ADBM,2.6209645990954953,Equilibrium,FALSE
niche_30_40,Niche,2.8821681177419305,Equilibrium,FALSE
cascade_30_40,Cascade,3.8455857956182227,Equilibrium,FALSE
maxent_30_40,MaxEnt,4.770989741671844,Equilibrium,FALSE
atn_31_40,ATN,3.113412323868619,Equilibrium,FALSE
niche_31_40,Niche,10.955545605692274,Equilibrium,FALSE
cascade_31_40,Cascade,8.93106151132364,Equilibrium,FALSE
ltm_32_40,LTM,1.5613474505526899,Equilibrium,FALSE
atn_32_40,ATN,2.826519599433295,Equilibrium,FALSE
niche_32_40,Niche,7.671411157131378,Equilibrium,FALSE
cascade_32_40,Cascade,7.321440547435807,Equilibrium,FALSE
maxent_32_40,MaxEnt,7.188720075150487,Equilibrium,FALSE
ltm_33_40,LTM,5.309491493995507,Equilibrium,FALSE
atn_33_40,ATN,3.5016382350151276,Equilibrium,FALSE
adbm_33_40,ADBM,4.2967854794953,Equilibrium,FALSE
niche_33_40,Niche,5.236254990116671,Equilibrium,FALSE
cascade_33_40,Cascade,5.95468981851463,Equilibrium,FALSE
ltm_34_40,LTM,1.9697694396487055,Equilibrium,FALSE
atn_34_40,ATN,3.4986061935484862,Equilibrium,FALSE
adbm_34_40,ADBM,1.688004936420038,Equilibrium,FALSE
niche_34_40,Niche,5.2635557973315255,Equilibrium,FALSE
cascade_34_40,Cascade,6.435442800930205,Equilibrium,FALSE
maxent_34_40,MaxEnt,5.845964380974939,Equilibrium,FALSE
ltm_35_40,LTM,1.9429047031138194,Equilibrium,FALSE
atn_35_40,ATN,4.396310210392575,Equilibrium,FALSE
niche_35_40,Niche,3.5379148442861665,Equilibrium,FALSE
cascade_35_40,Cascade,3.8063041879133097,Equilibrium,FALSE
random_35_40,Random,5.317976859185356,Equilibrium,FALSE
maxent_35_40,MaxEnt,2.5874292139412853,Equilibrium,FALSE
atn_36_40,ATN,2.0613123367189377,Equilibrium,FALSE
adbm_36_40,ADBM,2.886140006763551,Equilibrium,FALSE
niche_36_40,Niche,2.9624854149195667,Equilibrium,FALSE
cascade_36_40,Cascade,5.401913132801675,Equilibrium,FALSE
ltm_37_40,LTM,5.860739130645067,Equilibrium,FALSE
atn_37_40,ATN,4.114616467754156,Equilibrium,FALSE
adbm_37_40,ADBM,1.9025502542970882,Equilibrium,FALSE
niche_37_40,Niche,3.055101258096901,Equilibrium,FALSE
cascade_37_40,Cascade,2.738556196606343,Equilibrium,FALSE
maxent_37_40,MaxEnt,3.501951688906208,Equilibrium,FALSE
atn_38_40,ATN,4.1677934243017996,Equilibrium,FALSE
adbm_38_40,ADBM,3.3264552572170505,Equilibrium,FALSE
niche_38_40,Niche,2.998459680632544,Equilibrium,FALSE
cascade_38_40,Cascade,4.10341009985105,Equilibrium,FALSE
random_38_40,Random,5.503557235217108,Equilibrium,FALSE
maxent_38_40,MaxEnt,2.9359375914736083,Equilibrium,FALSE
ltm_39_40,LTM,6.188326453198073,Equilibrium,FALSE
atn_39_40,ATN,1.4901356140623538,Equilibrium,FALSE
adbm_39_40,ADBM,2.2514254226426,Equilibrium,FALSE
niche_39_40,Niche,5.4522232502456704,Equilibrium,FALSE
cascade_39_40,Cascade,4.442798834956845,Equilibrium,FALSE
maxent_39_40,MaxEnt,4.892524151574094,Equilibrium,FALSE
ltm_40_40,LTM,3.313728790903368,Equilibrium,FALSE
atn_40_40,ATN,2.818423616929591,Equilibrium,FALSE
adbm_40_40,ADBM,5.140238022145221,Equilibrium,FALSE
niche_40_40,Niche,3.023661867839527,Equilibrium,FALSE
cascade_40_40,Cascade,2.728698317282096,Equilibrium,FALSE
maxent_40_40,MaxEnt,2.670562998672702,Equilibrium,FALSE
ltm_41_40,LTM,4.713805380017706,Equilibrium,FALSE
atn_41_40,ATN,3.2663304510431797,Equilibrium,FALSE
niche_41_40,Niche,11.204618935188334,Equilibrium,FALSE
cascade_41_40,Cascade,9.481049057610548,Equilibrium,FALSE
ltm_42_40,LTM,5.9753776564156045,Equilibrium,FALSE
atn_42_40,ATN,4.071185734640854,Equilibrium,FALSE
adbm_42_40,ADBM,1.6979654667899369,Equilibrium,FALSE
niche_42_40,Niche,3.8358367200419483,Equilibrium,FALSE
cascade_42_40,Cascade,5.431058047872369,Equilibrium,FALSE
maxent_42_40,MaxEnt,5.251461232150897,Equilibrium,FALSE
ltm_43_40,LTM,3.624558775572097,Equilibrium,FALSE
atn_43_40,ATN,4.833788310210838,Equilibrium,FALSE
adbm_43_40,ADBM,2.648598389899918,Equilibrium,FALSE
niche_43_40,Niche,2.9128044453811475,Equilibrium,FALSE
cascade_43_40,Cascade,4.216109708400346,Equilibrium,FALSE
maxent_43_40,MaxEnt,3.731582137431811,Equilibrium,FALSE
ltm_44_40,LTM,2.8261483697856007,Equilibrium,FALSE
atn_44_40,ATN,3.646429623350787,Equilibrium,FALSE
adbm_44_40,ADBM,2.917803606697595,Equilibrium,FALSE
niche_44_40,Niche,2.43572569100647,Equilibrium,FALSE
cascade_44_40,Cascade,4.636743893475789,Equilibrium,FALSE
maxent_44_40,MaxEnt,5.53296886476676,Equilibrium,FALSE
ltm_45_40,LTM,3.9908457158586987,Equilibrium,FALSE
atn_45_40,ATN,3.1603556730347764,Equilibrium,FALSE
adbm_45_40,ADBM,1.8409354066358468,Equilibrium,FALSE
niche_45_40,Niche,5.284424923770549,Equilibrium,FALSE
cascade_45_40,Cascade,8.012646263262463,Equilibrium,FALSE
maxent_45_40,MaxEnt,5.969051865874639,Equilibrium,FALSE
ltm_46_40,LTM,2.2551691214909737,Equilibrium,FALSE
atn_46_40,ATN,3.4848996565979955,Equilibrium,FALSE
adbm_46_40,ADBM,2.9577236479650098,Equilibrium,FALSE
niche_46_40,Niche,8.61343199540953,Equilibrium,FALSE
cascade_46_40,Cascade,6.718823525132944,Equilibrium,FALSE
atn_47_40,ATN,3.9402658838518567,Equilibrium,FALSE
adbm_47_40,ADBM,2.8934091639146864,Equilibrium,FALSE
niche_47_40,Niche,5.0641722088969,Equilibrium,FALSE
cascade_47_40,Cascade,5.155530521932652,Equilibrium,FALSE
maxent_47_40,MaxEnt,4.903737963826733,Equilibrium,FALSE
ltm_48_40,LTM,4.665898718694181,Equilibrium,FALSE
atn_48_40,ATN,4.744308257628411,Equilibrium,FALSE
adbm_48_40,ADBM,3.545977320812181,Equilibrium,FALSE
niche_48_40,Niche,4.157962022370113,Equilibrium,FALSE
cascade_48_40,Cascade,3.993057736806321,Equilibrium,FALSE
random_48_40,Random,4.411684225945594,Equilibrium,FALSE
maxent_48_40,MaxEnt,3.3662842465251095,Equilibrium,FALSE
atn_49_40,ATN,4.1616831473509714,Equilibrium,FALSE
adbm_49_40,ADBM,3.681608688113617,Equilibrium,FALSE
niche_49_40,Niche,3.211820370562054,Equilibrium,FALSE
cascade_49_40,Cascade,4.107003931702235,Equilibrium,FALSE
ltm_50_40,LTM,5.509964795880819,Equilibrium,FALSE
atn_50_40,ATN,2.8024311839744236,Equilibrium,FALSE
adbm_50_40,ADBM,2.723119529719796,Equilibrium,FALSE
niche_50_40,Niche,7.468929347354605,Equilibrium,FALSE
cascade_50_40,Cascade,5.643903681452507,Equilibrium,FALSE
maxent_50_40,MaxEnt,6.758342975887077,Equilibrium,FALSE
atn_51_40,ATN,3.7779624329090846,Equilibrium,FALSE
niche_51_40,Niche,4.612730611688182,Equilibrium,FALSE
cascade_51_40,Cascade,4.889373316938964,Equilibrium,FALSE
maxent_51_40,MaxEnt,4.237834910166079,Equilibrium,FALSE
atn_52_40,ATN,3.900557875659226,Equilibrium,FALSE
adbm_52_40,ADBM,2.2317316286857163,Equilibrium,FALSE
niche_52_40,Niche,3.4632726920151344,Equilibrium,FALSE
cascade_52_40,Cascade,2.741665947203617,Equilibrium,FALSE
maxent_52_40,MaxEnt,2.0523255410884045,Equilibrium,FALSE
ltm_53_40,LTM,3.2099589212359563,Equilibrium,FALSE
atn_53_40,ATN,3.0030312311509038,Equilibrium,FALSE
adbm_53_40,ADBM,4.186765208694786,Equilibrium,FALSE
niche_53_40,Niche,9.972833112802475,Equilibrium,FALSE
cascade_53_40,Cascade,10.128333192809349,Equilibrium,FALSE
maxent_53_40,MaxEnt,8.256530179165848,Equilibrium,FALSE
ltm_54_40,LTM,5.232738023931461,Equilibrium,FALSE
atn_54_40,ATN,4.6051527462669055,Equilibrium,FALSE
adbm_54_40,ADBM,2.2403015752683553,Equilibrium,FALSE
niche_54_40,Niche,3.7693412235388473,Equilibrium,FALSE
cascade_54_40,Cascade,4.086236185278661,Equilibrium,FALSE
random_54_40,Random,3.713255386688944,Equilibrium,FALSE
maxent_54_40,MaxEnt,1.6467818354134274,Equilibrium,FALSE
ltm_55_40,LTM,3.184897128826205,Equilibrium,FALSE
atn_55_40,ATN,3.451800122047124,Equilibrium,FALSE
adbm_55_40,ADBM,3.8462073920022455,Equilibrium,FALSE
niche_55_40,Niche,6.151351331204557,Equilibrium,FALSE
cascade_55_40,Cascade,7.0824321579231215,Equilibrium,FALSE
maxent_55_40,MaxEnt,5.569485249462249,Equilibrium,FALSE
ltm_56_40,LTM,3.1554229332442576,Equilibrium,FALSE
atn_56_40,ATN,3.457347259825042,Equilibrium,FALSE
adbm_56_40,ADBM,3.090676493697341,Equilibrium,FALSE
niche_56_40,Niche,9.713835971072616,Equilibrium,FALSE
cascade_56_40,Cascade,8.818580201730976,Equilibrium,FALSE
maxent_56_40,MaxEnt,4.996119601431584,Equilibrium,FALSE
atn_57_40,ATN,3.302160949308228,Equilibrium,FALSE
adbm_57_40,ADBM,2.255476129765961,Equilibrium,FALSE
niche_57_40,Niche,8.115749527320096,Equilibrium,FALSE
cascade_57_40,Cascade,8.843110136525988,Equilibrium,FALSE
maxent_57_40,MaxEnt,6.269051732275525,Equilibrium,FALSE
ltm_58_40,LTM,2.26320283267676,Equilibrium,FALSE
atn_58_40,ATN,3.5368308814883354,Equilibrium,FALSE
adbm_58_40,ADBM,1.9857038402152103,Equilibrium,FALSE
niche_58_40,Niche,2.991266405136635,Equilibrium,FALSE
cascade_58_40,Cascade,3.1026194850888444,Equilibrium,FALSE
ltm_59_40,LTM,49.538746491223165,Equilibrium,FALSE
atn_59_40,ATN,3.536412434663248,Equilibrium,FALSE
adbm_59_40,ADBM,4.619035765667753,Equilibrium,FALSE
niche_59_40,Niche,7.711475580339143,Equilibrium,FALSE
cascade_59_40,Cascade,8.747315184018323,Equilibrium,FALSE
maxent_59_40,MaxEnt,6.1802193903338845,Equilibrium,FALSE
atn_60_40,ATN,3.0268760809662525,Equilibrium,FALSE
niche_60_40,Niche,5.263187276824349,Equilibrium,FALSE
cascade_60_40,Cascade,7.604552106176843,Equilibrium,FALSE
maxent_60_40,MaxEnt,5.830816645767832,Equilibrium,FALSE
ltm_61_40,LTM,4.039072643944657,Equilibrium,FALSE
atn_61_40,ATN,3.118810375353365,Equilibrium,FALSE
adbm_61_40,ADBM,3.633307065313448,Equilibrium,FALSE
niche_61_40,Niche,10.416661237463638,Equilibrium,FALSE
cascade_61_40,Cascade,9.621362972161924,Equilibrium,FALSE
maxent_61_40,MaxEnt,7.2050659051046795,Equilibrium,FALSE
niche_62_40,Niche,3.467054350634591,Equilibrium,FALSE
cascade_62_40,Cascade,3.6808015307510886,Equilibrium,FALSE
maxent_62_40,MaxEnt,2.6679972789675133,Equilibrium,FALSE
atn_63_40,ATN,4.61722604976565,Equilibrium,FALSE
adbm_63_40,ADBM,3.366351839691242,Equilibrium,FALSE
niche_63_40,Niche,5.661591202406736,Equilibrium,FALSE
cascade_63_40,Cascade,4.45427728706214,Equilibrium,FALSE
maxent_63_40,MaxEnt,3.6189769814477155,Equilibrium,FALSE
ltm_64_40,LTM,6.213239545587019,Equilibrium,FALSE
atn_64_40,ATN,3.415467108583519,Equilibrium,FALSE
adbm_64_40,ADBM,2.263349146566008,Equilibrium,FALSE
niche_64_40,Niche,10.047221627002884,Equilibrium,FALSE
cascade_64_40,Cascade,9.932160406573326,Equilibrium,FALSE
ltm_65_40,LTM,7.524643481128067,Equilibrium,FALSE
atn_65_40,ATN,4.321467597057821,Equilibrium,FALSE
adbm_65_40,ADBM,4.888620678982803,Equilibrium,FALSE
niche_65_40,Niche,5.501954192275146,Equilibrium,FALSE
cascade_65_40,Cascade,5.493169052913052,Equilibrium,FALSE
maxent_65_40,MaxEnt,6.407881894511557,Equilibrium,FALSE
ltm_66_40,LTM,2.6721074644961105,Equilibrium,FALSE
atn_66_40,ATN,4.6884500412501025,Equilibrium,FALSE
adbm_66_40,ADBM,4.572307180593873,Equilibrium,FALSE
niche_66_40,Niche,3.1034794140582695,Equilibrium,FALSE
cascade_66_40,Cascade,2.9988836640761476,Equilibrium,FALSE
maxent_66_40,MaxEnt,3.880771923467503,Equilibrium,FALSE
ltm_67_40,LTM,5.898852951847733,Equilibrium,FALSE
atn_67_40,ATN,3.1817395063040577,Equilibrium,FALSE
adbm_67_40,ADBM,2.0575174126638807,Equilibrium,FALSE
niche_67_40,Niche,2.729870513849796,Equilibrium,FALSE
cascade_67_40,Cascade,3.120683704074429,Equilibrium,FALSE
maxent_67_40,MaxEnt,2.234947534193559,Equilibrium,FALSE
ltm_68_40,LTM,7.948756079320435,Equilibrium,FALSE
atn_68_40,ATN,3.570979104375337,Equilibrium,FALSE
adbm_68_40,ADBM,4.856793734895232,Equilibrium,FALSE
niche_68_40,Niche,4.05002344720424,Equilibrium,FALSE
cascade_68_40,Cascade,4.355242818699408,Equilibrium,FALSE
ltm_69_40,LTM,2.414031030623565,Equilibrium,FALSE
atn_69_40,ATN,4.325191821969198,Equilibrium,FALSE
adbm_69_40,ADBM,2.240826020507643,Equilibrium,FALSE
niche_69_40,Niche,3.0006925087716527,Equilibrium,FALSE
cascade_69_40,Cascade,3.170563959383922,Equilibrium,FALSE
random_69_40,Random,5.395430154310155,Equilibrium,FALSE
maxent_69_40,MaxEnt,3.8333159570885567,Equilibrium,FALSE
ltm_70_40,LTM,5.1636863796376025,Equilibrium,FALSE
atn_70_40,ATN,2.990194523347284,Equilibrium,FALSE
niche_70_40,Niche,2.171510005062181,Equilibrium,FALSE
cascade_70_40,Cascade,3.1603953089754473,Equilibrium,FALSE
maxent_70_40,MaxEnt,3.2048108033106564,Equilibrium,FALSE
atn_71_40,ATN,3.2946438071965987,Equilibrium,FALSE
adbm_71_40,ADBM,5.0644520831347934,Equilibrium,FALSE
niche_71_40,Niche,5.635902853971453,Equilibrium,FALSE
cascade_71_40,Cascade,6.545887360730814,Equilibrium,FALSE
maxent_71_40,MaxEnt,5.537782148405382,Equilibrium,FALSE
atn_72_40,ATN,3.338605300801623,Equilibrium,FALSE
adbm_72_40,ADBM,3.130774297290915,Equilibrium,FALSE
niche_72_40,Niche,2.5516477630488694,Equilibrium,FALSE
cascade_72_40,Cascade,3.155137415971288,Equilibrium,FALSE
maxent_72_40,MaxEnt,2.8264998705555264,Equilibrium,FALSE
ltm_73_40,LTM,5.8625795793277495,Equilibrium,FALSE
atn_73_40,ATN,3.866568033110244,Equilibrium,FALSE
niche_73_40,Niche,2.4602635925052545,Equilibrium,FALSE
cascade_73_40,Cascade,3.236057530044408,Equilibrium,FALSE
maxent_73_40,MaxEnt,3.679910501082827,Equilibrium,FALSE
ltm_74_40,LTM,2.02861610616342,Equilibrium,FALSE
atn_74_40,ATN,2.5781020080634773,Equilibrium,FALSE
adbm_74_40,ADBM,3.985686207983932,Equilibrium,FALSE
niche_74_40,Niche,5.872820928321456,Equilibrium,FALSE
cascade_74_40,Cascade,7.4631916764071,Equilibrium,FALSE
maxent_74_40,MaxEnt,6.681858669341075,Equilibrium,FALSE
atn_75_40,ATN,2.6337593873928533,Equilibrium,FALSE
adbm_75_40,ADBM,3.6768518117063698,Equilibrium,FALSE
niche_75_40,Niche,3.25126654307668,Equilibrium,FALSE
cascade_75_40,Cascade,3.100834255744358,Equilibrium,FALSE
random_75_40,Random,4.639059923579676,Equilibrium,FALSE
maxent_75_40,MaxEnt,4.103450167362589,Equilibrium,FALSE
atn_76_40,ATN,4.276383648076717,Equilibrium,FALSE
adbm_76_40,ADBM,1.904632453328406,Equilibrium,FALSE
niche_76_40,Niche,6.698358511127447,Equilibrium,FALSE
cascade_76_40,Cascade,6.206649408361343,Equilibrium,FALSE
maxent_76_40,MaxEnt,6.163044933448262,Equilibrium,FALSE
atn_77_40,ATN,3.911751180584706,Equilibrium,FALSE
adbm_77_40,ADBM,3.357988086577939,Equilibrium,FALSE
niche_77_40,Niche,5.253359367929209,Equilibrium,FALSE
cascade_77_40,Cascade,6.587073762086378,Equilibrium,FALSE
maxent_77_40,MaxEnt,6.349866627707408,Equilibrium,FALSE
ltm_78_40,LTM,7.57009114269372,Equilibrium,FALSE
atn_78_40,ATN,2.9298752887995043,Equilibrium,FALSE
adbm_78_40,ADBM,4.288384989783892,Equilibrium,FALSE
niche_78_40,Niche,8.444207995816075,Equilibrium,FALSE
cascade_78_40,Cascade,10.048044512445331,Equilibrium,FALSE
atn_79_40,ATN,3.6070739504217015,Equilibrium,FALSE
adbm_79_40,ADBM,5.133912006689653,Equilibrium,FALSE
niche_79_40,Niche,4.7318854662520025,Equilibrium,FALSE
cascade_79_40,Cascade,4.052245745290916,Equilibrium,FALSE
maxent_79_40,MaxEnt,5.555465220483611,Equilibrium,FALSE
ltm_80_40,LTM,4.299507767420674,Equilibrium,FALSE
atn_80_40,ATN,2.803919862705099,Equilibrium,FALSE
adbm_80_40,ADBM,1.8114993247376368,Equilibrium,FALSE
niche_80_40,Niche,1.9683471367616372,Equilibrium,FALSE
cascade_80_40,Cascade,4.777505794105384,Equilibrium,FALSE
maxent_80_40,MaxEnt,4.642453151653826,Equilibrium,FALSE
atn_81_40,ATN,3.863191340830484,Equilibrium,FALSE
adbm_81_40,ADBM,3.6935995828583215,Equilibrium,FALSE
niche_81_40,Niche,3.044184997565242,Equilibrium,FALSE
cascade_81_40,Cascade,3.6832542280160183,Equilibrium,FALSE
adbm_82_40,ADBM,4.381122733881938,Equilibrium,FALSE
niche_82_40,Niche,2.9952218067791083,Equilibrium,FALSE
cascade_82_40,Cascade,3.2741469406768187,Equilibrium,FALSE
maxent_82_40,MaxEnt,4.493513499170042,Equilibrium,FALSE
atn_83_40,ATN,3.780851434669246,Equilibrium,FALSE
niche_83_40,Niche,2.9214632223485393,Equilibrium,FALSE
cascade_83_40,Cascade,3.513754102443646,Equilibrium,FALSE
maxent_83_40,MaxEnt,3.5119662515710037,Equilibrium,FALSE
atn_84_40,ATN,3.1050195496793713,Equilibrium,FALSE
adbm_84_40,ADBM,2.2838397973553732,Equilibrium,FALSE
niche_84_40,Niche,6.257650733417498,Equilibrium,FALSE
cascade_84_40,Cascade,5.79326276258295,Equilibrium,FALSE
maxent_84_40,MaxEnt,5.848917982458658,Equilibrium,FALSE
atn_85_40,ATN,5.803274486687443,Equilibrium,FALSE
adbm_85_40,ADBM,2.5136529192609456,Equilibrium,FALSE
niche_85_40,Niche,5.047625148069292,Equilibrium,FALSE
cascade_85_40,Cascade,5.280055978997764,Equilibrium,FALSE
maxent_85_40,MaxEnt,5.129648189564596,Equilibrium,FALSE
atn_86_40,ATN,4.563981016592443,Equilibrium,FALSE
adbm_86_40,ADBM,2.350862304514754,Equilibrium,FALSE
niche_86_40,Niche,3.373430532744608,Equilibrium,FALSE
cascade_86_40,Cascade,3.047538622739112,Equilibrium,FALSE
maxent_86_40,MaxEnt,2.078140075473777,Equilibrium,FALSE
ltm_87_40,LTM,6.55673442819106,Equilibrium,FALSE
atn_87_40,ATN,2.2872646204189437,Equilibrium,FALSE
adbm_87_40,ADBM,2.2245879798391397,Equilibrium,FALSE
niche_87_40,Niche,2.184392025143864,Equilibrium,FALSE
cascade_87_40,Cascade,3.0330819627038768,Equilibrium,FALSE
maxent_87_40,MaxEnt,3.3338270852806877,Equilibrium,FALSE
ltm_88_40,LTM,5.2343644642188725,Equilibrium,FALSE
atn_88_40,ATN,3.65020059525942,Equilibrium,FALSE
adbm_88_40,ADBM,3.0319836362179924,Equilibrium,FALSE
niche_88_40,Niche,8.640007826524265,Equilibrium,FALSE
cascade_88_40,Cascade,8.965015797022852,Equilibrium,FALSE
maxent_88_40,MaxEnt,6.801613872159469,Equilibrium,FALSE
ltm_89_40,LTM,3.5317668617510054,Equilibrium,FALSE
atn_89_40,ATN,4.231173720050919,Equilibrium,FALSE
adbm_89_40,ADBM,5.182948389136005,Equilibrium,FALSE
niche_89_40,Niche,5.189163268188348,Equilibrium,FALSE
cascade_89_40,Cascade,3.7554546138105365,Equilibrium,FALSE
ltm_90_40,LTM,3.709471937523877,Equilibrium,FALSE
atn_90_40,ATN,3.3863565413163434,Equilibrium,FALSE
adbm_90_40,ADBM,3.584618233047066,Equilibrium,FALSE
niche_90_40,Niche,8.403567385993947,Equilibrium,FALSE
cascade_90_40,Cascade,8.689320628123324,Equilibrium,FALSE
atn_91_40,ATN,1.6395105117455258,Equilibrium,FALSE
adbm_91_40,ADBM,1.9380593665499968,Equilibrium,FALSE
niche_91_40,Niche,2.941299539557178,Equilibrium,FALSE
cascade_91_40,Cascade,5.051550655665496,Equilibrium,FALSE
maxent_91_40,MaxEnt,4.604363727488364,Equilibrium,FALSE
ltm_92_40,LTM,2.7029574859370147,Equilibrium,FALSE
atn_92_40,ATN,3.835891147447666,Equilibrium,FALSE
niche_92_40,Niche,8.271261497378685,Equilibrium,FALSE
cascade_92_40,Cascade,8.634054405086939,Equilibrium,FALSE
atn_93_40,ATN,4.316948455446726,Equilibrium,FALSE
adbm_93_40,ADBM,4.189965818933188,Equilibrium,FALSE
niche_93_40,Niche,5.3544372947577425,Equilibrium,FALSE
cascade_93_40,Cascade,4.763138606219676,Equilibrium,FALSE
maxent_93_40,MaxEnt,4.710081792141201,Equilibrium,FALSE
ltm_94_40,LTM,2.3991678857067895,Equilibrium,FALSE
atn_94_40,ATN,4.578574971239325,Equilibrium,FALSE
adbm_94_40,ADBM,8.015357199851897,Equilibrium,FALSE
niche_94_40,Niche,3.30414529678075,Equilibrium,FALSE
cascade_94_40,Cascade,2.9965359431429395,Equilibrium,FALSE
maxent_94_40,MaxEnt,2.3958365529643038,Equilibrium,FALSE
ltm_95_40,LTM,2.556296504432698,Equilibrium,FALSE
atn_95_40,ATN,3.324787707930106,Equilibrium,FALSE
adbm_95_40,ADBM,2.1199850614583373,Equilibrium,FALSE
niche_95_40,Niche,6.2684899391079245,Equilibrium,FALSE
cascade_95_40,Cascade,7.79190498795734,Equilibrium,FALSE
ltm_96_40,LTM,6.2585241244664696,Equilibrium,FALSE
atn_96_40,ATN,2.129442034409194,Equilibrium,FALSE
adbm_96_40,ADBM,2.5868446737622715,Equilibrium,FALSE
niche_96_40,Niche,5.648174482635217,Equilibrium,FALSE
cascade_96_40,Cascade,7.34697775851504,Equilibrium,FALSE
ltm_97_40,LTM,1.8497216130033831,Equilibrium,FALSE
atn_97_40,ATN,2.901013186223294,Equilibrium,FALSE
adbm_97_40,ADBM,2.489356416785593,Equilibrium,FALSE
niche_97_40,Niche,2.415448529693223,Equilibrium,FALSE
cascade_97_40,Cascade,3.3747008814605772,Equilibrium,FALSE
maxent_97_40,MaxEnt,2.830924201812148,Equilibrium,FALSE
ltm_98_40,LTM,3.8920692890502027,Equilibrium,FALSE
atn_98_40,ATN,3.866015433506655,Equilibrium,FALSE
adbm_98_40,ADBM,2.361738366458663,Equilibrium,FALSE
niche_98_40,Niche,2.502429904826727,Equilibrium,FALSE
cascade_98_40,Cascade,5.0223790820751,Equilibrium,FALSE
maxent_98_40,MaxEnt,6.249109656951206,Equilibrium,FALSE
ltm_99_40,LTM,2.2394646517167422,Equilibrium,FALSE
atn_99_40,ATN,4.141611084399272,Equilibrium,FALSE
adbm_99_40,ADBM,2.3802620886565506,Equilibrium,FALSE
niche_99_40,Niche,5.184807816172869,Equilibrium,FALSE
cascade_99_40,Cascade,8.327455279022628,Equilibrium,FALSE
ltm_100_40,LTM,5.221472945227082,Equilibrium,FALSE
atn_100_40,ATN,3.312640519402829,Equilibrium,FALSE
adbm_100_40,ADBM,2.068061003978423,Equilibrium,FALSE
niche_100_40,Niche,10.974245599289544,Equilibrium,FALSE
cascade_100_40,Cascade,10.08718180925839,Equilibrium,FALSE
atn_3_10,ATN,6.870462303613782,non-equilibrium,TRUE
adbm_3_10,ADBM,3.824154606193727,non-equilibrium,TRUE
ltm_5_10,LTM,2.284460207828494,collapsed,TRUE
ltm_9_10,LTM,3.813744920287062,collapsed,TRUE
maxent_10_10,MaxEnt,2.7408790150445865,collapsed,TRUE
maxent_11_10,MaxEnt,3.2657205219056156,collapsed,TRUE
maxent_15_10,MaxEnt,3.6284066779483704,collapsed,TRUE
adbm_17_10,ADBM,2.5992431471213338,non-equilibrium,TRUE
ltm_21_10,LTM,3.3823016700837822,collapsed,TRUE
atn_26_10,ATN,3.166682450803895,collapsed,TRUE
adbm_27_10,ADBM,2.456752501341639,collapsed,TRUE
maxent_29_10,MaxEnt,2.98313623260121,collapsed,TRUE
atn_31_10,ATN,2.9412986546252116,collapsed,TRUE
random_33_10,Random,2.157954571057364,collapsed,TRUE
ltm_34_10,LTM,3.5780731567495487,collapsed,TRUE
ltm_35_10,LTM,2.0635161245630127,collapsed,TRUE
atn_38_10,ATN,4.405192374509781,collapsed,TRUE
adbm_38_10,ADBM,2.542301526391964,collapsed,TRUE
random_39_10,Random,2.452769070798049,collapsed,TRUE
maxent_40_10,MaxEnt,3.148465720395617,collapsed,TRUE
atn_42_10,ATN,6.070998158034313,non-equilibrium,TRUE
adbm_42_10,ADBM,4.78080859262772,non-equilibrium,TRUE
ltm_45_10,LTM,3.7706694881418326,non-equilibrium,TRUE
random_45_10,Random,1.0108213990966286,collapsed,TRUE
ltm_46_10,LTM,5.26810490565102,non-equilibrium,TRUE
ltm_47_10,LTM,4.017079360720889,non-equilibrium,TRUE
atn_50_10,ATN,4.887023052560211,collapsed,TRUE
adbm_52_10,ADBM,3.5848141632107913,collapsed,TRUE
adbm_55_10,ADBM,3.151401925107165,collapsed,TRUE
adbm_56_10,ADBM,2.9502201827055083,collapsed,TRUE
maxent_61_10,MaxEnt,3.3396113706711446,collapsed,TRUE
atn_63_10,ATN,5.004320644172885,collapsed,TRUE
adbm_63_10,ADBM,2.9657342641943254,collapsed,TRUE
random_66_10,Random,1.5924787819564894,collapsed,TRUE
random_69_10,Random,2.296571926745251,collapsed,TRUE
atn_70_10,ATN,2.8900150873814483,collapsed,TRUE
adbm_70_10,ADBM,3.0906355514495156,collapsed,TRUE
ltm_71_10,LTM,4.757640167370836,non-equilibrium,TRUE
maxent_72_10,MaxEnt,3.682369839369306,collapsed,TRUE
ltm_74_10,LTM,2.4311719780478387,collapsed,TRUE
atn_78_10,ATN,3.250645039558311,collapsed,TRUE
adbm_78_10,ADBM,4.249440795789302,collapsed,TRUE
adbm_83_10,ADBM,2.6797211634067497,collapsed,TRUE
random_84_10,Random,1.6951726962064508,collapsed,TRUE
adbm_85_10,ADBM,3.4854702917690186,collapsed,TRUE
random_85_10,Random,1.3110167805157371,collapsed,TRUE
maxent_85_10,MaxEnt,3.2141529006105927,collapsed,TRUE
random_87_10,Random,2.140207154492383,collapsed,TRUE
ltm_89_10,LTM,3.263574634290431,collapsed,TRUE
adbm_89_10,ADBM,2.2441767576305263,collapsed,TRUE
random_89_10,Random,1.4466610645113618,collapsed,TRUE
adbm_93_10,ADBM,2.4840891221704884,collapsed,TRUE
random_94_10,Random,1.0552829728761963,collapsed,TRUE
maxent_2_20,MaxEnt,2.314583588844207,collapsed,TRUE
maxent_4_20,MaxEnt,2.6258153304783236,collapsed,TRUE
maxent_5_20,MaxEnt,2.237236683960086,non-equilibrium,TRUE
adbm_9_20,ADBM,1.1624329258215924,non-equilibrium,TRUE
adbm_10_20,ADBM,1.1058914909881166,non-equilibrium,TRUE
atn_12_20,ATN,1.312165426515354,non-equilibrium,TRUE
adbm_12_20,ADBM,1.544991350948655,non-equilibrium,TRUE
atn_14_20,ATN,1.9299480995989293,non-equilibrium,TRUE
adbm_14_20,ADBM,3.146515124481761,non-equilibrium,TRUE
adbm_15_20,ADBM,1.0012305751903363,collapsed,TRUE
random_16_20,Random,3.24611952069887,collapsed,TRUE
maxent_22_20,MaxEnt,1.0091011025511305,collapsed,TRUE
adbm_35_20,ADBM,3.5427477514488004,collapsed,TRUE
adbm_36_20,ADBM,1.247838042450076,non-equilibrium,TRUE
adbm_37_20,ADBM,1.2497555356576189,collapsed,TRUE
atn_38_20,ATN,1.5922437282353057,collapsed,TRUE
adbm_38_20,ADBM,1.647610631754825,non-equilibrium,TRUE
ltm_42_20,LTM,3.3346796830717462,non-equilibrium,TRUE
ltm_49_20,LTM,3.2601024025586987,collapsed,TRUE
adbm_51_20,ADBM,1.785820639157415,non-equilibrium,TRUE
random_51_20,Random,2.8934552934705904,collapsed,TRUE
atn_57_20,ATN,1.0675591654987346,collapsed,TRUE
adbm_69_20,ADBM,1.5152456331472863,collapsed,TRUE
maxent_73_20,MaxEnt,2.707074074203836,collapsed,TRUE
maxent_75_20,MaxEnt,2.333259468622789,collapsed,TRUE
maxent_76_20,MaxEnt,2.200372197313284,collapsed,TRUE
adbm_79_20,ADBM,1.8786708005750414,collapsed,TRUE
adbm_80_20,ADBM,2.7274251313634883,collapsed,TRUE
atn_82_20,ATN,2.6956794430114095,collapsed,TRUE
ltm_84_20,LTM,1.739951289509787,non-equilibrium,TRUE
ltm_89_20,LTM,2.9590311292440514,collapsed,TRUE
atn_100_20,ATN,1.6048101783682653,non-equilibrium,TRUE
maxent_1_40,MaxEnt,5.775480890896679,non-equilibrium,TRUE
random_4_40,Random,5.670729720359196,non-equilibrium,TRUE
maxent_5_40,MaxEnt,6.224268574276916,non-equilibrium,TRUE
adbm_10_40,ADBM,2.364261458363923,non-equilibrium,TRUE
maxent_10_40,MaxEnt,6.821629290932853,non-equilibrium,TRUE
random_12_40,Random,4.651524473944864,non-equilibrium,TRUE
maxent_15_40,MaxEnt,5.935014815470329,non-equilibrium,TRUE
maxent_21_40,MaxEnt,6.118380621227258,non-equilibrium,TRUE
maxent_22_40,MaxEnt,7.632210329357279,non-equilibrium,TRUE
maxent_23_40,MaxEnt,8.201314442118848,non-equilibrium,TRUE
maxent_24_40,MaxEnt,3.3830192499546303,non-equilibrium,TRUE
maxent_25_40,MaxEnt,8.919880131903408,non-equilibrium,TRUE
adbm_26_40,ADBM,4.9373457366182025,non-equilibrium,TRUE
maxent_28_40,MaxEnt,4.919446710913043,collapsed,TRUE
adbm_29_40,ADBM,3.1011399368898505,non-equilibrium,TRUE
random_29_40,Random,5.12972190688462,non-equilibrium,TRUE
adbm_31_40,ADBM,2.1062466372295647,non-equilibrium,TRUE
maxent_31_40,MaxEnt,8.044322056416249,non-equilibrium,TRUE
adbm_32_40,ADBM,1.7567739772153015,non-equilibrium,TRUE
maxent_33_40,MaxEnt,6.206906372005485,non-equilibrium,TRUE
adbm_35_40,ADBM,3.1182578329901833,non-equilibrium,TRUE
maxent_36_40,MaxEnt,6.181367423345171,non-equilibrium,TRUE
adbm_41_40,ADBM,2.4539875062512793,non-equilibrium,TRUE
maxent_46_40,MaxEnt,5.725318602408893,non-equilibrium,TRUE
maxent_49_40,MaxEnt,5.619912049448386,non-equilibrium,TRUE
adbm_51_40,ADBM,1.644165074591397,non-equilibrium,TRUE
random_52_40,Random,5.871027533140348,non-equilibrium,TRUE
maxent_58_40,MaxEnt,3.2239126881473568,collapsed,TRUE
adbm_60_40,ADBM,2.1114987381362207,non-equilibrium,TRUE
atn_62_40,ATN,3.75072607930651,non-equilibrium,TRUE
adbm_62_40,ADBM,3.5988721903959546,non-equilibrium,TRUE
random_62_40,Random,4.641814722389971,non-equilibrium,TRUE
adbm_70_40,ADBM,4.254490103135556,non-equilibrium,TRUE
adbm_73_40,ADBM,5.35739932458543,non-equilibrium,TRUE
maxent_78_40,MaxEnt,7.855021340041102,non-equilibrium,TRUE
maxent_81_40,MaxEnt,4.1593580993747485,collapsed,TRUE
atn_82_40,ATN,4.241535627933899,collapsed,TRUE
adbm_83_40,ADBM,3.388299742568645,non-equilibrium,TRUE
random_86_40,Random,5.393621803050296,non-equilibrium,TRUE
maxent_89_40,MaxEnt,4.574089059843868,non-equilibrium,TRUE
maxent_90_40,MaxEnt,5.683442165736665,non-equilibrium,TRUE
adbm_92_40,ADBM,2.116275824366627,non-equilibrium,TRUE
maxent_92_40,MaxEnt,8.583350772020053,non-equilibrium,TRUE
random_94_40,Random,5.200398300715929,non-equilibrium,TRUE
maxent_96_40,MaxEnt,6.417076781786182,non-equilibrium,TRUE
random_97_40,Random,5.1944836035059065,non-equilibrium,TRUE
maxent_99_40,MaxEnt,7.659112624240968,non-equilibrium,TRUE
